source_file,source_page,raw_page_text
Evercore PFG - Benelux Private Equity Market Map H1 2026.pdf,1,"Private Funds Group
Benelux Private Equity Market Map
H1 2026
"
Evercore PFG - Benelux Private Equity Market Map H1 2026.pdf,2,"Disclaimer
1
This presentation (the ""Presentation"") is being furnished on a confidential basis for informational and discussion purposes only and does not constitute an 
offer to sell or a solicitation of an offer to purchase any security. Any such offer or solicitation with respect to any security or fund discussed herein shall be 
made only pursuant to a confidential private placement memorandum relating to such security or fund, which describes risks related to an investment in such 
security or fund as well as other important information about such security or fund and its sponsor. The information set forth herein does not purport to be 
complete and is subject to change. This Presentation is qualified in its entirety by all of the information set forth in any such memorandum, including without 
limitation all of the cautionary statements set forth in the front of a memorandum and the ""Risk Factors and Conflicts of Interest"" section of any such 
memorandum. Any such memorandum must be read carefully in its entirety prior to making an investment. This Presentation does not constitute a part of any 
memorandum of any fund. 
The information contained herein must be treated in a confidential manner and may not be reproduced, used or disclosed, in whole or in part, without the prior 
written consent of Evercore Group L.L.C. (“Evercore”). Disclosure to persons other than the recipient and its representatives is strictly prohibited. Past 
performance is not necessarily indicative of future results, and nothing herein is, or shall be relied on as, a promise or representation of future performance. 
There can be no assurance that any fund will achieve comparable results, that targeted returns, diversification or asset allocations will be met or that any fund 
will be able to implement its investment strategy and investment approach or achieve its investment objective. Actual returns on unrealized investments will 
depend on, among other factors, future operating results, the value of the assets and market conditions at the time of disposition, legal and contractual 
restrictions on transfer that may limit liquidity, any related transaction costs and the timing and manner of sale, all of which may differ from the assumptions 
and circumstances on which the valuations used in the prior performance data contained herein are based. Accordingly, the actual realized returns on 
unrealized investments may differ materially from the returns indicated herein. 
Statements contained in this Presentation that are not historical facts are based on current expectations, estimates, projections, opinions, and beliefs of the 
general partner of the Fund. Such statements involve known and unknown risks, uncertainties and other factors, and undue reliance should not be placed 
thereon. In addition, this Presentation contains ""forward-looking statements."" Actual events or results or the actual performance may differ materially from 
those reflected or contemplated in such forward-looking statements. 
Certain economic and market information contained herein has been obtained from published sources prepared by third parties and in certain cases has not 
been updated through the date hereof. While such sources are believed to be reliable, none of Evercore nor any of its affiliates have made any representation 
or warranty, express or implied, with respect to the fairness, correctness, accuracy, reasonableness or completeness of any of the information contained 
herein (including but not limited to information obtained from third parties unrelated to Evercore), and they expressly disclaim any responsibility or liability 
therefore. None of Evercore nor any of its affiliates have any responsibility to update any of the information provided in this summary document. 
THIS SUMMARY IS NOT INTENDED TO CONSTITUTE LEGAL, TAX, OR ACCOUNTING ADVICE OR INVESTMENT RECOMMENDATIONS. 
PROSPECTIVE INVESTORS SHOULD CONSULT THEIR OWN ADVISORS ABOUT SUCH MATTERS.
The products mentioned in this document may not be eligible for sale in some states or countries, nor suitable for all types of investors; their value and the 
income they produce may fluctuate and/or be adversely affected by exchange rates, interest rates, commodity prices or other factors. One or more directors, 
officers, and/or employees of Evercore or its affiliated companies may be a director of the issuer of the securities mentioned in this document. 
"
Evercore PFG - Benelux Private Equity Market Map H1 2026.pdf,3,"2
Fund Size
€200m
€400m
€100m
€1,000m
€300m
€500m
Based on Preqin and Evercore PFG market intelligence.
Includes Benelux private equity funds with vintages from 2021 to 2023.
1 Delta Equity Partners Technology & Health Fund
2 Value Enhancement Partners Special Situations IV 
All fund sizes are in millions.
* Denotes target fund size.
** Denotes prior vintage/fund size.
Benelux Private Equity Market Map
Fortino
Capital Growth
PE II
(€377)
Freshstream II
(€762)
Synergia
Capital
Fund VI
(€200)
Lexar
Partners
Fund I
(€55)
IceLake
Capital
Fund II
(€350)
Sofindev VI
(€250)
Mentha
Capital VII
(€264)
Torqx
Capital
Partners II
(€230)
Delta
Technology &
Health
Fund
(€75)1
Quadrum
Investment
Fund IV
(€425)
Forbion
Growth
Opportunities
Fund II
(€616)
Value
Enhancement
Special
Situations IV
(€140)2
Capital A 
Investment 
Partners 
Fund IX 
(€350)
Gilde
Healthcare VI
(€740)
Parcom
Fund VII
(€960)
Rivean 
Buyout 
Fund VII
(€1,580)
Alpha
Private Equity
Fund 8
(€1,500)
Strada
Partners
Fund I
(€200)
2022
2023
2021
"
Evercore PFG - Benelux Private Equity Market Map H1 2026.pdf,4,"3
Fund Size
€200m
€400m
€100m
€1,000m
€300m
€500m
Based on Preqin and Evercore PFG market intelligence.
Includes Benelux private equity funds with vintages from 2024 to Potentially returning to market.
1 Vortex Capital Partners Buyout Fund IV
2 Value Enhancement Partners Special Situations V
All fund sizes are in millions.
* Denotes target fund size.
** Denotes prior vintage/fund size.
Benelux Private Equity Market Map (Cont’d)
Main
Foundation II 
(€507)
Holland 
Capital
Growth and
Buyout V
(€225)
M80 
Capital 
Fund II 
(€250*)
Vendis 
Capital IV 
(€525)
Lexar
Partners
Fund II
(€120m*)
Vortex
Capital
Buyout
Fund IV
(€145)1
NewPort
Buyout
Fund III
(€175*)
H2 Equity
Partners
Fund VII
(€250)
365 Capital
Fund II
(€255)
IceLake
Capital 
Fund III
(€700)
Strada
Partners
Fund II
(€300*)
Nyver
Fund I
(€335)
GEM
Benelux VI
(€600)
2026
2025
Fortino
Capital
Growth PE III
(€700)
Bencis
Buyout
Fund VII
(€625)
Torqx 
Capital 
Partners III 
(€230**)
Bolster
Investments III
Cooperatief U.A.
(€300-350*)
Sofindev VII
(€250**)
Quadrum
Investment
Fund V
(€500-600*)
Mentha 
Capital VIII 
(€264**)
IceLake 
Capital
Fund IV 
(€700**)
Gilde
Healthcare
Private
Equity V
(€750*)
Avedon V 
(€612**)
Nobel
Capital
Partners
Fund III
(€100m*)
Foreman
Capital
Fund III
(€250m*)
DTE Capital
Partners
Fund I
(€300m*)
Nordian
Fund IV
(€350-400m*)
Main
Capital IX &
Foundation III
(€4,500*)
Forbion
Growth
Opportunities
Fund III
(€1,200)
Egeria
Private Equity
Fund VI 
(€1,250)
Main 
Capital VIII 
(€1,933)
2024
Potentially 
returning to market 
Capital A 
Investment 
Partners 
Fund X 
(€350**)
Intersaction
Fund IV
(€150*)
Standard 
Investment 
Fund V
(€150)
Value
Enhancement
Special
Situations V
(€230m)2
"
Evercore PFG - Benelux Private Equity Market Map H1 2026.pdf,5,"4
Benelux Private Equity Fundraise Timeline
Closed funds
Final closing/anticipated final closing date
GPs in the market with their latest fund
GPs expected to launch during this period
* Denotes target fund size.
** Denotes prior vintage/fund size.
All fund sizes are in millions.
Source: Preqin, news releases, PFG market intelligence.
Fund Manager
Fund
Vintage
Fund Size (m)
Fund Manager 
HQ
Pre-
2024 H1
2024
2025
2026
Post-H2
2026
H1
H2
H1
H2
H1
H2
Lexar Partners
Lexar Partners Fund I
2022
€55
Laren
DELTA Equity Partners
Delta Equity Partners Technology & Health Fund
2022
€75
Amsterdam
Torqx Capital Partners
Torqx Capital Partners II
2022
€230
Bussum
Sofindev
Sofindev VI
2022
€250
Diegem
Mentha Capital
Mentha Capital VII
2022
€264
Amsterdam
Freshstream Investment Partners
Freshstream II
2021
€762
London
Synergia Capital Partners
Synergia Capital Fund VI
2022
€200
Veenendaal
Forbion
Forbion Growth Opportunities Fund II
2022
€616
Naarden
IceLake Capital
IceLake Capital Fund II
2022
€350
Amsterdam
Fortino Capital
Fortino Capital Growth PE II
2021
€377
Antwerp
VE Partners
Value Enhancement Partners Special Situations IV
2023
€140
Amsterdam
Capital A
Capital A Investment Partners Fund IX
2023
€350
Amsterdam
Gilde Healthcare Partners
Gilde Healthcare VI
2023
€740
Utrecht
Parcom
Parcom Fund VII
2023
€960
Amsterdam
Quadrum Capital
Quadrum Investment Fund IV
2022
€425
Almelo/Woerden
Strada Partners
Strada Partners Fund I
2023
€200
Antwerp
Holland Capital
Holland Capital Growth and Buyout V
2024
€225
Amsterdam
Main Capital Partners
Main Foundation II
2024
€507
The Hague
Main Capital Partners
Main Capital VIII
2024
€1,933
The Hague
Vortex Capital Partners
Vortex Capital Partners Buyout Fund IV
2024
€145
Amsterdam
Alpha Group
Alpha Private Equity Fund 8
2023
€1,500
Luxembourg
Vendis Capital
Vendis Capital IV
2024
€525
Brussels
Forbion
Forbion Growth Opportunities Fund III
2024
€1,200
Naarden
Rivean Capital
Rivean Buyout Fund VII
2023
€1,580
Amsterdam
H2 Equity Partners
H2 Equity Partners Fund VII
2024
€250
Amsterdam
IceLake Capital
IceLake Capital Fund III
2024
€700
Amsterdam
Egeria
Egeria Private Equity Fund VI
2024
€1,250
Amsterdam
Gilde Equity Management Benelux
GEM Benelux VI
2025
€600
Houten
365 Capital
365 Capital Fund II
2024
€255
Amsterdam
VE Partners
Value Enhancement Partners Special Situations V
2025
€230
Amsterdam
Nyver
Nyver Fund I
2025
€335
Amsterdam
Bencis Capital Partners
Bencis Buyout Fund VII
2025
€625
Amsterdam
Fortino Capital
Fortino Capital Growth PE III
2025
€700
Antwerp
Standard Investment
Standard Investment Fund V
2025
€150
Amsterdam
Capital A
Capital A Investment Partners Fund X
2025
€350**
Amsterdam
NewPort Capital
NewPort Buyout Fund III
2024
€175*
Amsterdam
M80
M80 Capital Fund II
2024
€250*
Brussels
Lexar Partners
Lexar Partners Fund II
2024
€120*
Laren
Nobel Capital Partners
Nobel Capital Partners Fund III
2025
€100*
Amsterdam
"
Evercore PFG - Benelux Private Equity Market Map H1 2026.pdf,6,"5
Benelux Private Equity Fundraise Timeline (Cont’d)
Closed funds
Final closing/anticipated final closing date
GPs in the market with their latest fund
GPs expected to launch during this period
* Denotes target fund size.
** Denotes prior vintage/fund size.
All fund sizes are in millions.
Source: Preqin, news releases, PFG market intelligence.
Fund Manager
Fund
Vintage
Fund Size (m)
Fund Manager 
HQ
Pre-
2024 H1
2024
2025
2026
Post-H2
2026
H1
H2
H1
H2
H1
H2
Intersaction
Intersaction Fund IV
2025
€150*
Blaricum
Foreman Capital
Foreman Capital Fund III
2025
€250*
Amsterdam
DTE Capital Partners
DTE Capital Partners Fund I
2025
€300*
Amsterdam
Strada Partners
Strada Partners Fund II
2025
€300*
Antwerp
Nordian Capital Partners
Nordian Fund IV
2025
€350-400*
Amsterdam
Gilde Healthcare Partners
Gilde Healthcare Private Equity V
2026
€750*
Utrecht
Sofindev
Sofindev VII
2022**
€250**
Brussels
Main Capital Partners
Main Capital IX & Foundation III
2026
€4,500*
The Hague
Quadrum Capital
Quadrum Investment Fund V
2026
€500-600*
Almelo/Woerden
Bolster Investment Partners
Bolster Investments III Cooperatief U.A.
2021**
€300-350*
Amsterdam
Mentha Capital
Mentha Capital VIII
2022**
€264**
Amsterdam
Torqx Capital Partners
Torqx Capital Partners III
2022**
€230**
Bussum
IceLake Capital
IceLake Capital Fund IV
2024**
€700**
Amsterdam
Avedon Capital Partners
Avedon V
2020**
€612**
Amsterdam
"
Evercore PFG - Benelux Private Equity Market Map H1 2026.pdf,7,"15 STANHOPE GATE
LONDON, W1K 1LN
TEL: +44 (0) 207 653 6000
55 EAST 52 ND STREET
NEW YORK, NY 10055
TEL: +1 (212) 857 3100
FLOOR 14, TWO EXCHANGE 
SQUARE, 8 CONNAUGHT PLACE
HONG KONG
TEL: +852 3983 2600
"
Evercore PFG - DACH Private Equity H1 2026 Market Map.pdf,1,"Private Funds Group
DACH Private Equity Market Map
H1 2026
"
Evercore PFG - DACH Private Equity H1 2026 Market Map.pdf,2,"Disclaimer
1
This presentation (the ""Presentation"") is being furnished on a confidential basis for informational and discussion purposes only and does not constitute an 
offer to sell or a solicitation of an offer to purchase any security. Any such offer or solicitation with respect to any security or fund discussed herein shall be 
made only pursuant to a confidential private placement memorandum relating to such security or fund, which describes risks related to an investment in such 
security or fund as well as other important information about such security or fund and its sponsor. The information set forth herein does not purport to be 
complete and is subject to change. This Presentation is qualified in its entirety by all of the information set forth in any such memorandum, including without 
limitation all of the cautionary statements set forth in the front of a memorandum and the ""Risk Factors and Conflicts of Interest"" section of any such 
memorandum. Any such memorandum must be read carefully in its entirety prior to making an investment. This Presentation does not constitute a part of any 
memorandum of any fund. 
The information contained herein must be treated in a confidential manner and may not be reproduced, used or disclosed, in whole or in part, without the prior 
written consent of Evercore Group L.L.C. (“Evercore”). Disclosure to persons other than the recipient and its representatives is strictly prohibited. Past 
performance is not necessarily indicative of future results, and nothing herein is, or shall be relied on as, a promise or representation of future performance. 
There can be no assurance that any fund will achieve comparable results, that targeted returns, diversification or asset allocations will be met or that any fund 
will be able to implement its investment strategy and investment approach or achieve its investment objective. Actual returns on unrealized investments will 
depend on, among other factors, future operating results, the value of the assets and market conditions at the time of disposition, legal and contractual 
restrictions on transfer that may limit liquidity, any related transaction costs and the timing and manner of sale, all of which may differ from the assumptions 
and circumstances on which the valuations used in the prior performance data contained herein are based. Accordingly, the actual realized returns on 
unrealized investments may differ materially from the returns indicated herein. 
Statements contained in this Presentation that are not historical facts are based on current expectations, estimates, projections, opinions, and beliefs of the 
general partner of the Fund. Such statements involve known and unknown risks, uncertainties and other factors, and undue reliance should not be placed 
thereon. In addition, this Presentation contains ""forward-looking statements."" Actual events or results or the actual performance may differ materially from 
those reflected or contemplated in such forward-looking statements. 
Certain economic and market information contained herein has been obtained from published sources prepared by third parties and in certain cases has not 
been updated through the date hereof. While such sources are believed to be reliable, none of Evercore nor any of its affiliates have made any representation 
or warranty, express or implied, with respect to the fairness, correctness, accuracy, reasonableness or completeness of any of the information contained 
herein (including but not limited to information obtained from third parties unrelated to Evercore), and they expressly disclaim any responsibility or liability 
therefore. None of Evercore nor any of its affiliates have any responsibility to update any of the information provided in this summary document. 
THIS SUMMARY IS NOT INTENDED TO CONSTITUTE LEGAL, TAX, OR ACCOUNTING ADVICE OR INVESTMENT RECOMMENDATIONS. 
PROSPECTIVE INVESTORS SHOULD CONSULT THEIR OWN ADVISORS ABOUT SUCH MATTERS.
The products mentioned in this document may not be eligible for sale in some states or countries, nor suitable for all types of investors; their value and the 
income they produce may fluctuate and/or be adversely affected by exchange rates, interest rates, commodity prices or other factors. One or more directors, 
officers, and/or employees of Evercore or its affiliated companies may be a director of the issuer of the securities mentioned in this document. 
"
Evercore PFG - DACH Private Equity H1 2026 Market Map.pdf,3,"DACH Private Equity Market Map
2
Fund Size
€200m
€400m
€100m
€1,500m
€300m
€500m
Based on Preqin and Evercore PFG market intelligence.
Includes DACH private equity funds with vintages from 2021 to 2024.
1 Bregal Unternehmerkapital IV
2 LEA Mittelstandspartner III
3 Deutsche Mittelstandsholding für Industriebeteiligungen III
All fund sizes are in millions.
* Denotes target fund size.
** Denotes prior vintage/fund size.
PINOVA
Capital Fund 3
(€163)
Constellation VI
(€88)
Maxburg
Beteiligungen IV
(€450)
SHS VI
Healthcare
Investments
(€270)
Maguar 
Capital II 
(€306)
Beyond
Capital
Partners
Fund III 
(€181)
EOS
Fund II
(€300)
BID Equity
Fund III
(€310)
eevolve
Partnership
(€372)
DBAG
Expansion
Capital Fund IV
(€250)
Gyrus
Capital II
(€310)
EMERAM
Private Equity
Fund II
(€200)
Vidia
Climate
Fund I
($415)
Elvaston
Capital
Fund VI
(€825)
EPIC III
(€2,000)
Bregal IV
(€2,650)1
Armira
Growth
Fund I
(€200)
SEVEST
Fund I
(€250*)
GREENPEAK
Fund III
(€300)
Borromin
Capital
Fund V
(€300**)
Endeavour
Medtech
Growth III
(CHF375*)
LEA III
(€565)2
Deutsche
Für III
(€600*)3
GENUI III
(€600*)
2023
 
2022
2021
2024
"
Evercore PFG - DACH Private Equity H1 2026 Market Map.pdf,4,"3
Fund Size
€200m
€400m
€100m
€1,500m
€300m
€500m
Potentially 
returning to market 
DACH Private Equity Market Map (Cont’d)
Based on Preqin and Evercore PFG market intelligence.
Includes DACH private equity funds with vintages in 2025 and those Potentially returning to market 
1 LEA Mittelstandspartner IV
2 Bregal Unternehmerkapital V 
All fund sizes are in millions.
* Denotes target fund size.
** Denotes prior vintage/fund size.
PREMIUM
Mittelstand
Fund III
(€200*)
NC Growth
Fund II
(€145**)
Novum
Capital III
(€150**)
Cadence
Growth
Capital II
(€200*)
2026
Crosslantic
Fund III
(€200**)
Capmont
Mid-Cap II
(€500*)
T2Y Capital
Fund I
(€200*)
Sophora
Unternehmer-
Fonds II
(€150*)
Auctus
Fund VI
(€250**)
KKA LMM
Fund III
(€230**)
Switzerland
Growth II
(CHF250*)
Afinum
Fund X
(€500*)
Ufenau VIII
Asset Light
(€2,100)
MTIP
Fund III
(€220**)
SHS VII
Healthcare
Investments
(€270**)
Evoco
TSE IV
(€162**)
FLEX
Capital III
(€300**)
GREENPEAK
Fund IV
(€300**)
EOS
Fund III
(€300**)
Maguar
Capital III
(€306**)
German
Equity
Partners VI
(€325**)
Vidia Climate
Fund II
($415**)
LEA IV
(€425**)1
Maxburg
Beteiligungen V
(€450**)
Invision VIII
(€550**)
EMH
Growth
Fund III
(€650**)
Elvaston
Capital
Fund VII
(€663**)
Deutsche
Private Equity
Fund V
(€1,000**)
DBAG
Fund IX
(€1,109**)
Bregal V
(€2,650**)2
Gyrus
Capital III
(€310**)
Adiuva
Fund IV
(€300**)
CGS Private
Equity
Partnership V
(CHF240**)
Marondo
Small-Cap
Growth Fund II
(€250m*)
2025
Digital Growth
Fund III
(€500m*)
Beyond
Capital
Partners
Fund IV 
(€181**)
BID Equity IV
(€310**)
"
Evercore PFG - DACH Private Equity H1 2026 Market Map.pdf,5,"4
DACH Private Equity Fundraise Timeline
Closed funds
Final closing/anticipated final closing date
GPs in the market with their latest fund
GPs expected to launch during this period
* Denotes target fund size.
** Denotes prior vintage/fund size.
All fund sizes are in millions.
1 SHS Gesellschaft für Beteiligungsmanagement
2 Deutsche Mittelstandsholding für Industriebeteiligungen III
Source: Preqin, news releases, PFG market intelligence.
Fund Manager
Fund
Vintage
Fund Size (m) Fund Manager 
HQ
Pre-
2023 H2
2023
2024
2025
2026
Post-H2
2026
H2
H1
H2
H1
H2
H1
H2
PINOVA Capital
PINOVA Capital Fund 3
2021
€163
Germany
SHS Gesellschaft1
SHS VI Healthcare Investments
2022
€270
Germany
Gyrus Capital
Gyrus Capital II
2023
€310
Switzerland
EOS Capital Partners
EOS Fund II
2023
€300
Germany
BID Equity
BID Equity Fund III
2023
€310
Germany
CONSTELLATION CAPITAL
Constellation VI
2022
€88
Switzerland
Maguar Capital
Maguar Capital II
2022
€306
Germany
Maxburg Capital Partners
Maxburg Beteiligungen IV
2022
€450
Germany
Vidia Equity
Vidia Climate Fund I
2023
€415
Germany
Beyond Capital Partners
Beyond Capital Partners III
2023
€181
Germany
Eevolve
eevolve Partnership
2023
€372
Switzerland
Elvaston Capital Management
Elvaston Capital Fund VI
2023
€825
Germany
BU Bregal Unternehmerkapital (""BU"")
Bregal Unternehmerkapital IV
2023
€2,650
Switzerland
Armira Partners
Armira Growth Fund I
2024
€200
Germany
LEA Partners
LEA Mittelstandspartner III
2024
€565
Germany
Deutsche Beteiligungs
DBAG Expansion Capital Fund IV
2023
€250
Germany
Castik Capital 
EPIC III
2023
€2,000
Luxembourg
EMERAM Capital Partners
EMERAM Private Equity Fund II
2023
€200
Germany
Ufenau Capital Partners
Ufenau VIII Asset Light
2025
€2,100
Switzerland
GREENPEAK Partners
GREENPEAK Fund III
2024
€300
Germany
SEVEST
SEVEST Fund I
2024
€250*
Germany
Borromin Capital Management
Borromin Capital Fund V
2024
€300**
Germany
Nord Holding
Deutsche Mittelstandsholding2
2024
€600*
Germany
AUCTUS Capital Partners
Auctus Fund VI
2025
€250**
Germany
Endeavour Vision
Endeavour Medtech Growth III
2024
CHF375*
Switzerland
GENUI
GENUI III
2024
€600*
Germany
Swisscanto
Switzerland Growth II
2025
CHF250*
Switzerland
Afinum Management
Afinum Fund X
2025
€500*
Germany
T2Y Capital
T2Y Capital Fund I
2025
€200*
Germany
Capmont
Capmont Mid-Cap II
2025
€500*
Germany
Sophora Unternehmerkapital
Sophora Unternehmer-Fonds II
2025
€150*
Germany
KKA Partners
KKA LMM Fund III
2025
€230**
Germany
Marondo
Marondo Small-Cap Growth Fund II
2026
€250*
Germany
Yttrium
Digital Growth Fund III
2026
€500*
Germany
CGS Management
CGS Private Equity Partnership V
2017**
CHF240**
Switzerland
ECM Equity Capital Management
German Equity Partners VI
2018**
€325**
Germany
Crosslantic Capital
Crosslantic Fund III
2019**
€200**
Germany
Deutsche Beteiligungs
DBAG Fund IX
2019**
€1,109**
Germany
Evoco
Evoco TSE IV
2020**
€162**
Switzerland
"
Evercore PFG - DACH Private Equity H1 2026 Market Map.pdf,6,"5
DACH Private Equity Fundraise Timeline (Cont’d)
Closed funds
Final closing/anticipated final closing date
GPs in the market with their latest fund
GPs expected to launch during this period
* Denotes target fund size.
** Denotes prior vintage/fund size.
All fund sizes are in millions.
1 SHS Gesellschaft für Beteiligungsmanagement
Source: Preqin, news releases, PFG market intelligence.
Fund Manager
Fund
Vintage
Fund Size (m) Fund Manager 
HQ
Pre-
2023 H2
2023
2024
2025
2026
Post-H2
2026
H2
H1
H2
H1
H2
H1
H2
Cadence Growth Capital
Cadence Growth Capital II
2020**
€200*
Germany
PREMIUM Equity Partners
PREMIUM Mittelstand Fund III
2020**
€200*
Germany
EMH Partners
EMH Growth Fund III
2020**
€650**
Germany
Deutsche Private Equity
Deutsche Private Equity Fund V
2020**
€1,000**
Germany
MTIP
MTIP Fund III
2021**
€220**
Switzerland
Nordwind Growth
NC Growth Fund II
2022**
€145**
Germany
SHS Gesellschaft1
SHS VII Healthcare Investments
2022**
€270**
Germany
Maguar Capital
Maguar Capital III
2022**
€306**
Germany
FLEX Capital
FLEX Capital III
2023**
€300**
Germany
Gyrus Capital
Gyrus Capital III
2023**
€310**
Switzerland
GREENPEAK Partners
GREENPEAK Fund IV
2024**
€300**
Germany
Novum Capital
Novum Capital III
2021**
€150**
Germany
Invision
Invision VIII
2023**
€550**
Switzerland
Elvaston Capital Management
Elvaston Capital Fund VII
2023**
€663**
Germany
BU Bregal Unternehmerkapital (""BU"")
Bregal Unternehmerkapital V
2023**
€2,650**
Switzerland
LEA Partners
LEA Mittelstandspartner IV
2024**
€425**
Germany
Adiuva Capital
Adiuva Fund IV
2022**
€300**
Germany
Maxburg Capital Partners
Maxburg Beteiligungen V
2022**
€450**
Germany
Beyond Capital Partners
Beyond Capital Partners IV
2023**
€181**
Germany
EOS Capital Partners
EOS Fund III
2023**
€300**
Germany
BID Equity
BID Equity Fund IV
2023**
€310**
Germany
Vidia Equity
Vidia Climate Fund II
2023**
$415**
Germany
"
Evercore PFG - DACH Private Equity H1 2026 Market Map.pdf,7,"15 STANHOPE GATE
LONDON, W1K 1LN
TEL: +44 (0) 207 653 6000
55 EAST 52 ND STREET
NEW YORK, NY 10055
TEL: +1 (212) 857 3100
FLOOR 14, TWO EXCHANGE 
SQUARE, 8 CONNAUGHT PLACE
HONG KONG
TEL: +852 3983 2600
"
Evercore PFG - Global Renewable Energy - H1 2026.pdf,1,"Private Funds Group
Global Renewable Energy Funds Market Map
H1 2026
"
Evercore PFG - Global Renewable Energy - H1 2026.pdf,2,"Disclaimer
1
This presentation (the ""Presentation"") is being furnished on a confidential basis for informational and discussion purposes only and does not constitute an 
offer to sell or a solicitation of an offer to purchase any security. Any such offer or solicitation with respect to any security or fund discussed herein shall be 
made only pursuant to a confidential private placement memorandum relating to such security or fund, which describes risks related to an investment in such 
security or fund as well as other important information about such security or fund and its sponsor. The information set forth herein does not purport to be 
complete and is subject to change. This Presentation is qualified in its entirety by all of the information set forth in any such memorandum, including without 
limitation all of the cautionary statements set forth in the front of a memorandum and the ""Risk Factors and Conflicts of Interest"" section of any such 
memorandum. Any such memorandum must be read carefully in its entirety prior to making an investment. This Presentation does not constitute a part of any 
memorandum of any fund. 
The information contained herein must be treated in a confidential manner and may not be reproduced, used or disclosed, in whole or in part, without the prior 
written consent of Evercore Group L.L.C. (“Evercore”). Disclosure to persons other than the recipient and its representatives is strictly prohibited. Past 
performance is not necessarily indicative of future results, and nothing herein is, or shall be relied on as, a promise or representation of future performance. 
There can be no assurance that any fund will achieve comparable results, that targeted returns, diversification or asset allocations will be met or that any fund 
will be able to implement its investment strategy and investment approach or achieve its investment objective. Actual returns on unrealized investments will 
depend on, among other factors, future operating results, the value of the assets and market conditions at the time of disposition, legal and contractual 
restrictions on transfer that may limit liquidity, any related transaction costs and the timing and manner of sale, all of which may differ from the assumptions 
and circumstances on which the valuations used in the prior performance data contained herein are based. Accordingly, the actual realized returns on 
unrealized investments may differ materially from the returns indicated herein. 
Statements contained in this Presentation that are not historical facts are based on current expectations, estimates, projections, opinions, and beliefs of the 
general partner of the Fund. Such statements involve known and unknown risks, uncertainties and other factors, and undue reliance should not be placed 
thereon. In addition, this Presentation contains ""forward-looking statements."" Actual events or results or the actual performance may differ materially from 
those reflected or contemplated in such forward-looking statements. 
Certain economic and market information contained herein has been obtained from published sources prepared by third parties and in certain cases has not 
been updated through the date hereof. While such sources are believed to be reliable, none of Evercore nor any of its affiliates have made any representation 
or warranty, express or implied, with respect to the fairness, correctness, accuracy, reasonableness or completeness of any of the information contained 
herein (including but not limited to information obtained from third parties unrelated to Evercore), and they expressly disclaim any responsibility or liability 
therefore. None of Evercore nor any of its affiliates have any responsibility to update any of the information provided in this summary document. 
THIS SUMMARY IS NOT INTENDED TO CONSTITUTE LEGAL, TAX, OR ACCOUNTING ADVICE OR INVESTMENT RECOMMENDATIONS. 
PROSPECTIVE INVESTORS SHOULD CONSULT THEIR OWN ADVISORS ABOUT SUCH MATTERS.
The products mentioned in this document may not be eligible for sale in some states or countries, nor suitable for all types of investors; their value and the 
income they produce may fluctuate and/or be adversely affected by exchange rates, interest rates, commodity prices or other factors. One or more directors, 
officers, and/or employees of Evercore or its affiliated companies may be a director of the issuer of the securities mentioned in this document. 
Cover photo by Arjay Neyra of Lake Louise, Canada 
"
Evercore PFG - Global Renewable Energy - H1 2026.pdf,3,"2
Fund Size
$600m
$1200m
$300m
$6,000m
$900m
$1500m
Green Arrow
 Infrastructure 
of the Future
 Fund
 (€500*)
SWEN Impact
Fund
for Transition 2
(€583)
Charging 
Infrastructure 
Investment 
Fund 
(£422)
InfraVia V 
(€5,000)
2020
2019
2021
Global Renewable Energy Market Map
Everwood 
Photovoltaic 
V 
(€500)
Impax New
Energy
Investors IV
(€459)
T2 North 
America 
($1,500*)
CI Energy 
Transition 
Fund I 
(€3,000)
FLAVEO IV
(€1,380)
Based on Preqin and Evercore PFG market intelligence.
Includes Global Renewable Energy Funds with vintages from 2019 to 2022.
All fund sizes are in millions.
1Capital Dynamics Clean Energy Infrastructure Fund X
* Denotes target fund size.
** Denotes prior vintage/fund size.
B Capital
Infrastructure II
(€500*)
Tikehau
Green
Assets I
(€500*)
NextEnergy
UK I
(£733)
Fontavis
ESG
Renewable
Infrastructure
Fund II
(€750*)
Seraya
Partners
Fund I
($800)
Ara
Infrastructure
Fund I
($800)
Antin
Infrastructure
NextGen Fund I
(€1,200) 
Sandbrook
Climate
Infrastructure
Fund I
($1,500)
EnCap
Energy
Transition
Fund II
($1,500)
Capenergie 5
(€1,800)
Clean Energy
Fund Europe IV
(€2,000)
EIP Energy
Infrastructure III
(€4,000*)
ECP V
($4,400)
Blackstone
Energy
Transition
Partners IV
($5,600)
2022
Quinbrook
Partners II –
Net Zero 
Power Fund
($3,000)
"
Evercore PFG - Global Renewable Energy - H1 2026.pdf,4,"3
Fund Size
Based on Preqin and Evercore PFG market intelligence.
Includes Global Renewable Energy Funds with 2023.
All fund sizes are in millions.
* Denotes target fund size.
** Denotes prior vintage/fund size.
Global Renewable Energy Market Map (Cont’d)
Clean
Energy UK
(£600*)
2023
Low Carbon 
Renewable 
Fund 
(€500*)
Marguerite III
(€700)
Excelsior 
Renewable 
Energy 
Fund II 
($1,000)
Taaleri 
SolarWind 
III 
(€600)
Glentra 
Fund I 
(€565)
NGP Energy
Technology
Partners IV
($700)
CEE 
Renewable 
Fund 8 
(€750*)
$600m
$1200m
$300m
$6,000m
$900m
$1500m
Greenbelt 
Capital 
Partners III 
($1,000)
Prime Green
Energy
Infrastructure
Fund II
(€1,000)
Clean
Energy Europe
(€1,000*)
Greencoat
UK Renewable
Income II Fund
(£1,000**)
InfraGreen V
(€1,200*)
NextPower V
ESG 
($1,500*)
Carlyle
Renewable
and Sustainable
Energy Fund II
($1,600*)
Overland
Capital
Partners
($2,000*)
Equitix
Fund VII
(£1,500*)
Macquarie
Green Energy
Transition
Solutions
($2,400)
LS Power
Equity
Partners V
($2,681)
Ares Climate
Infrastructure
Partners II
($3,000*)
Apollo ACT
Capital Fund
($4,000*)
BlackRock
Global
Renewable
Power Fund IV
($7,000*)
Copenhagen
Infrastructure V
(€12,000)
"
Evercore PFG - Global Renewable Energy - H1 2026.pdf,5,"4
Fund Size
Based on Preqin and Evercore PFG market intelligence.
Includes Global Renewable Energy Funds with vintages from 2024 to 2025.
All fund sizes are in millions.
1 BNP Paribas Low Carbon Transition Infra Equity Fund I
2 Swiss Life Funds (LUX) Global Infrastructure Opportunities II
* Denotes target fund size.
** Denotes prior vintage/fund size.
Global Renewable Energy Market Map (Cont’d)
2025
2024
$600m
$1200m
$300m
$6,000m
$900m
$1500m
KGAL
ESPF 8
(€500*)
Haddington
ESP I
($650*)
True Green
Capital
Fund V
($661**)
Quinbrook
Renewables
Impact Fund II
(£500*)
Aquila
Capital Energy
Transition
Fund I
(€600*)
Value Add
Transition
Infrastructure
Strategy III
(€1,000*)
Pioneer
Infrastructure
Partners II
(€1,100)
Encavis
Infrastructure
Fund V
(€1,200*)
CEE
Renewable
Fund 9
(€1,600)
AIP V
(€3,000*)
Stonepeak
Global
Renewables
Fund II
($5,000*)
Actis
Energy 6
($6,000*)
DIF
Infrastructure
VIII
(€6,000*)
Conquest
Infrastructure
Sustainable 2
(€250*)
Regenerative
Energien 1
(€509)
Sustainable
Australian Real
Assets Fund
(AUD1,000*)
Captona
Renewable
Energy Fund II
($750*)
Climate
Adaptive
Infrastructure
Fund II
($825**)
BNP
Paribas
Carbon
Fund I
(€750*)1
ASR
Dutch Green
Energy Fund I
(€800*)
Arroyo
Energy
Investors
Fund IV
($1,000)
Swiss Life
Infrastructure
Opportunities
Growth II
(€1,000*)2
EIG Energy
Transition
Fund II
(€1,000*)
Storebrand
Infrastructure
Fund II
(€1,000**)
ISQ Growth
Markets Climate
Impact Fund
($1,200)
Neos
Partners II
($1,400)
Foresight
Energy
Infrastructure
Partners II
(€1,250*)
Hull Street
Energy
Partners III
($2,200)
Apollo
Infrastructure
Opportunities
Fund III
($2,400)
Sustainable
Asset Fund IV
($2,400)
ISQ Energy
Transition
Fund
($2,500*)
Mirova
Energy
Transition 6
(€2,200*)
Catalytic
Transition
Fund
($5,000*)
KKR
Global
Climate Fund
($7,000*)
TPG Rise
Climate II
($8,000*)
InfraVia
European
Fund VI
(€7,000*)
Ardian
Infrastructure
Fund VI
(€11,500)
Brookfield
Global
Transition
Fund 2
($20,000)
Quinbrook III
($4,000*)
Octopus
Energy
Offshore Wind
Fund (Vector)
(£3,000*)
CarbonCount
Holdings 1
($2,000)
"
Evercore PFG - Global Renewable Energy - H1 2026.pdf,6,"5
Fund Size
Global Renewable Energy Market Map (Cont’d)
2026
Potentially 
returning to market 
Allianz
 Renewable 
Energy 
 Fund  IV
 ($180**)
NTR 
Renewable
 Energy Income 
Fund III
(€500**)
Renewable 
Energy
 Infrastructure 
Fund II 
(€300**)
Capital
Dynamics
Clean Energy
Infrastructure
Fund XI
($315**)
Everwood
Photovoltaic VI
(€500**)
Macquarie 
GIG Global 
Renewables 
Fund III 
($1,940**)
$600m
$1200m
$300m
$6,000m
$900m
$1500m
Azora
Strategic
Infrastructure
Fund
(€600*)
NEC
Fund VI
($750*)
Sandbrook
Climate
Infrastructure
Fund II
($2,000*)
FLAVEO V
(€2,000*)
Swiss Life
Infrastructure
Opportunities IV
(€2,500*)1
ArcLight
Infrastructure
Partners
Fund VIII
($3,000*)
Qualitas
Energy VI
(€3,250*)
LS Power
Equity
Partners VI
($4,000*)
CI Energy 
Transition 
Fund II 
(€3,000**)
Based on Preqin and Evercore PFG market intelligence.
Includes Global Renewable Energy Funds with vintages from 2026 to Potentially returning to market.
All fund sizes are in millions.
1Swiss Life Funds (LUX) Global Infrastructure Opportunities IV
* Denotes target fund size.
** Denotes prior vintage/fund size.
"
Evercore PFG - Global Renewable Energy - H1 2026.pdf,7,"6
Global Renewable Energy Fundraise Timeline
Closed funds
Final closing/anticipated final closing date
* Denotes target fund size.
** Denotes prior vintage/fund size.
All fund sizes are in millions.
Source: Preqin, news releases, PFG market intelligence.
GPs in the market with their latest fund
GPs expected to launch during this period
Fund Manager
Fund
Vintage
Fund Size (m)
Fund Manager
HQ
Pre-
2024 H1
2024
2025
2026
Post-
2026 H2
H1
H2
H1
H2
H1
H2
Zouk Capital
Charging Infrastructure Investment Fund
2019
£422
London
InfraVia Capital Partners
InfraVia V
2021
€5,000
Paris
Everwood Capital
Everwood Photovoltaic V
2020
€500
Madrid
Copenhagen Infrastructure Partners
CI Energy Transition Fund I
2021
€3,000
Copenhagen
Luxcara
FLAVEO IV
2021
€1,380
Hamburg
NGP Energy Technology Partners
NGP Energy Technology Partners IV
2023
$700
District of Colombia
SWEN Capital Partners
SWEN Impact Fund for Transition 2
2021
€583
Paris
Seraya Partners
Seraya Partners Fund I
2022
$800
Singapore
Antin Infrastructure Partners
Antin Infrastructure NextGen Fund I
2022
€1,200
Paris
Sandbrook Capital
Sandbrook Climate Infrastructure Fund I
2022
$1,500
Stamford
Apollo Global Management
Apollo ACT Capital Fund
2023
$4,000*
New York
Impax Asset Management
Impax New Energy Investors IV
2021
€459
London
Nuveen
Clean Energy Fund Europe IV
2022
€2,000
Chicago
Energy Capital Partners
ECP V
2022
$4,400
Summit
EnCap Investments
EnCap Energy Transition Fund II
2022
$1,500
Houston
EB Sustainable Investment Management
Regenerative Energien 1
2024
€509
Kassel
Hasi
CarbonCount Holdings 1
2024
$2,000
Annapolis
I Squared Capital
ISQ Growth Markets Climate Impact Fund
2024
$1,200
Miami
Quinbrook Infrastructure Partners
Quinbrook Partners II - Net Zero Power Fund
2021
$3,000
London
Marguerite
Marguerite III
2023
€700
Luxembourg
LS Power
LS Power Equity Partners V
2023
$2,681
New York
Neos Partners
Neos Partners II
2024
$1,400
San Diego
Green Arrow Capital
Green Arrow Infrastructure of the Future Fund
2020
€500*
Milan
NextEnergy Capital
NextEnergy UK I
2022
£733
London
Blackstone Group
Blackstone Energy Transition Partners IV
2022
$5,600
New York
Ara Partners
Ara Infrastructure Fund I
2022
$800
Houston
Excelsior Energy Capital
Excelsior Renewable Energy Fund II
2023
$1,000
Excelsior
Greenbelt Capital Partners
Greenbelt Capital Partners III
2023
$1,000
Austin
Omnes Capital
Capenergie 5
2022
€1,800
Paris
Copenhagen Infrastructure Partners
Copenhagen Infrastructure V
2023
€12,000
Copenhagen
Pioneer Point Partners
Pioneer Infrastructure Partners II
2025
€1,100
London
Hull Street Energy
Hull Street Energy Partners III
2024
$2,200
Bethesda
Arroyo Energy Group
Arroyo Energy Investors Fund IV
2024
$1,000
Spring
Green Investment Group
Macquarie Green Energy Transition Solutions
2023
$2,400
London
Apollo Global Management
Apollo Infrastructure Opportunities Fund III
2024
$2,400
New York
Ardian
Ardian Infrastructure Fund VI
2024
€11,500
Paris
Glentra
Glentra Fund I
2023
€565
Copenhagen
Brookfield Asset Management
Brookfield Global Transition Fund 2
2024
$20,000
Toronto
CEE Group
CEE Renewable Fund 9
2025
€1,600
Hamburg
Taaleri Energia
Taaleri SolarWind III
2023
€630
Helsinki
"
Evercore PFG - Global Renewable Energy - H1 2026.pdf,8,"7
Global Renewable Energy Fundraise Timeline (Cont’d)
Closed funds
Final closing/anticipated final closing date
GPs in the market with their latest fund
GPs expected to launch during this period
Fund Manager
Fund
Vintage
Fund Size (m)
Fund Manager
HQ
Pre-
2024 H1
2024
2025
2026
Post-
2026 H2
H1
H2
H1
H2
H1
H2
Prime Capital
Prime Green Energy Infrastructure Fund II
2023
€1,000
Frankfurt
Vision Ridge Partners
Sustainable Asset Fund IV
2024
$2,400
Boulder
Tikehau Capital
T2 North America
2021
$1,500*
Paris
B Capital Partners
B Capital Infrastructure II
2022
€500*
Zurich
Tikehau Capital
Tikehau Green Assets I
2022
€500*
Paris
Haddington Ventures
Haddington ESP I
2025
$650*
Houston
RGREEN INVEST
InfraGreen V
2023
€1,200*
Paris
Carlyle Group
Carlyle Renewable and Sustainable Energy Fund II
2023
$1,600*
Washington
Conquest
Conquest Infrastructure Sustainable 2
2024
€250*
Dublin
Swiss Life Asset Managers
Fontavis ESG Renewable Infrastructure Fund II
2022
€750*
Zurich
Encavis
Encavis Infrastructure Fund V
2025
€1,200*
Hamburg
Capital Dynamics
Clean Energy UK
2023
£600*
Zug
New Energy Capital
NEC Fund VI
2026
$750*
Hanover
Capital Dynamics
Clean Energy Europe
2023
€1,000*
Zug
Swiss Life Asset Managers
Swiss Life Infrastructure Opportunities Growth II1
2024
€1,000*
Zurich
Equitix
Equitix Fund VII
2023
£1,500*
London
NextEnergy Capital
NextPower V ESG
2023
$1,500*
London
Tyr Energy
Overland Capital Partners
2023
$2,000*
Overland Park
Ares Management
Ares Climate Infrastructure Partners II
2023
$3,000*
Los Angeles
I Squared Capital
ISQ Energy Transition Fund
2024
$2,500*
Miami
ArcLight Capital Partners
ArcLight Infrastructure Partners Fund VIII
2026
$3,000*
Boston
Brookfield
Catalytic Transition Fund
2024
$5,000*
New York
Octopus Energy Generation
Octopus Energy Offshore Wind Fund (Vector)
2024
£3,000*
London
InfraVia Capital Partners
InfraVia European Fund VI
2024
€7,000*
Paris
BNP Paribas Asset Management
BNP Paribas Low Carbon Transition Infra Equity Fund I
2024
€750*
Nanterre
a.s.r. real estate
ASR Dutch Green Energy Fund I
2024
€800*
Utrecht
Swiss Life Asset Managers
Swiss Life Global Infrastructure Opportunities IV2
2026
€2,500*
Zurich
CVC DIF
DIF Infrastructure VIII
2025
€6,000*
Schiphol
Federation Asset Management
Sustainable Australian Real Assets Fund
2024
AUD1,000*
Sydney
EIG Global Energy Partners
EIG Energy Transition Fund II
2024
€1,000*
District of Colombia
CEE Group
CEE Renewable Fund 8
2023
€750*
Hamburg
Mirova
Mirova Energy Transition 6
2024
€2,200*
Paris
KKR
KKR Global Climate Fund
2024
$7,000*
New York
Foresight Group Holdings
Foresight Energy Infrastructure Partners II
2024
€1,250*
London
TPG
TPG Rise Climate II
2024
$8,000*
San Francisco
Stonepeak
Stonepeak Global Renewables Fund II
2025
$5,000*
New York
Quinbrook Infrastructure Partners
Quinbrook Renewables Impact Fund II
2025
£500*
London
Azora
Azora Strategic Infrastructure Fund
2026
€600*
Madrid
AIP Management
AIP V
2025
€3,000*
Copenhagen
Actis
Actis Energy 6
2025
$6,000*
London
* Denotes target fund size.
** Denotes prior vintage/fund size.
All fund sizes are in millions.
1 Swiss Life Funds (LUX) Global Infrastructure Opportunities II
2 Swiss Life Funds (LUX) Global Infrastructure Opportunities IV
Source: Preqin, news releases, PFG market intelligence.
"
Evercore PFG - Global Renewable Energy - H1 2026.pdf,9,"8
Global Renewable Energy Fundraise Timeline (Cont’d)
Closed funds
Final closing/anticipated final closing date
* Denotes target fund size.
** Denotes prior vintage/fund size.
All fund sizes are in millions.
Source: Preqin, news releases, PFG market intelligence.
GPs in the market with their latest fund
GPs expected to launch during this period
Fund Manager
Fund
Vintage
Fund Size (m)
Fund Manager
HQ
Pre-
2024 H1
2024
2025
2026
Post-
2026 H2
H1
H2
H1
H2
H1
H2
Qualitas Energy
Qualitas Energy VI
2026
€3,250*
Madrid
Quinbrook Infrastructure Partners
Quinbrook III
2025
£4,000*
London
LS Power
LS Power Equity Partners VI
2026
$4,000*
New York
Captona
Captona Renewable Energy Fund II
2024
$750*
New York
Energy Infrastructure Partners
EIP Energy Infrastructure III
2022
€4,000*
Zurich
BlackRock Financial Management
BlackRock Global Renewable Power Fund IV
2023
$7,000*
New York
Low Carbon
Low Carbon Renewable Fund
2023
€500*
London
Schroders Greencoat
Greencoat UK Renewable Income II Fund
2023
£1,000**
London
Climate Adaptive Infrastructure
Climate Adaptive Infrastructure Fund II
2024
$825**
Mill Valley
Storebrand Asset Management
Storebrand Infrastructure Fund II
2024
€1,000**
Lysaker
True Green Capital Management
True Green Capital Fund V
2025
$661**
Westport
Aquila Capital Investmentgesellschaft
Aquila Capital Energy Transition Fund I
2025
€600*
Hamburg
Vauban Infrastructure Partners
Value Add Transition Infrastructure Strategy III
2025
€1,000*
Paris
Luxcara
FLAVEO V
2026
€2,000*
Hamburg
Sandbrook Capital
Sandbrook Climate Infrastructure Fund II
2026
$2,000*
Stamford
KGAL Real Investments
KGAL ESPF 8
2025
€500*
Grünwald
Allianz Global Investors
Allianz Renewable Energy Fund IV
2018**
$180**
Munich
Goodyields Capital
Renewable Energy Infrastructure Fund III
2018**
€300**
Munich
NTR Group
NTR Renewable Energy Income Fund III
2018**
€500**
Dublin
Capital Dynamics
Capital Dynamics Clean Energy Infrastructure Fund XI
2020**
$315**
Zug
Everwood Capital
Everwood Photovoltaic VI
2020**
€500**
Madrid
Green Investment Group
Macquarie GIG Global Renewables Fund III
2020**
$1,940**
Edinburgh
Copenhagen Infrastructure Partners
CI Energy Transition Fund II
2021**
€3,000**
Copenhagen
Antin Infrastructure Partners
Antin Infrastructure NextGen Fund II
2022**
€1,200**
Paris
"
Evercore PFG - Global Renewable Energy - H1 2026.pdf,10,"15 STANHOPE GATE
LONDON, W1K 1LN
TEL: +44 (0) 207 653 6000
55 EAST 52 ND STREET
NEW YORK, NY 10055
TEL: +1 (212) 857 3100
FLOOR 14, TWO EXCHANGE 
SQUARE, 8 CONNAUGHT PLACE
HONG KONG
TEL: +852 3983 2600
"
Evercore PFG - North America Buyout Market Map - H1 2026.pdf,1,"Private Funds Group
North America Buyout Market Map
H1 2026
"
Evercore PFG - North America Buyout Market Map - H1 2026.pdf,2,"Disclaimer
1
This presentation (the ""Presentation"") is being furnished on a confidential basis for informational and discussion purposes only and does not constitute an 
offer to sell or a solicitation of an offer to purchase any security. Any such offer or solicitation with respect to any security or fund discussed herein shall be 
made only pursuant to a confidential private placement memorandum relating to such security or fund, which describes risks related to an investment in such 
security or fund as well as other important information about such security or fund and its sponsor. The information set forth herein does not purport to be 
complete and is subject to change. This Presentation is qualified in its entirety by all of the information set forth in any such memorandum, including without 
limitation all of the cautionary statements set forth in the front of a memorandum and the ""Risk Factors and Conflicts of Interest"" section of any such 
memorandum. Any such memorandum must be read carefully in its entirety prior to making an investment. This Presentation does not constitute a part of any 
memorandum of any fund. 
The information contained herein must be treated in a confidential manner and may not be reproduced, used or disclosed, in whole or in part, without the prior 
written consent of Evercore Group L.L.C. (“Evercore”). Disclosure to persons other than the recipient and its representatives is strictly prohibited. Past 
performance is not necessarily indicative of future results, and nothing herein is, or shall be relied on as, a promise or representation of future performance. 
There can be no assurance that any fund will achieve comparable results, that targeted returns, diversification or asset allocations will be met or that any fund 
will be able to implement its investment strategy and investment approach or achieve its investment objective. Actual returns on unrealized investments will 
depend on, among other factors, future operating results, the value of the assets and market conditions at the time of disposition, legal and contractual 
restrictions on transfer that may limit liquidity, any related transaction costs and the timing and manner of sale, all of which may differ from the assumptions 
and circumstances on which the valuations used in the prior performance data contained herein are based. Accordingly, the actual realized returns on 
unrealized investments may differ materially from the returns indicated herein. 
Statements contained in this Presentation that are not historical facts are based on current expectations, estimates, projections, opinions, and beliefs of the 
general partner of the Fund. Such statements involve known and unknown risks, uncertainties and other factors, and undue reliance should not be placed 
thereon. In addition, this Presentation contains ""forward-looking statements."" Actual events or results or the actual performance may differ materially from 
those reflected or contemplated in such forward-looking statements. 
Certain economic and market information contained herein has been obtained from published sources prepared by third parties and in certain cases has not 
been updated through the date hereof. While such sources are believed to be reliable, none of Evercore nor any of its affiliates have made any representation 
or warranty, express or implied, with respect to the fairness, correctness, accuracy, reasonableness or completeness of any of the information contained 
herein (including but not limited to information obtained from third parties unrelated to Evercore), and they expressly disclaim any responsibility or liability 
therefore. None of Evercore nor any of its affiliates have any responsibility to update any of the information provided in this summary document. 
THIS SUMMARY IS NOT INTENDED TO CONSTITUTE LEGAL, TAX, OR ACCOUNTING ADVICE OR INVESTMENT RECOMMENDATIONS. 
PROSPECTIVE INVESTORS SHOULD CONSULT THEIR OWN ADVISORS ABOUT SUCH MATTERS.
The products mentioned in this document may not be eligible for sale in some states or countries, nor suitable for all types of investors; their value and the 
income they produce may fluctuate and/or be adversely affected by exchange rates, interest rates, commodity prices or other factors. One or more directors, 
officers, and/or employees of Evercore or its affiliated companies may be a director of the issuer of the securities mentioned in this document. 
Cover photo by Pawel Kostrzewa of Lake Tahoe, California.
"
Evercore PFG - North America Buyout Market Map - H1 2026.pdf,3,"North America Buyout H1 2026
A.
Northeast
B.
Midwest
C.
South and Southeast
D.
West Coast
3
16
22
28
Contents 
2
"
Evercore PFG - North America Buyout Market Map - H1 2026.pdf,4,"2022
Northeast Buyout Market Map
3
Fund Size
$800m
$1,600m
$400m
$5,000m
$1,200m
$2,000m
Care 
Equity II 
($298)
FPC 
Small Cap 
Fund III 
($340)
Access 
Holdings 
Fund II 
($525)
Plutus 
Capital
($500*)
Great Point 
Partners IV 
($506)
NexPhase 
Capital 
Fund V 
($795)
Dunes 
Point 
Capital III 
($800)
DFW 
Capital 
Partners VII 
($800)
Gamut 
Investment 
Fund II
($719)
J.C. 
Flowers V 
($1,100)
Integrum 
Capital 
Partners 
($1,100)
Carlyle 
Alternative 
Fund II
($300*)1
Paine 
Schwartz 
Food Chain 
Fund VI 
($1,700)
Arsenal 
Capital 
Partners VI 
($4,323)
Sentinel
Capital
Partners VII 
($4,300)
WCAS
XIV 
($5,040)5
AEA 
Fund VIII 
($3,385)
L Catterton X 
($6,750)
Veritas 
Capital 
Fund VIII 
($10,650)
KKR Core 
Investments
 Fund II 
($16,000*)
Apollo 
Investment 
Fund X 
($20,000)
Blackstone 
Capital 
Partners IX
($28,000)
Soundcore 
Capital 
Partners 
Fund III 
($450)
Brightstar 
Capital 
Partners 
Fund III 
($1,260)
Astara 
Capital 
Partners 
Fund I 
($312)
CCMP 
Capital 
Investors IV 
($500)
Blue Wolf 
Capital 
Fund V 
($1,100)
JFL Equity
Investors VI 
($2,230)
Gridiron 
Capital 
Fund V 
($2,100)
Endicott 
Capital II 
($250)
Saw Mill 
Capital 
Partners III 
($435)
Hastings 
Equity 
Fund V 
($250*)
Clarion
Investors IV
 ($677)
InTandem 
Partners 
Fund III
($715)3
Capitol 
Meridian 
Fund I 
($900)
Corsair VI 
FS Capital
Partners
($1,000*)
Ocean
Sound 
Partners 
Fund II
($1,490)
Certares 
Holdings II
($1,500)
Kohlberg 
Investors X
($4,300)
EagleTree 
Partners VI
 ($1,200)
Axial 
Reade 
Capital 
Fund II 
($350)
Victor 
Capital 
Partners 
Fund II 
($310)
BVIP 
Fund XI 
($1,750)
Arlington 
Capital 
Partners VI 
($3,810)
ACON 
Equity 
Partners V 
($1,200*)
Harren
Investors IV
($100)
Halifax 
Capital 
Partners V
($445*)
Atlantic 
Street 
Capital V
($750*)
Lovell 
Minnick 
Equity 
Partners VI
($1,100)
Charles-
bank Tech. 
Fund II
($1,275)4
Oak Hill 
Capital 
Partners VI
($3,485)
Brookfield 
Capital 
Partners VI
($12,000)
Carlyle
Partners VIII
($14,800)
Nonantu
Capital III
($575**)
Incline 
Elevate 
Fund III
($630**)
Enlight-
Enment
Fund IV
($540)2
Based on Preqin and Evercore PFG market intelligence.
Includes North America Northeast buyout funds with 2022 vintage.
All fund sizes are in millions.
1 Carlyle Direct Alternative Opportunities Fund II
2 Enlightenment Capital Solutions Fund IV
3 InTandem Capital Partners Fund III
4 Charlesbank Technology Opportunities Fund II
5 Welsh, Carson, Anderson, & Stowe XIV
* Denotes target fund size.
** Denotes prior fund size.
"
Evercore PFG - North America Buyout Market Map - H1 2026.pdf,5,"Northeast Buyout Market Map (Cont’d)
4
Fund Size
$800m
$1,600m
$400m
$5,000m
$1,200m
$2,000m
Based on Preqin and Evercore PFG market intelligence.
Includes North America Northeast buyout funds with 2023 vintage.
All fund sizes are in millions.
1 GenNx360 Capital Partners IV
2 KPS Special Situations Mid-Cap Fund II
* Denotes target fund size.
** Denotes prior fund size.
2023
 
LoneTree I 
($200)
Bain 
Capital Tech 
Opportunities 
Fund II 
($2,400)
26N 
Private 
Equity 
Partners I
($3,000*)
One Rock 
Capital 
Partners IV
($2,850*)
Cortec 
Group 
Fund VIII 
($3,200)
Gemspring 
Capital 
Fund III 
($1,700)
Incline 
Equity 
Partners VI 
($1,900)
3 Boomerang 
Capital I 
($376)
KPS
Mid-Cap 
Fund II 
($1,700)2
Tailwind 
Capital 
Partners IV 
($1,800*)
Leeds Equity
Partners VIII
($1,800*)
Forward 
Fund I
($425)
Astira 
Capital 
Partners 
Fund I 
($675)
Two Roads 
Partners 
Fund I
($400)
Brynwood 
Partners IX 
($750)
Graham 
Partners VI
($1,800)
Court 
Square 
Capital 
Partners V
($3,000*)
TZP 
Capital 
Partners IV 
($565**)
Juggernaut 
Capital 
Partners V
($74)
New 
Heritage 
Capital 
Fund IV
($438)
Prospect 
Hill Growth 
Fund III 
($450*)
Behrman 
Capital VII
($500)
GenNx360
Partners IV
($800*)1
GSP 4.0
Fund
($850)
GHK 
Fund II 
($870)
Coalesce 
Capital 
Fund I
($900)
Newlight
Partners
($1,000*)
AEA 
Investors 
SBF V 
($1,300)
Amulet 
Capital 
Fund III 
($1,200)
Lee Equity 
Partners 
Fund IV
($1,300)
Avista 
Healthcare 
Partners III
($1,500)
Palladium 
Equity 
Partners VI
($1,500*)
Lindsay
Goldberg VI
($4,900)
The 
Resolute 
Fund VI
($6,850)
KPS 
Special 
Situations 
Fund VI 
($8,000)
TA XV 
($16,500)
Providence 
Equity 
Partners IX
($3,704)
Audax
Private Equity
Fund VII
($5,250)
TowerBrook
Investors VI
($4,101)
Parthenon 
Investors VII
($4,500)
KKR
Ascendant
($4,600)
Greenbriar 
Equity 
Fund VI 
($3,476)
Good
Springs Capital
Fund I
($570)
One Rock
Emerald Fund
($615)
BharCap 
Partners II
($652)
Clearhaven 
Fund II
($580)
Inverness
Graham
Investments V
($500*)
Albion
Platform
Holdings
($1,788)
Searchlight 
Capital IV
($3,500)
Clayton
Dubilier &
Rice XII
($23,550)
Topspin 
Consumer 
Partners III
($275*)
SFW
Capital Partners
Fund III
($300*)
Eden 
Capital 
Partners II
($300*)
Graycliff
Private Equity
Partners V
($600)
Madison 
River 
Capital I
($370)
Demopolis
Equity
Partners Fund I
($300*)
ZMC IV 
($752)
Consello 
Investing I
($500*)
SKCP
Catalyst
Fund II
($800)
Audax 
Private Equity
 Origins Fund I 
($774)
CIP Capital
Fund III
($700*)
"
Evercore PFG - North America Buyout Market Map - H1 2026.pdf,6,"2024
 
Northeast Buyout Market Map (Cont’d)
5
Fund Size
$800m
$1,600m
$400m
$5,000m
$1,200m
$2,000m
Based on Preqin and Evercore PFG market intelligence.
Includes North America Northeast buyout funds with 2024 vintage.
All fund sizes are in millions.
1 North Haven Capital Partners VIII
2 American Industrial Capital Partners Fund VIII
* Denotes target fund size.
** Denotes prior fund name/vintage/fund size.
Thomas H. 
Lee Equity 
Fund X
($3,000)
Berkshire 
Partners 
Fund XI 
($7,800)
Beekman
Investment
Partners V
($550*)
Point 41
Capital
Partners I
($400)
THL 
Automation 
Fund II
($900)
Riverarch 
Equity 
Partners IV
($1,000)
BBH Capital
Partners VII
($1,070)
Mill Point 
Capital 
Partners III
($1,700)
Bansk 
Fund II
($1,450)
Tenex 
Capital 
Partners IV
($1,900)
Monomoy 
Capital 
Partners V
($2,250)
ABRY 
Partners X
($2,250*)
Aquiline 
Financial 
Services 
Fund V
($2,300)
Webster 
Equity 
Partners VI
($2,500*)
Kinderhook 
Capital 
Fund VIII
($2,750)
Altaris 
Health 
Partners VI
($3,500)
Nautic 
Partners XI 
($4,500)
Centerbridge
Capital
Partners V
($3,583)
KKR
North
America XIV
($20,000*)
Cove Hill 
Partners 
Fund III 
($1,900)
New Mountain
Partners VII
($15,400)
Enlighten-
ment Capital
 Solutions 
Fund V
 ($825)
Renovus 
Capital 
Partners IV 
Core Buyout 
($875)
SC2
($300*)
Godspeed 
Capital 
Fund III 
($675)
GSP 5.0 
Fund 
($1,200)
Cross Rapids
 Capital
 Partners I
 ($350*)
BHMS
Investments
Fund III
($300)
Invidia 
Curie 
Fund I 
($850*)
Wellspring
Capital
Partners VII
($1,000*)
MFG
Partners
Fund I
($299)
Southfield 
Capital IV
($560)
Dominus 
Capital 
Partners IV
($600*)
Northlane
Capital
Partners III
($750)
FalconPoint
Partners
Fund I
($750*)
Niobrara
Founders
Fund
($815)
JLL 
Partners 
Fund IX
($1,400)
Lightyear
Fund VI
($1,750*)
North 
Haven VIII
($3,200)1
One Equity 
Partners IX
($3,250)
American 
Industrial 
Fund VIII
($5,125)2
Veritas 
Capital 
Fund IX
($14,402)
"
Evercore PFG - North America Buyout Market Map - H1 2026.pdf,7,"Northeast Buyout Market Map (Cont’d)
6
Fund Size
$800m
$1,600m
$400m
$5,000m
$1,200m
$2,000m
Based on Preqin and Evercore PFG market intelligence.
Includes North America Northeast buyout funds with 2025 vintage
All fund sizes are in millions.
1 New Mountain Strategic Equity Fund II
2 Reverence Capital Partners PE Opportunities Fund IV (Fund VIII)
* Denotes target fund size.
** Denotes prior fund name/vintage/fund size.
Crestview
Partners V
($2,750*)
Littlejohn
Fund VII
($3,000*)
Olympus
Growth
Fund VIII
($3,482)
Advent
Global
Technology III
($4,000**)
2025
 
TruArc
Fund V
($1,100*)
GrowthCurve
Capital
Partners II
($2,000*)
WindRose
Health
Investors VII
($2,600)
New Mountain
Fund II
 ($1,200)1
Recognize
Partners II
($1,700)
Sycamore 
Partners IV
($4,750*)
Bain
Capital
Fund XIV
($14,000)
Bain
Capital Tech
Opportunities
Fund III
($2,400**)
Sterling
Investment
Partners V
($1,600)
Trident X
($11,500)
Advent
 International
 GPE XI 
($26,000*)
Siris
Partners V
($250)
RFE
Investment
Partners X
($250*)
Artemis
Capital
Partners IV
($250*)
Bain Capital
Insurance
Fund II
($1,150**)
Integrum
Capital
Partners II
($2,500)
J.C.
Flowers VI
($1,500*)
Arlington
Capital
Partners VII
($6,000)
Apollo
Investment
Fund XI
($25,000*)
Incline
Ascent
Fund II
($500)
Saothair
Fund II
($300)
Bridge
Growth
Partners III
($410**)
Union Park
Fund IV
 ($350*)
Athena Capital
($500*)
Lincolnshire
Equity
Fund VI
($500**)
Awani
Capital Fund
($500*)
Novacap
Financial
Services II
($500*)
EAM 
Private 
Equity 
Partners II
($575)
Bayhawk 
Capital 
Fund I
($616)
New
State Capital
Partners
Fund IV
($700)
Centre 
Lane 
Partners VI
($700**)
NMS
Fund V
($750*)
Rotunda 
Capital 
Partners 
Fund IV
($735)
Hildred
Equity
Partners III
($810)
Reverence
Capital
Fund IV
($2,750*)2
Charlesbank
Equity
Fund XI
($4,000*)
"
Evercore PFG - North America Buyout Market Map - H1 2026.pdf,8,"Northeast Buyout Market Map (Cont’d)
7
Fund Size
$800m
$1,600m
$400m
$5,000m
$1,200m
$2,000m
Based on Preqin and Evercore PFG market intelligence.
Includes North America Northeast buyout funds with 2026 vintage.
All fund sizes are in millions.
* Denotes target fund size.
** Denotes prior fund name/vintage/fund size.
Oak Hill
Capital
Partners VII
($3,750*)
2026
 
Blue Wolf
Capital
Fund VI
($1,100**)
OceanSound
Partners
Fund III
($2,000*)
American
Securities
Partners IX
($2,650)
Otro
Capital
Fund I
($1,200)
BVIP
Fund XII
($2,465)
Brookfield
Capital
Partners VII
($12,500*)
Clayton
Dubilier &
Rice XIII
($26,000*)
Gridiron
Capital
Fund VI
($2,500*)
Visualize I
($500*)
Union Capital
Equity
Partners IV
($450)
Washington
Harbour
EAF I
($750*)
Aerospace,
Transportation
& Logistics
Fund III
($800*)
DFW
Capital
Partners VIII
($800**)
Capitol
Meridian
Fund II
($900**)
Novacap
Technologies VII
($3,800)
Greenbriar
Equity Fund VII
($5,400)
"
Evercore PFG - North America Buyout Market Map - H1 2026.pdf,9,"Potentially 
returning to market 
Northeast Buyout Market Map (Cont’d)
8
Fund Size
$800m
$1,600m
$400m
$5,000m
$1,200m
$2,000m
Riverside 
Capital 
Appreciation 
Fund VIII 
($1,079**)
Carlyle Global
Partners IV 
($1,100**)2
Kelso
Investment
Associates XII
($3,283**)
Astara 
Capital 
Partners 
Fund II
($312**)
Consonance
 Private 
Equity III
($856**)
Veritas
Capital Vantage
Fund II
($1,800**)
Care 
Equity III 
($298**)
FPC Small
Cap Fund IV 
($340**)
Riverside 
Micro-Cap 
Fund VII
($1,872**)
Cerberus 
Global Private 
Equity 
Partners II 
($3,000**)
Clearview 
Capital 
Fund VI
($850**)
Gainline 
Equity 
Fund III
($400**)
DC Capital 
Partners 
Fund IV
($555*)
Bregal 
Partners 
Fund III
($650**)
Yellow 
Wood 
Partners 
Fund IV
($750**)
AHP 
Fund III
($759**)
Audax
Private Equity
Fund II
($774**)1
ABRY 
Heritage 
Partners III
($605**)
Access 
Holdings 
Fund III
($750*)
NexPhase 
Capital 
Fund VI
($795**)
Further
Global Capital
Partners III
($835**)
Aterian 
Investment 
Partners V
($834**)
Novacap
Industries VI
($940**)
Blackstone 
Core Equity 
Partners III 
($8,160**)
Cornell 
Capital 
Partners III
($1,700**)
MidOcean
Partners VII
($1,500**)
LongRange
Capital
Fund II
($1,500**)
Paine 
Schwartz 
Fund VII
($1,700**)3
Arsenal 
Capital
 Partners VII 
($4,323**)
Quad-C
Partners XI
($1,667**)
Gemspring
Capital
Fund IV
($2,250*)
Welsh, 
Carson, 
Anderson 
($5,040**)4
Audax
Private Equity
Fund VIII
($5,250**)
Harvest 
Partners X
($5,340**)
American
Industrial
Fund IX
($8,000*)5
Carlyle
Partners IX
($14,800**)
Forward 
Fund II
($425**)
Parthenon
Investors VIII
($4,500**)
North Castle
Partners VIII
($400**)
HCI Equity 
Partners VI
($405**)
GreyLion 
Fund IV
($562**)
Clearhaven
Fund III
($580**)
Radial 
Equity 
Fund II
($581**)
Seaport
Capital
Partners VII
($240**)
Spire 
Capital
 Partners V
($292**)
Pine Island
Capital
Partners II
($300**)
Graycliff 
Private 
Equity 
Partners VI
($600**)
Staple 
Street 
Capital IV
($520**)
Great Point 
Partners V 
($506**)
Riverside 
Fund VII
($400**)
Guardian 
Capital 
Partners 
Fund IV 
($284**)
Based on Preqin and Evercore PFG market intelligence.
Includes North America Northeast buyout funds with vintage potentially returning to market.
All fund sizes are in millions.
1 Audax Private Equity Origins Fund II
2 Carlyle Global Financial Services Partners IV
3 Paine Schwartz Food Chain Fund VII
4 Welsh, Carson, Anderson & Stowe XV
5 American Industrial Capital Partners Fund IX
* Denotes target fund size.
** Denotes prior fund name/vintage/fund size.
"
Evercore PFG - North America Buyout Market Map - H1 2026.pdf,10,"Fund Manager
Fund
Vintage
Fund Size (m)
Fund Manager 
HQ
Pre-
2024 H1
2024
2025
2026
Post-
2026 H2
H1
H2
H1
H2
H1
H2
Blue Wolf Capital Partners
Blue Wolf Capital Fund V
2022
$1,100
NY
Great Point Partners
Great Point Partners IV
2022
$506
CT
Enlightenment Capital
Enlightenment Capital Solutions Fund IV
2022
$540
MD
JC Flowers 
J.C. Flowers V
2022
$1,100
NY
Audax Private Equity
Audax Private Equity Origins Fund I
2023
$774
MA
Arsenal Capital Partners
Arsenal Capital Partners VI
2022
$4,323
NY
Veritas Capital
Veritas Capital Fund VIII
2022
$10,650
NY
Care Equity
Care Equity II
2022
$298
NY
Fort Point Capital
FPC Small Cap Fund III
2022
$340
MA
Sentinel Capital Partners
Sentinel Capital Partners VII
2022
$4,300
NY
Integrum
Integrum Capital Partners
2022
$1,100
NY
Bain Capital
Bain Capital Tech Opportunities Fund II
2023
$2,400
MA
DFW Capital Partners
DFW Capital Partners VII
2022
$800
NY
Audax Private Equity
Audax Private Equity Fund VII
2023
$5,250
MA
Garnett Station Partners
GSP 4.0 Fund
2023
$850
NY
Greenbriar Equity Group
Greenbriar Equity Fund VI
2023
$3,476
CT
TA Associates
TA XV
2023
$16,500
MA
Gemspring Capital
Gemspring Capital Fund III
2023
$1,700
CT
Parthenon Capital 
Parthenon Investors VII
2023
$4,500
MA
Apollo
Apollo Investment Fund X
2022
$20,000
NY
Access Holdings
Access Holdings Fund II
2022
$525
MD
Oak Hill Capital
Oak Hill Capital Partners VI
2022
$3,485
NY
Brookfield
Brookfield Capital Partners VI
2022
$12,000
NY
Carlyle
Carlyle Partners VIII
2022
$14,800
DC
Hastings Equity Partners
Hastings Equity Fund V
2022
$250*
MA
Carlyle
Carlyle Direct Alternative Opportunities Fund II
2022
$300*
DC
SFW Capital Partners
SFW Capital Partners Fund III
2023
$300*
NY
Astara Capital Partners
Astara Capital Partners Fund I
2022
$312
NY
Gamut Capital Management
Gamut Investment Fund II
2022
$719
NY
SK Capital
SKCP Catalyst Fund II
2023
$800
NY
BV Investment Partners
BVIP Fund XI
2022
$1,750
MA
Gridiron Capital
Gridiron Capital Fund V
2022
$2,100
CT
Arlington Capital Partners
Arlington Capital Partners VI
2022
$3,810
MD
Welsh, Carson, Anderson & Stowe
Welsh, Carson, Anderson & Stowe XIV
2022
$5,040
NY
Clayton Dubilier & Rice
Clayton Dubilier & Rice XII
2023
$23,550
NY
New Heritage Capital
New Heritage Capital Fund IV
2023
$438
MA
Prospect Hill Growth Partners
Prospect Hill Growth Fund III
2023
$450*
MA
NexPhase Capital
NexPhase Capital Fund V
2022
$795
NY
AEA Investors
AEA Investors SBF V
2023
$1,300
NY
Paine Schwartz Partners
Paine Schwartz Food Chain Fund VI
2022
$1,700
NY
Incline Equity Partners
Incline Equity Partners VI
2023
$1,900
PA
Forward Consumer Partners
Forward Fund I
2023
$425
CT
9
Northeast Buyout Fundraise Timeline
Closed funds
Final closing/anticipated final closing date
GPs in the market with their latest fund
GPs expected to launch during this period
* Denotes target fund size.
** Denotes prior vintage/fund size.
All fund sizes are in millions.
Source: Preqin, news releases, PFG market intelligence.
"
Evercore PFG - North America Buyout Market Map - H1 2026.pdf,11,"Fund Manager
Fund
Vintage
Fund Size (m)
Fund Manager 
HQ
Pre-
2024 H1
2024
2025
2026
Post-
2026 H2
H1
H2
H1
H2
H1
H2
Clearhaven Partners
Clearhaven Fund II
2023
$580
MA
Graycliff Partners
Graycliff Private Equity Partners V
2023
$600
NY
Astira Capital Partners
Astira Capital Partners Fund I
2023
$675
MA
Brynwood Partners
Brynwood Partners IX
2023
$750
CT
KPS Capital Partners
KPS Special Situations Mid-Cap Fund II
2023
$1,700
NY
American Industrial Partners
American Industrial Capital Partners Fund VIII
2024
$5,125
NY
KPS Capital Partners
KPS Special Situations Fund VI
2023
$8,000
NY
Dunes Point Capital
Dunes Point Capital III
2022
$800
NY
Capitol Meridian Partners
Capitol Meridian Fund I
2022
$900
DC
Thomas H. Lee Partners
THL Automation Fund II
2024
$900
MA
Aquiline Capital Partners
Aquiline Financial Services Fund V
2024
$2,300
NY
InTandem Capital Partners
InTandem Capital Partners Fund III
2022
$715
NY
EagleTree Capital
EagleTree Partners VI
2022
$1,200
NY
Charlesbank Capital Partners
Charlesbank Technology Opportunities Fund II
2022
$1,275
MA
Endicott Capital
Endicott Capital II
2022
$250
NY
Clarion Capital Partners
Clarion Investors IV
2022
$677
NY
Coalesce Capital
Coalesce Capital Fund I
2023
$900
NY
Brightstar Capital Partners
Brightstar Capital Partners Fund III
2022
$1,260
NY
Avista Healthcare Partners
Avista Healthcare Partners III
2023
$1,500
NY
Cortec Group
Cortec Group Fund VIII
2023
$3,200
NY
TJC
The Resolute Fund VI
2023
$6,850
NY
3 Boomerang Capital
3 Boomerang Capital I
2023
$376
CT
Riverarch Equity Partners
Riverarch Equity Partners IV
2024
$1,000
PA
MFG Partners
MFG Partners Fund I
2024
$299
NY
Cove Hill Partners
Cove Hill Partners Fund III
2024
$1,900
MA
Kinderhook Industries
Kinderhook Capital Fund VIII
2024
$2,750
NY
CCMP Growth Advisors
CCMP Capital Investors IV
2022
$500
NY
Plutus Capital
Plutus Capital
2022
$500*
MA
Providence Equity Partners
Providence Equity Partners IX
2023
$3,704
RI
Axial Reade Capital
Axial Reade Capital Fund II
2022
$350
NY
Halifax Group
Halifax Capital Partners V
2022
$445*
DC
Lovell Minnick Partners
Lovell Minnick Equity Partners VI
2022
$1,100
PA
Lee Equity Partners
Lee Equity Partners Fund IV
2023
$1,300
NY
AEA Investors
AEA Fund VIII
2022
$3,385
NY
KKR
KKR Ascendant
2023
$4,600
NY
SC Holdings
SC2
2024
$300*
NY
Victor Capital Partners
Victor Capital Partners Fund II
2022
$310
NY
Saw Mill Capital
Saw Mill Capital Partners III
2022
$435
NY
OceanSound Partners
OceanSound Partners Fund II
2022
$1,490
NY
J.F. Lehman & Company
JFL Equity Investors VI
2022
$2,230
NY
Kohlberg & Company
Kohlberg Investors X
2022
$4,300
NY
New Mountain Capital
New Mountain Partners VII
2024
$15,400
NY
10
10
Northeast Buyout Fundraise Timeline (Cont’d)
Closed funds
Final closing/anticipated final closing date
GPs in the market with their latest fund
GPs expected to launch during this period
* Denotes target fund size.
** Denotes prior vintage/fund size.
All fund sizes are in millions.
Source: Preqin, news releases, PFG market intelligence.
"
Evercore PFG - North America Buyout Market Map - H1 2026.pdf,12,"Fund Manager
Fund
Vintage
Fund Size (m)
Fund Manager 
HQ
Pre-
2024 H1
2024
2025
2026
Post-
2026 H2
H1
H2
H1
H2
H1
H2
Two Roads Partners
Two Roads Partners Fund I
2023
$400
NY
Behrman Capital
Behrman Capital VII
2023
$500
NY
ZMC
ZMC IV
2023
$752
NY
Amulet Capital Partners
Amulet Capital Fund III
2023
$1,200
CT
Graham Partners
Graham Partners VI
2023
$1,800
PA
Altaris
Altaris Health Partners VI
2024
$3,500
NY
Centerbridge Partners
Centerbridge Capital Partners V
2024
$3,583
NY
GHK Capital Partners
GHK Fund II
2023
$870
CT
Tailwind Capital
Tailwind Capital Partners IV
2023
$1,800*
NY
TowerBrook
TowerBrook Investors VI
2023
$4,101
NY
Berkshire Partners
Berkshire Partners Fund XI
2024
$7,800
MA
Enlightenment Capital
Enlightenment Capital Solutions Fund V
2024
$825
MD
Renovus Capital
Renovus Capital Partners IV Core Buyout
2024
$875
PA
Mill Point Capital
Mill Point Capital Partners III
2024
$1,700
NY
Tenex Capital Management
Tenex Capital Partners IV
2024
$1,900
NY
Monomoy Capital Partners
Monomoy Capital Partners V
2024
$2,250
CT
Nautic Partners
Nautic Partners XI
2024
$4,500
RI
BHMS Investments
BHMS Investments Fund III
2024
$300
CT
Godspeed Capital
Godspeed Capital Fund III
2024
$675
DC
L Catterton
L Catterton X
2022
$6,750
CT
Certares Management
Certares Holdings II
2022
$1,500
NY
Searchlight Capital Partners
Searchlight Capital IV
2023
$3,500
NY
Madison River Capital
Madison River Capital I
2023
$370
NY
Good Springs Capital
Good Springs Capital Fund I
2023
$570
NY
One Rock Capital Partners
One Rock Emerald Fund
2023
$615
NY
Albion River
Albion Platform Holdings
2023
$1,788
MD
One Rock Capital Partners
One Rock Capital Partners IV
2023
$2,850
NY
BharCap Partners
BharCap Partners II
2023
$652
CT
Olympus Partners
Olympus Growth Fund VIII
2025
$3,482
CT
Southfield
Southfield Capital IV
2024
$560
CT
Hildred
Hildred Equity Partners III
2025
$810
NY
Thomas H. Lee Partners
Thomas H. Lee Equity Fund X
2024
$3,000
MA
Morgan Stanley Investment Management North Haven Capital Partners VIII
2024
$3,200
NY
Incline Equity Partners
Incline Ascent Fund II
2025
$500
PA
New State Capital Partners
New State Capital Partners Fund IV
2025
$700
NY
Rotunda Capital Partners
Rotunda Capital Partners Fund IV
2025
$735
MD
Niobrara Capital
Niobrara Founders Fund
2024
$815
NY
Garnett Station Partners
GSP 5.0 Fund
2024
$1,200
NY
Recognize
Recognize Partners II
2025
$1,700
NY
Siris
Siris Partners V
2025
$250
NY
Blackstone
Blackstone Capital Partners IX
2022
$28,000
NY
Brown Brothers Harriman
BBH Capital Partners VII
2024
$1,070
NY
11
11
Northeast Buyout Fundraise Timeline (Cont’d)
Closed funds
Final closing/anticipated final closing date
GPs in the market with their latest fund
GPs expected to launch during this period
* Denotes target fund size.
** Denotes prior vintage/fund size.
All fund sizes are in millions.
Source: Preqin, news releases, PFG market intelligence.
"
Evercore PFG - North America Buyout Market Map - H1 2026.pdf,13,"Fund Manager
Fund
Vintage
Fund Size (m)
Fund Manager 
HQ
Pre-
2024 H1
2024
2025
2026
Post-
2026 H2
H1
H2
H1
H2
H1
H2
Point 41 Capital Partners
Point 41 Capital Partners I
2024
$400
CT
Northlane Capital Partners
Northlane Capital Partners III
2024
$750
MD
One Equity Partners
One Equity Partners IX
2024
$3,250
NY
Stone Point Capital
Trident X
2025
$11,500
CT
Bain Capital
Bain Capital Fund XIV
2025
$14,000
MA
Veritas Capital
Veritas Capital Fund IX
2024
$14,402
NY
Bansk Group
Bansk Fund II
2024
$1,450
NY
Integrum
Integrum Capital Partners II
2025
$2,500
NY
Sterling Investment Partners
Sterling Investment Partners V
2025
$1,600
CT
WindRose Health Investors
WindRose Health Investors VII
2025
$2,600
NY
Arlington Capital Partners
Arlington Capital Partners VII
2025
$6,000
MD
Saothair Capital Partners
Saothair Fund II
2025
$300
PA
Soundcore Capital Partners
Soundcore Capital Partners Fund III
2022
$450
NY
American Securities
American Securities Partners IX
2026
$2,650
NY
Lindsay Goldberg
Lindsay Goldberg VI
2023
$4,900
NY
New Mountain Capital
New Mountain Strategic Equity Fund II
2025
$1,200
NY
Otro Capital
Otro Capital Fund I
2026
$1,200
NY
JLL Partners
JLL Partners Fund IX
2024
$1,400
NY
Equality Asset Management
EAM Private Equity Partners II
2025
$575
MA
BayHawk Capital
Bayhawk Capital Fund I
2025
$616
MA
Novacap
Novacap Technologies VII
2026
$3,800
QC
Greenbriar Equity Group
Greenbriar Equity Fund VII
2026
$5,400
CT
Union Capital Associates
Union Capital Equity Partners IV
2026
$450
CT
BV Investment Partners
BVIP Fund XII
2026
$2,465
MA
CIP Capital
CIP Capital Fund III
2023
$700*
NY
Atlantic Street Capital
Atlantic Street Capital V
2022
$750*
CT
Newlight Partners
Newlight Partners
2023
$1,000*
NY
ACON Investments
ACON Equity Partners V
2022
$1,200*
DC
KKR
KKR Core Investments Fund II
2022
$16,000*
NY
Demopolis Equity Partners
Demopolis Equity Partners Fund I
2023
$300*
NY
Eden Capital
Eden Capital Partners II
2023
$300*
NY
Consello Capital
Consello Investing I
2023
$500*
NY
TZP Group
TZP Capital Partners IV
2023
$565**
NY
Revelar Capital
Wellspring Capital Partners VII
2024
$1,000*
NY
Leeds Equity Partners
Leeds Equity Partners VIII
2023
$1,800*
NY
Topspin Partners
Topspin Consumer Partners III
2023
$275*
NY
Cross Rapids Capital
Cross Rapids Capital Partners I
2024
$350*
NY
Inverness Graham Investments
Inverness Graham Investments V
2023
$500*
PA
Athena Capital 
Athena Capital
2025
$500*
NY
The Beekman Group
Beekman Investment Partners V
2024
$550*
NY
GenNx360 Capital Partners
GenNx360 Capital Partners IV
2023
$800*
NY
ABRY Partners
ABRY Partners X
2024
$2,250*
MA
12
12
Northeast Buyout Fundraise Timeline (Cont’d)
Closed funds
Final closing/anticipated final closing date
GPs in the market with their latest fund
GPs expected to launch during this period
* Denotes target fund size.
** Denotes prior vintage/fund size.
All fund sizes are in millions.
Source: Preqin, news releases, PFG market intelligence.
"
Evercore PFG - North America Buyout Market Map - H1 2026.pdf,14,"Fund Manager
Fund
Vintage
Fund Size (m)
Fund Manager 
HQ
Pre-
2024 H1
2024
2025
2026
Post-
2026 H2
H1
H2
H1
H2
H1
H2
26North Partners
26N Private Equity Partners I
2023
$3,000*
NY
The Visualize Group
Visualize I
2026
$500*
NY
Lightyear Capital
Lightyear Fund VI
2024
$1,750*
NY
Littlejohn & Co.
Littlejohn Fund VII
2025
$3,000*
CT
KKR
KKR North America Fund XIV
2024
$20,000*
NY
Lincolnshire Management
Lincolnshire Equity Fund VI
2025
$500**
NY
Dominus Capital
Dominus Capital Partners IV
2024
$600*
NY
Bridge Growth Partners
Bridge Growth Partners III
2025
$410**
NY
TruArc Partners
TruArc Fund V
2025
$1,100*
NY
JC Flowers 
J.C. Flowers VI
2025
$1,500*
NY
Advent International
Advent International GPE XI
2025
$26,000*
MA
RFE
RFE Investment Partners X
2025
$250*
CT
Quad Partners
Quad Partners VII
2021**
$388**
NY
Awani Capital
Awani Capital Fund
2025
$500*
MD
Nonantum Capital Partners
Nonantum Capital III
2022**
$575**
MA
Incline Equity Partners
Incline Elevate Fund III
2022**
$630**
PA
OceanSound Partners
OceanSound Partners Fund III
2026
$2,000*
NY
Odyssey Investment Partners
Odyssey Investment Partners Fund VII
2020**
$3,250**
NY
Corsair Capital
Corsair VI FS Capital Partners
2022
$1,000*
NY
Palladium
Palladium Equity Partners VI
2023
$1,500*
NY
Webster Equity Partners
Webster Equity Partners VI
2024
$2,500*
MA
Court Square
Court Square Capital Partners V
2023
$3,000*
NY
FalconPoint Partners
FalconPoint Partners Fund I
2024
$750*
NY
Artemis
Artemis Capital Partners IV
2025
$250*
MA
Novacap
Novacap Financial Services II
2025
$500*
QC
Invidia Capital Management
Invidia Curie Fund I
2024
$850*
NY
Centre Lane Partners
Centre Lane Partners VI
2025
$700**
NY
NMS Capital
NMS Fund V
2025
$750*
NY
Bain Capital
Bain Capital Insurance Fund II
2025
$1,150**
MA
GrowthCurve Capital
GrowthCurve Capital Partners II
2025
$2,000*
NY
Oak Hill Capital
Oak Hill Capital Partners VII
2026
$3,750*
NY
Union Park Capital
Union Park Fund IV
2025
$350*
MA
Advent International
Advent Global Technology III
2025
$4,000**
MA
Washington Harbour
Washington Harbour EAF I
2026
$750*
DC
Crestview Partners
Crestview Partners V
2025
$2,750*
NY
Bain Capital
Bain Capital Tech Opportunities Fund III
2025
$2,400**
MA
Charlesbank Capital Partners
Charlesbank Equity Fund XI
2025
$4,000*
MA
Sycamore Partners
Sycamore Partners IV
2025
$4,750*
NY
Apollo
Apollo Investment Fund XI
2025
$25,000*
NY
ATL Partners
Aerospace, Transportation & Logistics Fund III
2026
$800*
NY
Blue Wolf Capital Partners
Blue Wolf Capital Fund VI
2026
$1,100**
NY
BayPine
BayPine Capital Partners Fund II
2021**
$2,153**
MA
13
13
Northeast Buyout Fundraise Timeline (Cont’d)
Closed funds
Final closing/anticipated final closing date
GPs in the market with their latest fund
GPs expected to launch during this period
* Denotes target fund size.
** Denotes prior vintage/fund size.
All fund sizes are in millions.
Source: Preqin, news releases, PFG market intelligence.
"
Evercore PFG - North America Buyout Market Map - H1 2026.pdf,15,"Fund Manager
Fund
Vintage
Fund Size (m)
Fund Manager 
HQ
Pre-
2024 H1
2024
2025
2026
Post-
2026 H2
H1
H2
H1
H2
H1
H2
Gridiron Capital
Gridiron Capital Fund VI
2021**
$2,500*
CT
Reverence Capital Partners
Reverence Capital PE Opportunities Fund IV1
2026
$2,750*
NY
Brookfield
Brookfield Capital Partners VII
2025
$12,500*
NY
DFW Capital Partners
DFW Capital Partners VIII
2026
$800**
NY
Capitol Meridian Partners
Capitol Meridian Fund II
2026
$900**
DC
Clayton Dubilier & Rice
Clayton Dubilier & Rice XIII
2026
$26,000*
NY
HCI Equity Partners
HCI Equity Partners VI
2026
$405**
DC
Riverside Partners
Riverside Fund VII
2017**
$400**
MA
The Riverside Company
Riverside Capital Appreciation Fund VIII
2018**
$1,079**
NY
Guardian Capital Partners
Guardian Capital Partners Fund IV
2018**
$284**
PA
Spire Capital
Spire Capital Partners V
2019**
$292**
NY
North Castle Partners
North Castle Partners VIII
2019**
$400**
NY
Bregal Partners
Bregal Partners Fund III
2019**
$650**
NY
Novacap
Novacap Industries VI
2019**
CAD940**
QC
Carlyle Group
Carlyle Global Financial Services Partners IV
2019**
$1,100**
DC
Cerberus Capital Management
Cerberus Global Private Equity Partners II
2019**
$3,000**
NY
Staple Street Capital
Staple Street Capital IV
2019**
$520**
NY
Yellow Wood Partners
Yellow Wood Partners Fund IV
2020**
$750**
MA
Assured Healthcare Partners
AHP Fund III
2020**
$759**
NY
Consonance Capital
Consonance Private Equity III
2020**
$856**
NY
Cornell Capital
Cornell Capital Partners III
2020**
$1,700**
NY
Blackstone Group
Blackstone Core Equity Partners III
2020**
$8,160**
NY
Pine Island Capital Partners
Pine Island Capital Partners II
2020**
$300**
DC
DC Capital Partners
DC Capital Partners Fund IV
2021**
$555*
VA
GreyLion
GreyLion Fund IV
2021**
$562**
NY
ABRY Partners
ABRY Heritage Partners III
2021**
$605**
MA
Further Global Capital Management
Further Global Capital Partners III
2021**
$835**
NY
MidOcean Partners
MidOcean Partners VII
2021**
$1,500**
NY
Quad-C
Quad-C Partners XI
2021**
$1,667**
VA
Veritas Capital
Veritas Capital Vantage Fund II
2021**
$1,800**
NY
Kelso & Company
Kelso Investment Associates XII
2021**
$3,283**
NY
Harvest Partners
Harvest Partners X
2021**
$5,340**
NY
Welsh, Carson, Anderson & Stowe
Welsh, Carson, Anderson & Stowe XV
2021**
$5,040**
NY
Care Equity
Care Equity III
2022*
$298**
NY
Astara Capital Partners
Astara Capital Partners Fund II
2022**
$312**
NY
NexPhase Capital
NexPhase Capital Fund VI
2022**
$795**
NY
Paine Schwartz Partners
Paine Schwartz Food Chain Fund VII
2022**
$1,700**
NY
Arsenal Capital Partners
Arsenal Capital Partners VII
2022**
$4,323**
NY
Forward Consumer Partners
Forward Fund II
2022**
$425**
CT
Clearhaven Partners
Clearhaven Fund III
2023**
$580**
MA
Audax Private Equity
Audax Private Equity Fund VIII
2023**
$5,250**
MA
LongRange Capital
LongRange Capital Fund II
2020**
$1,500**
CT
* Denotes target fund size.
** Denotes prior vintage/fund size.
1 Reverence Capital Partners PE Opportunities Fund IV (Fund VIII)
All fund sizes are in millions.
Source: Preqin, news releases, PFG market intelligence.
14
14
Northeast Buyout Fundraise Timeline (Cont’d)
Closed funds
Final closing/anticipated final closing date
GPs in the market with their latest fund
GPs expected to launch during this period
"
Evercore PFG - North America Buyout Market Map - H1 2026.pdf,16,"15
15
Northeast Buyout Fundraise Timeline (Cont’d)
Closed funds
Final closing/anticipated final closing date
GPs in the market with their latest fund
GPs expected to launch during this period
* Denotes target fund size.
** Denotes prior vintage/fund size.
All fund sizes are in millions.
Source: Preqin, news releases, PFG market intelligence.
Fund Manager
Fund
Vintage
Fund Size (m)
Fund Manager 
HQ
Pre-
2024 H1
2024
2025
2026
Post-
2026 H2
H1
H2
H1
H2
H1
H2
Gainline Capital Partners
Gainline Equity Fund III
2021**
$400**
CT
Radial Equity Partners
Radial Equity Fund II
2021**
$581**
NY
Aterian Investment Partners
Aterian Investment Partners V
2021**
$834**
NY
The Riverside Company
Riverside Micro-Cap Fund VII
2021**
$1,872**
NY
Fort Point Capital
FPC Small Cap Fund IV
2022**
$340**
MA
Great Point Partners
Great Point Partners V
2022**
$506**
CT
Access Holdings
Access Holdings Fund III
2022**
$750*
MD
Carlyle
Carlyle Partners IX
2022**
$14,800**
DC
Graycliff Partners
Graycliff Private Equity Partners VI
2023**
$600**
NY
Audax Private Equity
Audax Private Equity Origins Fund II
2023**
$774**
MA
Gemspring Capital
Gemspring Capital Fund IV
2023**
$2,250*
CT
Parthenon Capital 
Parthenon Investors VIII
2023**
$4,500**
MA
American Industrial Partners
American Industrial Capital Partners Fund IX
2024**
$8,000*
NY
Clearview Capital
Clearview Capital Fund VI
2022**
$850**
CT
"
Evercore PFG - North America Buyout Market Map - H1 2026.pdf,17,"Midwest Buyout Market Map
16
16
Based on Preqin and Evercore PFG market intelligence.
Includes North America Midwest buyout funds with vintages from 2022 to 2023.
All fund sizes are in millions.
1 Entrepreneurial Equity Partners Fund II
2 Shore Capital Healthcare Partners Fund V
* Denotes target fund size.
** Denotes prior fund size.
Fund Size
2022
2023
Vistria 
Fund V 
($3,000)
BDT 
Capital 
Partners 
Fund IV 
($14,000)
Kanbrick 
Holdings 
($250)
Goldner 
Hawn 
Fund VIII 
($364)
Stonehenge
Opportunity
Fund V
($375)
Parkergale 
Capital III 
($375)
Pfingsten 
Fund VI 
($435)
RB Equity 
Fund III 
($360)
BPOC 
Fund VI 
($550)
Blue Point 
Capital 
Partners V 
($628)
Wind Point 
Partners X 
($2,300)
Argonaut
Private
Equity Fund V
($500)
Entrepreneurial
Partners
Fund II
($546)1
Waud Capital
Partners VI
($1,000)
$400m
$800m
$200m
$4,000m
$600m
$1,000m
Shorehill 
Private 
Equity II 
($260)
Edgewater 
Capital 
Partners V 
($330)
Harbour
Group
Investment VIII
($424)
Shore 
Healthcare 
Fund V 
($439)2
O2 
Investment 
Partners 
Fund IV 
($445)
HCP 
Services 
Fund 
($450)
May River 
Capital 
Fund III 
($500)
Riverspan 
Partners 
Fund I 
($500)
Beringer 
Capital 
Fund V 
($475)
CIVC 
Partners 
Fund VII 
($870)
Onex
Transportation
Partners I
($750*)
Peloton
Capital
Management
Fund II
($550)
MPE 
Partners IV 
($633)
TorQuest 
Partners 
Fund VI 
($2,100)
GTCR 
Fund XIV 
($11,500)
Wynnchurch 
Capital 
Partners VI
 ($3,500)
ONCAP V 
($1,300)
Cressey &
Co Fund VII
($1,400)
Flexpoint
Fund V
($2,025)
Great
Range Capital
Fund III
($250)
"
Evercore PFG - North America Buyout Market Map - H1 2026.pdf,18,"17
17
Fund Size
2024
 
Midwest Buyout Market Map (Cont’d)
McCarthy
Capital
Fund VIII
($870)
CID Capital 
Opportunity
Fund IV
($250)
Thoma Bravo
Fund XVI
($24,300)
5th Century
Partners
Fund II
($250)
Shoreview
Capita
 Partners V 
($500)
Speyside
Equity Fund II
($300)
Frontenac XIII
Private Capital
($900)
Norwest
Equity
Partners XI
($1,000)
Shore
Capital
Partners
Fund II
($1,580)1
Onex
Partners
Opportunities
Fund
($1,200)
PPC
Fund IV
($3,400)
Thoma Bravo
Discover
Fund V
($8,100)
Compass
Group
Fund III
($408)
CORE
Industrial
Partners
Fund III
($685)
Keystone
Capital
Fund III
($630)
DW
Healthcare
Partners VI
($650)
2025
$400m
$800m
$200m
$4,000m
$600m
$1,000m
Linden
Opportunities
Fund I
($589**)
Shore
Capital
Healthcare
Partners Fund
($1,581)2
Periscope
Equity III
($370)
Longshore
Capital Fund II
($325)
Benford
Capital
Partners III
($365)
Baird
Capital
Global
Fund III
($425)
Shore
Capital
Food &
Beverage
Fund III
($450)3
PPM
Strategic
Opportunities
Fund I
($500*)
Shore
Capital
Healthcare
Partners
Fund VI
($625)
O2
Investment
Partners
Fund V
($670)
Arbor
Investments VI
($1,200)
Chicago
Pacific
Founders
Fund IV
($1,400)
Birch Hill
Equity
Partners VII
($2,650)
Madison
Dearborn
Capital
Partners IX
($3,000*)
GTCR
Strategic
Growth
Fund II
($3,600)
Linden
Capital
Partners VI
($5,200)
Wind Point
Partners XI
($2,500*)
Based on Preqin and Evercore PFG market intelligence.
Includes North America Midwest buyout funds with vintages from 2024 to 2025.
All fund sizes are in millions.
1 Shore Capital Business Services Partners Fund II
2 Shore Capital Healthcare Advantage Partners Fund
3 Shore Capital Food & Beverage Partners Fund III
* Denotes target fund size.
** Denotes prior fund size.
"
Evercore PFG - North America Buyout Market Map - H1 2026.pdf,19,"18
18
Fund Size
Potentially 
returning to market 
2026
 
Midwest Buyout Market Map (Cont’d)
Based on Preqin and Evercore PFG market intelligence.
Includes North America Midwest buyout funds with 2026 vintage and potentially returning to market.
All fund sizes are in millions.
* Denotes target fund size.
** Denotes prior fund size.
RiverGlade 
Capital III 
($453**)
Shorehill 
Private 
Equity III 
($260**)
Stonehenge
Opportunity
Fund VI
($375**)
Harbour
Group
Investments IX
($424*)
Prairie 
Capital VIII 
($450**)
Edgewater 
Capital 
Partners VI 
($330**)
Tyree & 
D'Angelo 
Partners 
Fund IV 
($350**)
GTCR
Fund XV
($11,500**)
HKW 
Capital 
Partners VI 
($365**)
Pfingsten
Fund VII
($435**)
Altas
Partners
Holdings IV
($4,000**)
Water Street
Healthcare
Partners VI
($1,400**)
Ironbridge 
Equity 
Partners V 
($383**)
Silver Oak
Services
Fund V
($500**)
$400m
$800m
$200m
$4,000m
$600m
$1,000m
Linden
Opportunities
Fund II
($750)
Red Arts
Capital
Opportunity
Fund II
($500*)
Argonaut
Private
Equity Fund VI
($500**)
May River
Capital
Fund IV
($500**)
Blue Point
Capital
Partners VI
($628**)
MPE
Partners V
($633**)
Mason
Wells
Buyout
Fund VI
($767**)
Imperial
Capital
Acquisition
Fund IX
($800**)
RoundTable
Healthcare
Partners VII
($800**)
Industrial
Opportunity
Partners V
($800*)
Sheridan
Capital
Partners
Fund IV
($850*)
CIVC
Partners
Fund VIII
($1,200*)
Thompson
Street
Capital
Partners VII
($1,500**)
Thoma Bravo
Explore
Fund III
($1,839**)
Flexpoint
Fund VI
($2,025**)
TorQuest
Partners
Fund VII
($2,100**)
Great Range
Capital
Fund IV
($250**)
"
Evercore PFG - North America Buyout Market Map - H1 2026.pdf,20,"19
19
Midwest Buyout Fundraise Timeline
* Denotes target fund size.
** Denotes prior vintage/fund size.
All fund sizes are in millions.
Source: Preqin, news releases, PFG market intelligence.
Closed funds
Final closing/anticipated final closing date
GPs in the market with their latest fund
GPs expected to launch during this period
Fund Manager
Fund
Vintage
Fund Size (m)
Fund Manager 
HQ
Pre-
2024 H1
2024
2025
2026
Post-
2026 H2
H1
H2
H1
H2
H1
H2
Stonehenge Partners
Stonehenge Opportunity Fund V
2022
$375
OH
O2 Investment Partners
O2 Investment Partners Fund IV
2023
$445
MI
GTCR
GTCR Fund XIV
2023
$11,500
IL
MPE Partners
MPE Partners IV
2023
$633
OH
Blue Point Capital Partners
Blue Point Capital Partners V
2022
$628
OH
Argonaut Private Equity
Argonaut Private Equity Fund V
2022
$500
OK
Shorehill Capital
Shorehill Private Equity II
2023
$260
IL
Pfingsten Partners
Pfingsten Fund VI
2022
$435
IL
May River Capital
May River Capital Fund III
2023
$500
IL
Flexpoint Ford
Flexpoint Fund V
2023
$2,025
IL
Great Range Capital
Great Range Capital Fund III
2023
$250
KS
Edgewater Capital Partners
Edgewater Capital Partners V
2023
$330
OH
Shore Capital Partners
Shore Capital Healthcare Partners Fund V
2023
$439
IL
CIVC Partners
CIVC Partners Fund VII
2023
$870
IL
TorQuest Partners
TorQuest Partners Fund VI
2023
CAD2,100
ON
Harbour Group
Harbour Group Investments VIII
2023
$424
MO
Entrepreneurial Equity Partners
Entrepreneurial Equity Partners Fund II
2022
$546
IL
Wind Point Partners
Wind Point Partners X
2022
$2,300
IL
BDT & MSD Partners
BDT Capital Partners Fund IV
2022
$14,000
IL
Goldner Hawn
Goldner Hawn Fund VIII
2022
$364
MN
Cressey & Company
Cressey & Co Fund VII
2023
$1,400
IL
CORE Industrial Partners
CORE Industrial Partners Fund III
2024
$685
IL
Keystone Capital
Keystone Capital Fund III
2024
$630
IL
M-One Capital
McCarthy Capital Fund VIII
2024
$870
NE
Wynnchurch Capital
Wynnchurch Capital Partners VI
2023
$3,500
IL
Compass Group Equity Partners
Compass Group Fund III
2024
$408
MO
Linden Capital Partners
Linden Opportunities Fund I
2024
$589**
IL
Peloton Capital Management
Peloton Capital Management Fund II
2023
CAD550
ON
Norwest Equity Partners
Norwest Equity Partners XI
2024
$1,000
MN
CID Capital
CID Capital Opportunity Fund IV
2024
$250
IN
ShoreView
Shoreview Capital Partners V
2024
$500
MN
Shore Capital Partners
Shore Capital Business Services Partners Fund II
2024
$1,580
IL
ONCAP
ONCAP V
2023
$1,300
ON
Vistria Group
Vistria Fund V
2022
$3,000
IL
Beringer Capital
Beringer Capital Fund V
2023
$475
ON
Longshore Capital Partners
Longshore Capital Fund II
2025
$325
IL
Onex
Onex Partners Opportunities Fund
2024
$1,200
ON
Thoma Bravo
Thoma Bravo Discover Fund V
2024
$8,100
IL
Thoma Bravo
Thoma Bravo Fund XVI
2024
$24,300
IL
Frontenac Company
Frontenac XIII Private Capital
2024
$900
IL
Arbor Investments Management
Arbor Investments VI
2025
$1,200
IL
"
Evercore PFG - North America Buyout Market Map - H1 2026.pdf,21,"20
20
Midwest Buyout Fundraise Timeline (Cont’d)
Fund Manager
Fund
Vintage
Fund Size (m)
Fund Manager 
HQ
Pre-
2024 H1
2024
2025
2026
Post-
2026 H2
H1
H2
H1
H2
H1
H2
GTCR
GTCR Strategic Growth Fund II
2025
$3,600
IL
Linden Capital Partners
Linden Capital Partners VI
2025
$5,200
IL
Benford Capital Partners
Benford Capital Partners III
2025
$365
IL
Rockbridge Growth Equity
RB Equity Fund III
2022
$360
MI
Speyside Equity
Speyside Equity Fund II
2024
$300
MI
PPC
PPC Fund IV
2024
$3,400
IL
Periscope Equity
Periscope Equity III
2025
$370
IL
Birch Hill Equity Partners
Birch Hill Equity Partners VII
2025
CAD2,650
ON
Shore Capital Partners
Shore Capital Food & Beverage Partners Fund III
2025
$450
IL
Shore Capital Partners
Shore Capital Healthcare Partners Fund VI
2025
$625
IL
Chicago Pacific Founders
Chicago Pacific Founders Fund IV
2025
$1,400
IL
O2 Investment Partners
O2 Investment Partners Fund V
2025
$670
MI
Kanbrick
Kanbrick Holdings
2022
$250
IL
Beecken Petty O'Keefe & Company
BPOC Fund VI
2022
$550
IL
ParkerGale
ParkerGale Capital III
2022
$375
IL
Waud Capital Partners
Waud Capital Partners VI
2022
$1,000
IL
Riverspan Partners
Riverspan Partners Fund I
2023
$500
IL
Huron Capital Partners
HCP Services Fund
2023
$450
MI
Onex
Onex Transportation Partners I
2023
$750*
ON
Fifth Century Partners
5th Century Partners Fund II
2024
$250
IL
Shore Capital Partners
Shore Capital Healthcare Advantage Partners Fund
2024
$1,581
IL
Baird Capital Partners
Baird Capital Global Fund III
2025
$425
WI
PPMAmerica
PPM Strategic Opportunities Fund I
2025
$500*
IL
Madison Dearborn Partners
Madison Dearborn Capital Partners IX
2025
$3,000*
IL
DW Healthcare Partners
DW Healthcare Partners VI
2024
$650
ON
Wind Point Partners
Wind Point Partners XI
2025
$2,500*
IL
Linden Capital Partners
Linden Opportunities Fund II
2026
$750
IL
Hammond, Kennedy, Whitney & Co.
HKW Capital Partners VI
2019**
$365**
IN
Silver Oak Services Partners
Silver Oak Services Fund V
2019**
$500**
IL
Mason Wells
Mason Wells Buyout Fund VI
2020**
$767**
WI
Ironbridge Equity Partners
Ironbridge Equity Partners V
2021**
CAD383**
ON
Prairie Capital
Prairie Capital VIII
2021**
$450**
IL
RiverGlade Capital
RiverGlade Capital III
2021**
$453**
IL
Red Arts Capital
Red Arts Capital Opportunity Fund II
2021**
$500*
IL
Imperial Capital Group
Imperial Capital Acquisition Fund IX
2021**
$800**
ON
Sheridan Capital Partners
Sheridan Capital Partners Fund IV
2021**
$850*
IL
Thompson Street Capital Partners
Thompson Street Capital Partners VII
2021**
$1,500**
MO
Tyree & D'Angelo Partners
Tyree & D'Angelo Partners Fund IV
2022**
$350**
IL
Argonaut Private Equity
Argonaut Private Equity Fund VI
2022**
$500**
OK
RoundTable Healthcare Partners
RoundTable Healthcare Partners VII
2022**
$800**
IL
Water Street Healthcare Partners
Water Street Healthcare Partners VI
2022**
$1,400**
IL
* Denotes target fund size.
** Denotes prior vintage/fund size.
All fund sizes are in millions.
Source: Preqin, news releases, PFG market intelligence.
Closed funds
Final closing/anticipated final closing date
GPs in the market with their latest fund
GPs expected to launch during this period
"
Evercore PFG - North America Buyout Market Map - H1 2026.pdf,22,"21
21
Midwest Buyout Fundraise Timeline (Cont’d)
Fund Manager
Fund
Vintage
Fund Size (m)
Fund Manager 
HQ
Pre-
2024 H1
2024
2025
2026
Post-
2026 H2
H1
H2
H1
H2
H1
H2
Edgewater Capital Partners
Edgewater Capital Partners VI
2023**
$330**
OH
May River Capital
May River Capital Fund IV
2023**
$500**
IL
Flexpoint Ford
Flexpoint Fund VI
2023**
$2,025**
IL
GTCR
GTCR Fund XV
2023**
$11,500**
IL
Thoma Bravo
Thoma Bravo Explore Fund III
2024**
$1,839**
IL
Blue Point Capital Partners
Blue Point Capital Partners VI
2022**
$628**
OH
Industrial Opportunity Partners
Industrial Opportunity Partners V
2022**
$800*
IL
Altas Partners
Altas Partners Holdings IV
2022**
$4,000**
ON
CIVC Partners
CIVC Partners Fund VIII
2023**
$1,200*
IL
Stonehenge Partners
Stonehenge Opportunity Fund VI
2022**
$375**
OH
Pfingsten Partners
Pfingsten Fund VII
2022**
$435**
IL
Great Range Capital
Great Range Capital Fund IV
2023**
$250**
KS
Shorehill Capital
Shorehill Private Equity III
2023**
$260**
IL
Harbour Group
Harbour Group Investments IX
2023**
$424*
MO
MPE Partners
MPE Partners V
2023**
$633**
OH
TorQuest Partners
TorQuest Partners Fund VII
2023**
CAD2,100**
ON
* Denotes target fund size.
** Denotes prior vintage/fund size.
All fund sizes are in millions.
Source: Preqin, news releases, PFG market intelligence.
Closed funds
Final closing/anticipated final closing date
GPs in the market with their latest fund
GPs expected to launch during this period
"
Evercore PFG - North America Buyout Market Map - H1 2026.pdf,23,"Southeast Buyout Market Map
22
22
Fund Size
$400m
$800m
$200m
$4,000m
$600m
$1,000m
Based on Preqin and Evercore PFG market intelligence.
Includes North America Southeast Buyout funds with vintages from 2022 to 2023.
All fund sizes are in millions.
* Denotes target fund size.
** Denotes prior vintage/fund size.
Crossplane
Capital
Fund II
($373)
CIC V
($250)
Ridgemont
Equity
Partners IV
($2,350 )
Sterling
Group
Foundation
Fund
($636)
LKCM
Headwater
Investments IV
($975)
Kainos
Capital
Partners III
($1,000)
KLH Capital
Fund V
($400)
Warren
Equity
Partners
Fund IV
($1,400)
ORG
Opportunity
Fund IV
($250*)
River VIII
($345)
Shoreline
Equity
Partners
Fund II
($450)
2023
 
2022
Sun Capital
Partners VIII
($1,417)
New Water 
Capital 
Partners II 
($160)
CenterGate
Capital
Partners II
($375)
Comvest
Investment
Partners VI
($881)
Strattam
Capital
Investment
Fund III
($308)
Summit 
Park IV 
($276)
AE Industrial
Partners
Fund III
($1,280)
Apex Capital
Core Fund I
($254)
Iron Path 
Capital 
Fund I 
($273)
H.I.G.
Advantage
Buyout Fund II
($5,000*)
Blue Sea
Capital
Fund III 
($618)
Trivest
Recognition
Fund
($1,300)
Ara Fund III
($2,800)
H.I.G.
Middle Market
LBO Fund IV
($5,500)
Vista
Equity Partners
Fund VIII
($20,000)
Palm Beach
Capital Fund VI
($350)
Rubicon
Fund II
($1,180)
Pelican
Energy
Partners
Base Zero
($450)
Trive Capital
Fund V
($2,700)
WCP
Healthcare
Partners I
($300)
ICV
Partners V
($750*)
Citation
Fund I
($500*)
MiddleGround
Partners III
($800*)
"
Evercore PFG - North America Buyout Market Map - H1 2026.pdf,24,"Southeast Buyout Market Map (Cont’d)
23
23
Fund Size
$400m
$800m
$200m
$4,000m
$600m
$1,000m
Based on Preqin and Evercore PFG market intelligence.
Includes North America Southeast Buyout funds with vintages from 2024 to 2026.
All fund sizes are in millions.
* Denotes target fund size.
** Denotes prior vintage/fund size.
Gauge
Capital IV
($1,400)
Trinity Hunt
Partners VII
($700)
Eir
Program II
($496)
Sterling
Group
Partners VI
($3,500)
2025
 
2024
2026
Greenridge
Growth
Partners II
($255)
Hidden
Harbor Capital
Partners
Fund III
($800)
Resurgens
Technology
Partners III
($800)
CenterOak
Partners
Fund III
($1,100)
H.I.G.
Capital
Partners VII
($2,000)
Unity
Partners
Fund I
($330)
Sky Island
Capital II
($300)
1876 Partners
Fund I
($255)
Allied
Industrial
Partners I
($300)
Peak Rock
Capital IV
($2,500)
AUA Private
Equity
Fund III
($525*)
LFM Capital
Partners IV
($462)
Blue Sage
Capital IV
($618)
Arbor
Investments VI
($1,200)
GP Capital
Partners II
($300)
Falfurrias
Capital
Partners VI
($1,350)
Terminus
Capital
Partners I
($250)
SSC
Partners III
($700)
Plexus
Equity Fund II
($345)
Arcline
Capital
Partners IV
($6,000)
Palm Peak
Capital
Fund I
($374)
Vista Equity
Endeavor
Fund III
($1,030**)
Warren
Equity
Partners
Fund V
($2,300*)
Pamlico 
Capital VI
($1,750)
Ridgemont
Equity
Partners V
($3,975)
Eir
Partners III
($1,000)
Vista
Foundation
Fund V
($4,000*)
Roark
Capital
Partners VII
($5,000*)
Capstreet VI
($600*)
Braemont
Partners II
($500*)
Mangrove
Investors IV
($250)
"
Evercore PFG - North America Buyout Market Map - H1 2026.pdf,25,"Southeast Buyout Market Map (Cont’d)
24
24
Fund Size
$400m
$800m
$200m
$4,000m
$600m
$1,000m
Based on Preqin and Evercore PFG market intelligence.
Includes North America Southeast Buyout funds with vintages for potentially returning to market.
All fund sizes are in millions.
* Denotes target fund size.
** Denotes prior vintage/fund size.
SSC 
Partners IV 
($700**)
Potentially 
returning to market 
Accelmed 
Partners III 
($400**)
Carousel
Capital
Partners VII
($1,000*)
New Water
Capital
Partners III
($250*)
Iron Path 
Capital 
Fund II 
($273**)
Havencrest 
Healthcare 
Partners III 
($356**)
Align 
Capital 
Partners 
Fund IV 
($620**)
Trivest 
Fund VIII 
($950**)
Serent 
Capital VI 
($1,100**)
Sun 
Capital 
Partners IX 
($1,417*)
Blue Sea 
Capital 
Fund IV 
($618**)
Sky Island 
Capital III 
($300**)
Unity 
Partners 
Fund II 
($330**)
Trinity Hunt
Partners VIII
($700**)
LongueVue
Capital
Partners V
($600*)
CIC VI
($250**)
Crossplane
Capital
Fund III
($373**)
KLH Capital
Fund VI
($350*)
Shoreline
Equity Partners
Fund III
($450**)
LKCM
Headwater
Investments V
($975**)
Trivest
Recognition
Fund II
($1,300**)
Ara
Fund IV
($2,800**)
HighPost
Capital
Fund II
($500*)
Rubicon
Fund III
($1,180**)
H.I.G.
Middle
Market LBO
Fund V
($5,500**)
1876 Partners
Fund II 
($255**)
Hidden
Harbor
Capital Partners
Fund IV
(800**)
Gauge
Capital V
($1,400**)
"
Evercore PFG - North America Buyout Market Map - H1 2026.pdf,26,"Southeast Buyout Fundraise Timeline
25
25
Closed funds
Final closing/anticipated final closing date
* Denotes target fund size.
** Denotes prior vintage/fund size.
All fund sizes are in millions.
Source: Preqin, news releases, PFG market intelligence.
GPs in the market with their latest fund
GPs expected to launch during this period
Fund Manager
Fund
Vintage
Fund Size (m)
Fund Manager 
HQ
Pre-
2024 H1
2024
2025
2026
Post-
2026 H2
H1
H2
H1
H2
H1
H2
Ridgemont Equity Partners
Ridgemont Equity Partners IV
2022
$2,350
NC
CIC Partners
CIC V
2022
$250
TX
Crossplane Capital
Crossplane Capital Fund II
2022
$373
TX
Kainos Capital
Kainos Capital Partners III
2023
$1,000
TX
Sun Capital Partners
Sun Capital Partners VIII
2022
$1,417
FL
The Sterling Group
Sterling Group Foundation Fund
2023
$636
TX
KLH Capital
KLH Capital Fund V
2023
$400
FL
Shoreline Equity Partners
Shoreline Equity Partners Fund II
2023
$450
FL
Warren Equity Partners
Warren Equity Partners Fund IV
2023
$1,400
FL
River Associates
River VIII
2023
$345
TN
New Water Capital
New Water Capital Partners II
2022
$160
FL
Owner Resource Group
ORG Opportunity Fund IV
2023
$250*
TX
CenterGate Capital
CenterGate Capital Partners II
2022
$375
TX
Blue Sea Capital
Blue Sea Capital Fund III
2023
$618
FL
Trivest Partners
Trivest Recognition Fund
2023
$1,300
FL
Ara Partners
Ara Fund III
2023
$2,800
TX
H.I.G. Capital
H.I.G. Middle Market LBO Fund IV
2023
$5,500
FL
LKCM Headwater Investments
LKCM Headwater Investments IV
2023
$975
TX
Comvest Partners
Comvest Investment Partners VI
2022
$881
FL
Vista Equity Partners
Vista Equity Partners Fund VIII
2023
$20,000
TX
Strattam Capital
Strattam Capital Investment Fund III
2022
$308
TX
Summit Park
Summit Park IV
2022
$276
NC
Palm Beach Capital
Palm Beach Capital Fund VI
2023
$350
FL
Gauge Capital
Gauge Capital IV
2024
$1,400
TX
Trinity Hunt Partners
Trinity Hunt Partners VII
2024
$700
TX
Rubicon Founders
Rubicon Fund II
2023
$1,180
TN
The Sterling Group
Sterling Group Partners VI
2024
$3,500
TX
Eir Partners
Eir Program II
2024
$496
FL
AE Industrial Partners
AE Industrial Partners Fund III
2022
$1,280
FL
Iron Path Capital
Iron Path Capital Fund I
2022
$273
TN
Pelican Energy Partners
Pelican Energy Partners Base Zero
2023
$450
TX
Greenridge Growth Partners
Greenridge Growth Partners II
2024
$255
TX
Hidden Harbor Capital Partners
Hidden Harbor Capital Partners Fund III
2024
$800
FL
Resurgens Technology Partners
Resurgens Technology Partners III
2024
$800
GA
CenterOak Partners
CenterOak Partners Fund III
2024
$1,100
TX
H.I.G. Capital
H.I.G. Capital Partners VII
2024
$2,000
FL
LFM Capital
LFM Capital Partners IV
2025
$462
TN
Apex Capital
Apex Capital Core Fund I
2022
$254
FL
Unity Partners
Unity Partners Fund I
2024
$330
TX
Sky Island Capital
Sky Island Capital II
2024
$300
TX
Trive Capital
Trive Capital Fund V
2023
$2,700
TX
1876 Partners
1876 Partners Fund I
2024
$255
TX
"
Evercore PFG - North America Buyout Market Map - H1 2026.pdf,27,"Southeast Buyout Fundraise Timeline (Cont’d)
26
26
Closed funds
Final closing/anticipated final closing date
* Denotes target fund size.
** Denotes prior vintage/fund size.
All fund sizes are in millions.
Source: Preqin, news releases, PFG market intelligence.
GPs in the market with their latest fund
GPs expected to launch during this period
Fund Manager
Fund
Vintage
Fund Size (m)
Fund Manager 
HQ
Pre-
2024 H1
2024
2025
2026
Post-
2026 H2
H1
H2
H1
H2
H1
H2
Allied Industrial Partners
Allied Industrial Partners I
2024
$300
TX
Blue Sage Capital
Blue Sage Capital IV
2025
$618
TX
Arbor Investments Management
Arbor Investments VI
2025
$1,200
FL
Genesis Park
GP Capital Partners II
2025
$300
TX
Falfurrias Management Partners
Falfurrias Capital Partners VI
2025
$1,350
NC
Pamlico Capital
Pamlico Capital VI
2026
$1,750
NC
Terminus Capital Partners
Terminus Capital Partners I
2025
$250
GA
Sole Source Capital
SSC Partners III
2025
$700
TX
Whistler Capital Partners
WCP Healthcare Partners I
2023
$300
TN
Peak Rock Capital
Peak Rock Capital IV
2024
$2,500
TX
Plexus Capital
Plexus Equity Fund II
2025
$345
NC
Ridgemont Equity Partners
Ridgemont Equity Partners V
2026
$3,975
NC
Arcline Investment Management
Arcline Capital Partners IV
2025
$6,000
TN
Palm Peak Capital
Palm Peak Capital Fund I
2025
$374
FL
Mangrove Equity Partners
Mangrove Investors IV
2025
$250
FL
Eir Partners
Eir Partners III
2026
$1,000
FL
ICV Partners
ICV Partners V
2023
$750*
FL
Citation
Citation Fund I
2023
$500*
TX
MiddleGround Capital
MiddleGround Partners III
2023
$800*
KY
H.I.G. Capital
H.I.G. Advantage Buyout Fund II
2022
$5,000*
FL
AUA Private Equity Partners
AUA Private Equity Fund III
2024
$525*
FL
Vista Equity Partners
Vista Foundation Fund V
2026
$4,000*
TX
Vista Equity Partners
Vista Equity Endeavor Fund III
2025
$1,030**
TX
Roark Capital Group
Roark Capital Partners VII
2026
$5,000*
GA
CapStreet Group
Capstreet VI
2026
$600*
TX
Warren Equity Partners
Warren Equity Partners Fund V
2025
$2,300*
FL
Braemont Capital
Braemont Partners II
2026
$500*
TX
Accelmed
Accelmed Partners III
2020**
$400**
FL
Carousel Capital
Carousel Capital Partners VII
2020**
$1,000*
NC
New Water Capital
New Water Capital Partners III
2022**
$250*
FL
Iron Path Capital
Iron Path Capital Fund II
2022**
$273**
TN
Havencrest Capital Management
Havencrest Healthcare Partners III
2022**
$356**
TX
Align Capital Partners
Align Capital Partners Fund IV
2022**
$620**
TX
Trivest Partners
Trivest Fund VIII
2022**
$950**
FL
Serent Capital
Serent Capital VI
2022**
$1,100**
TX
Sun Capital Partners
Sun Capital Partners IX
2022**
$1,417*
FL
Blue Sea Capital
Blue Sea Capital Fund IV
2023**
$618**
FL
Sky Island Capital
Sky Island Capital III
2024**
$300**
TX
Unity Partners
Unity Partners Fund II
2024**
$330**
TX
Trinity Hunt Partners
Trinity Hunt Partners VIII
2024**
$700**
TX
LongueVue Capital
LongueVue Capital Partners V
2021**
$600*
LA
CIC Partners
CIC VI
2022**
$250**
TX
"
Evercore PFG - North America Buyout Market Map - H1 2026.pdf,28,"Southeast Buyout Fundraise Timeline (Cont’d)
27
27
Closed funds
Final closing/anticipated final closing date
* Denotes target fund size.
** Denotes prior vintage/fund size.
All fund sizes are in millions.
Source: Preqin, news releases, PFG market intelligence.
GPs in the market with their latest fund
GPs expected to launch during this period
Fund Manager
Fund
Vintage
Fund Size (m)
Fund Manager 
HQ
Pre-
2024 H1
2024
2025
2026
Post-
2026 H2
H1
H2
H1
H2
H1
H2
Crossplane Capital
Crossplane Capital Fund III
2022**
$373**
TX
KLH Capital
KLH Capital Fund VI
2023**
$350*
FL
Shoreline Equity Partners
Shoreline Equity Partners Fund III
2023**
$450**
FL
LKCM Headwater Investments
LKCM Headwater Investments V
2023**
$975**
FL
Trivest Partners
Trivest Recognition Fund II
2023**
$1,300**
TX
Ara Partners
Ara Fund IV
2023**
$2,800**
TX
Sole Source Capital
SSC Partners IV
2025**
$700**
TX
Highpost Capital
HighPost Capital Fund II
2022**
$500*
FL
Rubicon Founders
Rubicon Fund III
2023**
$1,180**
TN
H.I.G. Capital
H.I.G. Middle Market LBO Fund V
2023**
$5,500**
FL
1876 Partners
1876 Partners Fund II
2024**
$255**
TX
Hidden Harbor Capital Partners
Hidden Harbor Capital Partners Fund IV
2024**
$800**
FL
Gauge Capital
Gauge Capital V
2024**
$1,400**
TX
"
Evercore PFG - North America Buyout Market Map - H1 2026.pdf,29,"West Coast Buyout Market Map
28
28
Based on Preqin and Evercore PFG market intelligence.
Includes North America Westcoast buyout funds with vintages 2022.
1 Kingswood Capital Opportunities Fund II
All fund sizes are in millions.
* Denotes target fund size.
** Denotes prior fund size.
Fund Size
$800m
$1,600m
$400m
$10,000m
$1,200m
$2,000m
2022
OpenGate
Capital
Partners III
($400)
Angeles
Equity
Partners II
($540)
Bow River
Private
Equity Fund III
($590)
Kingswood
Capital
Fund II
($620)1
Martis
Partners IV
($779)
Lone View
Capital Fund I
($850)
Industrial
Growth
Partners VI
($1,200)
RUBICON
Technology
Partners IV
($1,700)
TPG
Healthcare
Partners II
($3,600)
TSG 9
($5,900)
TPG
Partners IX
($12,000)
Platinum
Equity Capital
Partners VI
($12,400)
Silver Lake
Partners VII
($20,500)
ACP 
Investment 
Fund IV
($550)
Varsity
Healthcare
Partners IV
($700)
"
Evercore PFG - North America Buyout Market Map - H1 2026.pdf,30,"West Coast Buyout Market Map (Cont’d)
29
29
Based on Preqin and Evercore PFG market intelligence.
Includes North America Westcoast buyout funds with vintages 2023.
1 Accel-KKR Emerging Buyout Partners II
All fund sizes are in millions.
* Denotes target fund size.
** Denotes prior fund size.
Fund Size
$800m
$1,600m
$400m
$10,000m
$1,200m
$2,000m
Clearlake 
Capital 
Partners 
VIII 
($15,000*)
Encore 
Consumer 
Capital 
Fund IV 
($258)
Calera 
Capital 
Partners VI 
($555**)
Bertram 
Capital V 
($1,500)
Aurora
Equity
Partners VII
($2,100**)
Francisco
Partners
Agility III
($3,300)
Symphony
Technology
Group VII
($4,200)
Accel-KKR
Capital
Partners VII
($4,400)
Arcline 
Capital 
Partners III 
($4,500)
Alpine 
Investors IX 
($4,500)
K6 Private 
Investors 
($6,250*)
Genstar 
Capital 
Partners XI 
($12,600)
Hellman & 
Friedman
Capital
Partners XI 
($22,300)
2023
 
Green
Equity
Investors IX
($15,200)
Francisco
Partners VII
($13,500)
Seidler
Equity
Partners VIII
($1,250)
TriWest
Capital
Partners VI
(CAD650*)
Neos
Partners I
($830)
L Squared
Capital
Fund IV
($840)
Marlin
Heritage III
($900)
KLC
Fund II
($1,000)
Windjammer
Capital
Fund VI
($1,300)
Shamrock
Capital Content
Fund III
($600)
SkyKnight
Capital
Fund IV
($1,003)
LightBay
Investment
Partners II
($1,040)
Tower Arch 
Partners III 
($750)
Accel-KKR
Buyout
Partners II
($920)1
Pacific 
Avenue 
Fund I 
($500)
Estancia
Capital
Partners
Fund III
($350*)
FS
Equity
Partners IX
($2,000*)
"
Evercore PFG - North America Buyout Market Map - H1 2026.pdf,31,"West Coast Buyout Market Map (Cont’d)
30
30
Fund Size
$800m
$1,600m
$400m
$10,000m
$1,200m
$2,000m
Sound
Growth
Partners
Fund I
($275)
Transom
Capital
Fund IV
($675)
Neos
Partners II
($1,400)
Architect
Equity
Fund I
($285)
Champlain
Capital
Partners IV
($340)
Truelink
Capital
($875)
FFL
Capital
Partners VI
($917**)
VMG
Consumer VI
($1,000*)
Kingswood
Capital
Fund III
($1,500)1
Percheron
Capital
Fund II
($1,550)
Platinum
Equity
Small Cap
Fund II
($2,282)
Frazier
Healthcare
Growth Buyout
Fund XI
($2,300)
Levine
Leichtman
Capital
Partners VII
($3,600)
Fernweh
Group I
($250*)
PIMCO EMD
Alpha Fund
($502)
Bertram
Ignite I
($260)
Teleo
Capital II
($350)
Excolere
Equity
Partners
Fund I
($400*)
Cimbal
Capital
Group Fund II
($500)
Marlin
Heritage
Europe III
(€1,000)
Luminate
Capital
Partners IV
($1,000*)
Patient
Square Equity
Partners II
($6,000*)
Shamrock
Capital Growth
Fund VI
($1,280)
Ares
Corporate
Opportunities
Fund VII
($6,000*)
Vector 
Velocity 
Fund
($300*)
Capitol 
Peak 
Partners 
Fund I
($350*)
Crest Rock 
Fund II
($500)
Insignia 
Capital 
Partners III
($500)
Curewell
Capital
Fund I
($535)
Enhanced
Healthcare
Partners II
($521**)
Seaside 
Equity 
Partners III
($565**)
Mountaingate
Capital Fund III
($570)
Vance Street
Capital IV
($775)
Brentwood
Private
Equity VII
($1,250*)2
Mainsail
Partners VII
($1,535)
Pacific
Avenue
Fund II
($1,650)
Revelstoke
Fund IV
($1,750*)3
TPG
Healthcare
Partners III
($3,600**)
Turn/River 
Capital VI
($2,500)
Oaktree 
Power
Fund VII 
($2,500*)4
TPG
Partners X
($12,000**)
Francisco
Partners VII
($14,000*)
2024
 
2025
Based on Preqin and Evercore PFG market intelligence.
Includes North America Westcoast buyout funds with vintages 2024 to 2025.
1 Kingswood Capital Opportunities Fund III
2 Brentwood Associates Private Equity VII
3 Revelstoke Capital Partners Fund IV
4 Oaktree Power Opportunities Fund VII
All fund sizes are in millions.
* Denotes target fund size.
** Denotes prior fund size.
"
Evercore PFG - North America Buyout Market Map - H1 2026.pdf,32,"West Coast Buyout Market Map (Cont’d)
31
31
Based on Preqin and Evercore PFG market intelligence.
Includes North America Westcoast buyout funds with vintages from 2026 and Potentially returning to market.
All fund sizes are in millions.
* Denotes target fund size.
** Denotes prior fund size.
Fund Size
$800m
$1,600m
$400m
$10,000m
$1,200m
$2,000m
Encore 
Consumer 
Capital 
Fund V
($350)
STG
Allegro II
($1,300)
HGGC 
Fund V 
($2,540**)
Francisco
Partners
Agility IV
($4,000*)
Percheron
Capital
Fund III
($3,000)
Green Equity
Investors X
($13,500**)
2026
Red Iron 
Group II 
($376**)
Charger 
Investment 
Partners 
Fund II 
($376**)
Bow River 
Private 
Equity 
Fund IV
($500**)
Rainier 
Partners 
Fund II 
($300**)
Angeles
Equity
Partners III
($540**)
Varsity 
Healthcare 
Partners V 
($700**)
American
Pacific Group
Fund III
($700**)
Martis
Partners V
($779**)
Tower
Arch
Partners IV
($750**)
Excellere 
Partners V 
($875**)
Endeavour 
Capital 
Fund IX 
($850**)
True Wind 
Fund III 
($817**)
Accel-KKR
Emerging
Buyout
Partners III
($920**)
L Squared
Capital
Fund V
($840**)
Butterfly 
Fund III 
($1,000**)
Serent 
Capital VI 
($1,100**)
LightBay
Investment
Partners III
($1,040**)
SkyKnight
Capital
Fund V
($1,003**)
Sumeru
Equity
Partners
Fund V
($1,300**)
Industrial
Growth
Partners VII
($1,200**)
LLCP Lower
Middle
Market Fund IV
($1,378**)
Seidler
Equity
Partners IX
($1,250**)
Gryphon
Partners VII
($2,700**)
Jade Equity
Investors III
($3,600**)
GI
 Partners VII
($3,900**)
Accel-KKR
Capital
Partners VIII
($4,400**)
Alpine
Investors X
($4,500**)
RUBICON
Technology
Partners V
($1,700**)
Symphony
Technology
Group VIII
($4,200**)
TSG 10
($5,900**)
Genstar
Capital
Partners XII
($12,600**)
Hellman&
Friedman
Capital
Partners XII
($22,300**)
Potentially 
returning to market 
Torch Key 
Fund I
($500*)
"
Evercore PFG - North America Buyout Market Map - H1 2026.pdf,33,"32
32
West Coast Buyout Fundraise Timeline
Closed funds
Final closing/anticipated final closing date
GPs in the market with their latest fund
GPs expected to launch during this period
* Denotes target fund size.
** Denotes prior vintage/fund size.
All fund sizes are in millions.
Source: Preqin, news releases, PFG market intelligence.
Fund Manager
Fund
Vintage
Fund Size (m)
Fund Manager 
HQ
Pre-
2024 H1
2024
2025
2026
Post-
2026 H2
H1
H2
H1
H2
H1
H2
Francisco Partners
Francisco Partners Agility III
2023
$3,300
CA
Industrial Growth Partners
Industrial Growth Partners VI
2022
$1,200
CA
Francisco Partners
Francisco Partners VII
2023
$13,500
CA
Bow River Capital
Bow River Private Equity Fund III
2022
$590
CO
Leonard Green & Partners
Green Equity Investors IX
2023
$15,200
CA
Martis Capital
Martis Partners IV
2022
$779
CA
Alpine Investors
Alpine Investors IX
2023
$4,500
CA
TSG Consumer Partners
TSG 9
2022
$5,900
CA
Shamrock Capital
Shamrock Capital Content Fund III
2023
$600
CA
Kingswood Capital
Kingswood Capital Opportunities Fund II
2022
$620
CA
Varsity Healthcare Partners
Varsity Healthcare Partners IV
2022
$700
CA
Neos Partners
Neos Partners I
2023
$830
CA
Accel-KKR
Accel-KKR Emerging Buyout Partners II
2023
$920
CA
LightBay Capital
LightBay Investment Partners II
2023
$1,040
CA
STG
Symphony Technology Group VII
2023
$4,200
CA
Accel-KKR
Accel-KKR Capital Partners VII
2023
$4,400
CA
TPG
TPG Partners IX
2022
$12,000
CA
Pacific Avenue Capital
Pacific Avenue Fund I
2023
$500
CA
Arcline Investment Management
Arcline Capital Partners III
2023
$4,500
CA
Genstar Capital Partners
Genstar Capital Partners XI
2023
$12,600
CA
Seidler Equity Partners
Seidler Equity Partners VIII
2023
$1,250
CA
TriWest Capital Partners
TriWest Capital Partners VI
2023
CAD650*
AB
Calera Capital
Calera Capital Partners VI
2023
$555**
CA
Rubicon Technology Partners
RUBICON Technology Partners IV
2022
$1,700
CO
Angeles Equity Partners
Angeles Equity Partners II
2022
$540
CA
TPG
TPG Healthcare Partners II
2022
$3,600
CA
Hellman & Friedman
Hellman & Friedman Capital Partners XI
2023
$22,300
CA
L Squared Capital Partners
L Squared Capital Fund IV
2023
$840
CA
SkyKnight Capital
SkyKnight Capital Fund IV
2023
$1,003
CA
Tower Arch Capital
Tower Arch Partners III
2023
$750
UT
Silver Lake
Silver Lake Partners VII
2022
$20,500
CA
Encore Consumer Capital
Encore Consumer Capital Fund IV
2023
$258
CA
Lone View Capital
Lone View Capital Fund I
2022
$850
CA
Windjammer Capital Investors
Windjammer Capital Fund VI
2023
$1,300
CA
Percheron Capital
Percheron Capital Fund II
2024
$1,550
CA
Champlain Capital Partners
Champlain Capital Partners IV
2024
$340
CA
Bertram Capital
Bertram Capital V
2023
$1,500
CA
Sound Growth Partners
Sound Growth Partners Fund I
2024
$275
WA
OpenGate Capital
OpenGate Capital Partners III
2022
$400
CA
Platinum Equity
Platinum Equity Capital Partners VI
2022
$12,400
CA
Transom Capital Group
Transom Capital Fund IV
2024
$675
CA
Truelink Capital
Truelink Capital
2024
$875
CA
Knox Lane
KLC Fund II
2023
$1,000
CA
PIMCO
PIMCO EMD Alpha Fund
2024
$502
CA
"
Evercore PFG - North America Buyout Market Map - H1 2026.pdf,34,"33
33
West Coast Buyout Fundraise Timeline (Cont’d)
Closed funds
Final closing/anticipated final closing date
GPs in the market with their latest fund
GPs expected to launch during this period
* Denotes target fund size.
** Denotes prior vintage/fund size.
All fund sizes are in millions.
Source: Preqin, news releases, PFG market intelligence.
Fund Manager
Fund
Vintage
Fund Size (m)
Fund Manager 
HQ
Pre-
2024 H1
2024
2025
2026
Post-
2026 H2
H1
H2
H1
H2
H1
H2
Vance Street Capital
Vance Street Capital IV
2025
$775
CA
Shamrock Capital
Shamrock Capital Growth Fund VI
2024
$1,280
CA
Kingswood Capital
Kingswood Capital Opportunities Fund III
2024
$1,500
CA
Neos Partners
Neos Partners II
2024
$1,400
CA
Frazier Healthcare Partners
Frazier Healthcare Growth Buyout Fund XI
2024
$2,300
WA
Bertram Capital
Bertram Ignite I
2024
$260
CA
VMG Partners
VMG Consumer VI
2024
$1,000*
CA
Mountaingate Capital
Mountaingate Capital Fund III
2025
$570
CO
Marlin Equity Partners
Marlin Heritage Europe III
2024
EUR1,000
CA
Turn/River Capital
Turn/River Capital VI
2025
$2,500
CA
Enhanced Healthcare Partners
Enhanced Healthcare Partners II
2025
$521**
CA
Seaside Equity Partners
Seaside Equity Partners III
2025
$565**
CA
Mainsail Partners
Mainsail Partners VII
2025
$1,535
CA
Altamont Capital Partners
ACP Investment Fund IV
2022
$550
CA
Levine Leichtman Capital Partners
Levine Leichtman Capital Partners VII
2024
$3,600
CA
TELEO Capital
Teleo Capital II
2024
$350
ID
Aurora Capital Partners
Aurora Equity Partners VII
2023
$2,100**
CA
Platinum Equity
Platinum Equity Small Cap Fund II
2024
$2,282
CA
Architect Equity
Architect Equity Fund I
2024
$285
CA
Crest Rock Partners
Crest Rock Fund II
2025
$500
CO
Curewell Capital Management
Curewell Capital Fund I
2025
$535
CA
Pacific Avenue Capital
Pacific Avenue Fund II
2025
$1,650
CA
Capitol Peak Partners
Capitol Peak Partners Fund I
2025
$350*
CO
Insignia Capital Group
Insignia Capital Partners III
2025
$500
CA
Encore Consumer Capital
Encore Consumer Capital Fund V
2026
$350
CA
STG
STG Allegro II
2026
$1,300
CA
Percheron Capital
Percheron Capital Fund III
2026
$3,000
CA
Marlin Equity Partners
Marlin Heritage III
2023
$900
CA
Cimbal Capital Group
Cimbal Capital Group Fund II
2024
$500
CA
Brentwood Associates
Brentwood Associates Private Equity VII
2025
$1,250*
CA
Estancia Capital Partners
Estancia Capital Partners Fund III
2023
$350*
AZ
Excolere Equity Partners
Excolere Equity Partners Fund I
2024
$400*
CA
Freeman Spogli 
FS Equity Partners IX
2023
$2,000*
CA
Patient Square Capital
Patient Square Equity Partners II
2024
$6,000*
CA
Ares Management Corporation
Ares Corporate Opportunities Fund VII
2025
$6,000*
CA
K1 Investment Management
K6 Private Investors
2023
$6,250*
CA
Clearlake Capital Group
Clearlake Capital Partners VIII
2023
$15,000*
CA
FFL Partners
FFL Capital Partners VI
2024
$917**
CA
Vector Capital
Vector Velocity Fund
2025
$300*
CA
Luminate
Luminate Capital Partners IV
2024
$1,000*
CA
Oaktree Capital Management
Oaktree Power Opportunities Fund VII
2025
$2,500*
CA
Fernweh Group
Fernweh Group I
2024
$250*
CA
HGGC
HGGC Fund V
2026
$2,540**
CA
Leonard Green & Partners
Green Equity Investors X
2026
$13,500**
CA
"
Evercore PFG - North America Buyout Market Map - H1 2026.pdf,35,"34
34
West Coast Buyout Fundraise Timeline (Cont’d)
Closed funds
Final closing/anticipated final closing date
GPs in the market with their latest fund
GPs expected to launch during this period
* Denotes target fund size.
** Denotes prior vintage/fund size.
All fund sizes are in millions.
Source: Preqin, news releases, PFG market intelligence.
Fund Manager
Fund
Vintage
Fund Size (m)
Fund Manager 
HQ
Pre-
2024 H1
2024
2025
2026
Post-
2026 H2
H1
H2
H1
H2
H1
H2
Francisco Partners
Francisco Partners Agility IV
2026
$4,000*
CA
Francisco Partners
Francisco Partners VIII
2025
$14,000*
CA
Torch Key Asset Management
Torch Key Fund I
2026
$500*
CA
TPG
TPG Healthcare Partners III
2025
$3,600**
CA
TPG
TPG Partners X
2025
$12,000**
CA
Revelstoke Capital Partners
Revelstoke Capital Partners Fund IV
2025
$1,750*
CO
Gryphon Investors
Gryphon Partners VII
2020**
$2,700**
CA
Rainier Partners
Rainier Partners Fund II
2021**
$300**
WA
Charger Investment Partners
Charger Investment Partners Fund II
2021**
$376**
CA
True Wind Capital
True Wind Fund III
2021**
$817**
CA
Endeavour Capital
Endeavour Capital Fund IX
2021**
$850**
OR
Butterfly Equity
Butterfly Fund III
2021**
$1,000**
CA
Levine Leichtman Capital Partners
LLCP Lower Middle Market Fund IV
2021**
$1,378**
CA
Red Iron Group
Red Iron Group II
2022**
$376**
CA
Bow River Capital
Bow River Private Equity Fund IV
2022**
$500**
CO
American Pacific Group
American Pacific Group Fund III
2022**
$700**
CA
Serent Capital
Serent Capital VI
2022**
$1,100**
CA
Sumeru Equity Partners
Sumeru Equity Partners Fund V
2022**
$1,300**
CA
L Squared Capital Partners
L Squared Capital Fund V
2023**
$840**
CA
Accel-KKR
Accel-KKR Emerging Buyout Partners III
2023**
$920**
CA
Seidler Equity Partners
Seidler Equity Partners IX
2023**
$1,250**
CA
Hellman & Friedman
Hellman & Friedman Capital Partners XII
2023**
$22,300**
CA
Excellere Partners
Excellere Partners V
2021**
$875**
CO
Angeles Equity Partners
Angeles Equity Partners III
2022**
$540**
CA
Rubicon Technology Partners
RUBICON Technology Partners V
2022**
$1,700**
CO
SkyKnight Capital
SkyKnight Capital Fund V
2023**
$1,003**
CA
Alpine Investors
Alpine Investors X
2023**
$4,500**
CA
GI Partners
GI Partners VII
2021**
$3,900**
AZ
Varsity Healthcare Partners
Varsity Healthcare Partners V
2022**
$700**
CA
Martis Capital
Martis Partners V
2022**
$779**
CA
Industrial Growth Partners
Industrial Growth Partners VII
2022**
$1,200**
CA
Leonard Green & Partners
Jade Equity Investors III
2022**
$3,600**
CA
TSG Consumer Partners
TSG 10
2022**
$5,900**
CA
Tower Arch Capital
Tower Arch Partners IV
2023**
$750**
UT
LightBay Capital
LightBay Investment Partners III
2023**
$1,040**
CA
STG
Symphony Technology Group VIII
2023**
$4,200**
CA
Accel-KKR
Accel-KKR Capital Partners VIII
2023**
$4,400**
CA
Genstar Capital Partners
Genstar Capital Partners XII
2023**
$12,600**
CA
"
Evercore PFG - North America Buyout Market Map - H1 2026.pdf,36,"15 STANHOPE GATE
LONDON, W1K 1LN
TEL: +44 (0) 207 653 6000
55 EAST 52 ND STREET
NEW YORK, NY 10055
TEL: +1 (212) 857 3100
THREE EMBARCADERO CENTRE
SUITE 1450
SAN FRANCISCO, CA 94111
TEL: +1 (415) 989 8900
TWO EXCHANGE SQUARE 
CENTRAL, HONG KONG
TEL: +852 3983 2604
"
Evercore PFG - North America Growth Market Map - H1 2026.pdf,1,"Private Funds Group
North America Growth Market Map
H1 2026
"
Evercore PFG - North America Growth Market Map - H1 2026.pdf,2,"Disclaimer
1
This presentation (the ""Presentation"") is being furnished on a confidential basis for informational and discussion purposes only and does not constitute an 
offer to sell or a solicitation of an offer to purchase any security. Any such offer or solicitation with respect to any security or fund discussed herein shall be 
made only pursuant to a confidential private placement memorandum relating to such security or fund, which describes risks related to an investment in such 
security or fund as well as other important information about such security or fund and its sponsor. The information set forth herein does not purport to be 
complete and is subject to change. This Presentation is qualified in its entirety by all of the information set forth in any such memorandum, including without 
limitation all of the cautionary statements set forth in the front of a memorandum and the ""Risk Factors and Conflicts of Interest"" section of any such 
memorandum. Any such memorandum must be read carefully in its entirety prior to making an investment. This Presentation does not constitute a part of any 
memorandum of any fund. 
The information contained herein must be treated in a confidential manner and may not be reproduced, used or disclosed, in whole or in part, without the prior 
written consent of Evercore Group L.L.C. (“Evercore”). Disclosure to persons other than the recipient and its representatives is strictly prohibited. Past 
performance is not necessarily indicative of future results, and nothing herein is, or shall be relied on as, a promise or representation of future performance. 
There can be no assurance that any fund will achieve comparable results, that targeted returns, diversification or asset allocations will be met or that any fund 
will be able to implement its investment strategy and investment approach or achieve its investment objective. Actual returns on unrealized investments will 
depend on, among other factors, future operating results, the value of the assets and market conditions at the time of disposition, legal and contractual 
restrictions on transfer that may limit liquidity, any related transaction costs and the timing and manner of sale, all of which may differ from the assumptions 
and circumstances on which the valuations used in the prior performance data contained herein are based. Accordingly, the actual realized returns on 
unrealized investments may differ materially from the returns indicated herein. 
Statements contained in this Presentation that are not historical facts are based on current expectations, estimates, projections, opinions, and beliefs of the 
general partner of the Fund. Such statements involve known and unknown risks, uncertainties and other factors, and undue reliance should not be placed 
thereon. In addition, this Presentation contains ""forward-looking statements."" Actual events or results or the actual performance may differ materially from 
those reflected or contemplated in such forward-looking statements. 
Certain economic and market information contained herein has been obtained from published sources prepared by third parties and in certain cases has not 
been updated through the date hereof. While such sources are believed to be reliable, none of Evercore nor any of its affiliates have made any representation 
or warranty, express or implied, with respect to the fairness, correctness, accuracy, reasonableness or completeness of any of the information contained 
herein (including but not limited to information obtained from third parties unrelated to Evercore), and they expressly disclaim any responsibility or liability 
therefore. None of Evercore nor any of its affiliates have any responsibility to update any of the information provided in this summary document. 
THIS SUMMARY IS NOT INTENDED TO CONSTITUTE LEGAL, TAX, OR ACCOUNTING ADVICE OR INVESTMENT RECOMMENDATIONS. 
PROSPECTIVE INVESTORS SHOULD CONSULT THEIR OWN ADVISORS ABOUT SUCH MATTERS.
The products mentioned in this document may not be eligible for sale in some states or countries, nor suitable for all types of investors; their value and the 
income they produce may fluctuate and/or be adversely affected by exchange rates, interest rates, commodity prices or other factors. One or more directors, 
officers, and/or employees of Evercore or its affiliated companies may be a director of the issuer of the securities mentioned in this document. 
Photo credit: Bryce Canyon National Park, Utah from Pixabay.
"
Evercore PFG - North America Growth Market Map - H1 2026.pdf,3,"North America Growth H1 2026
A.
Northeast
B.
Midwest
C.
South and Southeast
D.
West Coast
3
11
14
17
Contents 
2
"
Evercore PFG - North America Growth Market Map - H1 2026.pdf,4,"3
Fund Size
3
$400m
$800m
$200m
$3,000m
$600m
$1,000m
Northeast Growth Market Map
Based on Preqin and Evercore PFG market intelligence.
Includes North America Northeast Growth funds with vintages from 2021 to 2022.
1 Ally Bridge Group Global Life Science Capital Partners V, L.P. 
All fund sizes are in millions.
* Denotes target fund size.
** Denotes prior fund size.
2021
2022
Victor
Capital
Partners
Fund II
($310)
Thayer
Street Partners
Opportunity
Fund II
($275)
Humble
Growth Fund I 
($313)
Greycroft 
Growth IV 
($432)
Patriot 
Financial 
Partners IV 
($300*)
Health 
Enterprise 
Partners IV 
($250*)
GPI Capital
Equity
Opportunities
Fund II
($750*)
L Catterton 
Growth
Partners V
($1,000)
Coatue
Growth Fund V
($7,700)
Ally Bridge
Group Global 
Capital 
Partners V 
($435*)1
Idealist
Climate
Impact Fund
(CAD500*)
Raine 
Partners IV 
($763)
270
Growth Fund I
($869)
TQ 
Ventures 
III Growth 
($346*)
1315
Capital III 
($350)
The
Evolution
Technology
Fund III
($1,100)
Stripes VI 
($1,435)
BlackRock
Growth
Equity Fund
($557)
JMI Equity
Fund XI
($2,400)
General
Catalyst
Group XI – 
Endurance
($2,700)
KKR Next
Generation
Technology
Growth Fund III
($3,000)
NEA 18
Venture
Growth Equity
($3,180)
Blackstone
Growth II
($7,000*)
RedBird
Capital
Partners
Fund IV
($4,700)
AEA 
Growth 
Fund 
($384)
Revolution
Growth IV
($500*)
Ampersand
2023
($1,200)
Oak HC/FT
Partners
Fund V
($1,940)
Warburg
Pincus
Global
Growth 14
($17,308)
Columbia
Spectrum
Partners V
($1,750)
"
Evercore PFG - North America Growth Market Map - H1 2026.pdf,5,"4
Fund Size
4
$400m
$800m
$200m
$3,000m
$600m
$1,000m
Northeast Growth Market Map (Cont’d)
Based on Preqin and Evercore PFG market intelligence.
Includes North America Northeast Growth funds with vintages for 2023 to 2024.
All fund sizes are in millions.
* Denotes target fund size.
** Denotes prior fund size.
Cohere 
Capital 
Fund II 
($215)
Bluestone
Capital I
($300)
Prysm 
Capital 
Fund I 
($305)
M33 
Growth III 
($340)
Ten Coves 
Capital IV 
($350*)
Gemspring 
Growth 
Solutions I 
($400)
MSP 
Sports 
Capital 
($400*)
Activant 
Capital V 
($400**)
WAVE 
Equity 
Fund III 
($250*)
SAFFA 
Fund I 
($400*)
Collaborative
Growth II
($500**)
Princeton
Equity
Partners II
($575)
Long Ridge
Equity
Partners IV
($650)
Volition
Capital
Fund V
($675)
NGP Energy
 Technology
Partners IV
($700)
Sverica
Capital
Partners VI
($750)
JP Morgan
Growth Equity
Fund
($1,000)
WestView
Capital
Partners V
($1,000)
SKKY
Partners
Fund I
($1,000*)
Carlyle
Partners
Growth
($1,300*)
Addition Five
($1,500*)
One Eagle
Platform II
($2,000*)
Wellington
Hadley Harbor
Partners IV
($2,600)
Insight
Partners
Fund XIII
($12,500)
Springcoast
Partners I
($525)
Blue Delta
Capital
Fund IV
($250)
Concord
Innovation
Fund III
($250*)
ABS Capital
Partners IX
($250*)
Valor
Growth
Americas III
($250*)
Zenyth
Partners II
($375)
Haven
Capital
Partners I
($375)
Boston
Millennia
Partners V
($250*)
Mobility
Impact
Partners Fund
($500*)
Bregal
Sagemount
Basecamp I
($500)
Centana
Growth
Partners
Fund III
($600)
Edison
Partners XI
($650*)
Glade Brook
Strategic
Growth IV
($515)
Guidepost
Growth
Equity IV
($521)
Ascend
Capital
Partners
Fund II
($791)
Avenir
Growth
Partners V
($800*)
Spark
Capital
Growth Fund V
($1,540)
Insight
Partners
Opportunities
Fund II
($943)
Avesi
Partners
Fund II
($1,350)
Constellation
Generation V
($1,500*)
Thrive
Capital
Partners IX
Growth
($4,000)
PSG VI
($6,000)
General
Atlantic
Investment
Partners 2025
($8,000*)
Summit
Partners
Growth Equity
Fund XII
($9,500)
Summit
Partners
Growth Equity
Fund XIII
($9,500**)
2023
2024
 
"
Evercore PFG - North America Growth Market Map - H1 2026.pdf,6,"5
Fund Size
5
$400m
$800m
$200m
$3,000m
$600m
$1,000m
Northeast Growth Market Map (Cont’d)
Based on Preqin and Evercore PFG market intelligence.
Includes North America Northeast Growth funds with vintages from 2025 to 2026.
All fund sizes are in millions.
* Denotes target fund size.
** Denotes prior fund size.
2026
 
Catalyst
Investors VI
($191**)
NewSpring
Growth
Capital VI
($250*)
NEXT
Investors
Fund III
($300*)
Prysm
Capital
Fund II
($305**)
Denali
Growth
Partners
Fund II
($400)
SEMCAP
Health
($400*)
L Catterton
Impact Fund
($400*)
Polaris
Growth
Fund III
($439)
Lime Rock
New
Energy II
($500*)
Prelude
Growth
Partners III
($600)
Regal
Healthcare
Capital
Partners
Fund IV
($650*)
ISOS7
Sports
Fund I
($750*)
Transformation
Capital
Fund IV
($800**)
Avance
Investment
Partners II 
($1,000*)
Gemspring
Growth
Solutions II
($1,100)
Level Equity
Growth
Partners VI
($1,200**)
New
Mountain
Strategic
Equity Fund II
($1,200)
Fifth Avenue
Private
Equity 18
($1,434)
Stripes VII
($1,435**)
Silversmith
Capital
Partners V
($1,700)
Columbia
Spectrum
Partners VI
($1,750**)
LLR Equity
Partners VII
($2,452)
JMI Equity
Fund XII
($3,100)
BeyondNetZero
Fund II
($5,000*)
Great Hill
Equity
Partners IX
($7,000)
Warburg
Pincus
Global
Growth 15
($17,000*)
L Catterton
Growth VI
($1,000**)
SV7
Growth Fund
Strategic
Partners
($250**)
Enlightened
Hospitality
Investments III
($332**)
Biospring
Partners
Fund II
($350*)
Activant
Capital VI
($400**)
Patriot
Financial
Partners V
($400*)
Brighton
Park
Capital
Fund III
($2,500*)
WestCap
Strategic
Operator
Fund III
($2,500*)
NEA 19
Venture
Growth
Equity
($3,180**)
Motive
Capital
Fund III
($3,250)
Bregal
Sagemount V
($3,500**)
Lead Edge
Capital VII
($3,500**)
2025
 
Volition
Capital
Fund VI
($875*)
Updata
Partners
Fund VII
($875)
"
Evercore PFG - North America Growth Market Map - H1 2026.pdf,7,"6
Fund Size
6
$400m
$800m
$200m
$3,000m
$600m
$1,000m
Northeast Growth Market Map (Cont’d)
Based on Preqin and Evercore PFG market intelligence.
Includes North America Northeast Growth funds with vintage for Potentially returning to market.
All fund sizes are in millions.
* Denotes target fund size.
** Denotes prior fund size.
Potentially 
returning to market 
Boston 
Millennia 
Partners VI 
($250**)
Spectrum
Select
Opportunities
Fund II
($300**)
Orkila
Growth
Fund V
($325**)
M33
Growth IV
($340**)
Rosecliff 
Venture
Partners IX
($349**)
Aquiline
Technology
Growth
Fund III
($365**)
MC2 
Security 
Fund II 
($400**)
Greycroft
Growth V
($432**)
Leeds
Illuminate II
($500**)
Exeter 
Capital II 
($400**)
West Street
Global Growth
Partners
Fund II
($5,200**)
Bluestone
Capital II
($300**)
Victor
Capital
Partners
Fund III
($310**)
Humble
Growth
Fund II
($313**)
1315
Capital IV
($350**)
AEA 
Growth 
Fund II 
($384**)
 Aretex
Capital 
Partners II
($325**)
MSP 
Sports 
Capital II 
(400**)
Petrichor
Opportunities
Fund II
($410**)
Revolution
Growth V
($500**)
MVM VII
($516**)
Princeton
Equity
Partners III
($575**)
GA
Atlas II
($600**)
Vine Media
Opportunities
Fund V
($608**)
Long Ridge
Equity
Partners V
($650**)
NGP
Energy
Technology
Partners V
(700**)
Sageview
Capital
Partners IV
($710**)
Aldrich
Capital
Partners
Fund III
($750*)
Sverica
Capital
Partners VII
($750**)
Raine
Partners V
($763**)
Bessemer
Venture
Partners
Century
Fund III
($825**)
270
Growth
Fund II
($869**)
General
Catalyst
Group XI –
Growth
Venture
($1,000**)
JP Morgan
Growth
Equity Fund II
($1,000**)
WestView
Capital
Partners VI
($1,000**)
Arsenal
Capital
Growth
Fund II
($1,100**)
The
Evolution
Technology
Fund IV
($1,100**)
Sightway
Capital
Fund II
($1,200**)
Ampersand
2026
($1,200**)
Carlyle
Partners
Growth II
($1,300**)
Spectrum
Equity XI
($2,000**)
Wellington
Hadley
Harbor
Partners V
($2,600**)
KKR Next
Generation
Technology
Growth Fund IV
($3,000**)
KKR
Health
Care Strategic
Growth
Fund III
($3,648**)
RedBird
Capital
Partners
Fund V
($4,700**)
Coatue
Growth
Fund VI
($7,700**)
"
Evercore PFG - North America Growth Market Map - H1 2026.pdf,8,"Northeast Growth Fundraise Timeline
Final closing/anticipated final closing date
GPs in the market with their latest fund
Closed funds
* Denotes target fund size.
** Denotes prior vintage/fund size.
All fund sizes are in millions.
Source: Preqin, news releases, PFG market intelligence.
GPs expected to launch during this period
7
Fund Manager
Fund
Vintage
Fund Size (m)
Fund Manager 
HQ
Pre-
2024 H1
2024
2025
2026
Post-
2026 H2
H1
H2
H1
H2
H1
H2
General Catalyst Partners
General Catalyst Group XI - Endurance
2022
$2,700
MA
Revolution Ventures
Revolution Growth IV
2022
$500*
DC
Oak HC/FT
Oak HC/FT Partners Fund V
2022
$1,940
CT
Ampersand
Ampersand 2023
2022
$1,200
MA
Prysm Capital
Prysm Capital Fund I
2023
$305
NJ
New Enterprise Associates
NEA 18 Venture Growth Equity
2022
$3,180
CA
Boston Millennia Partners
Boston Millennia Partners V
2023
$250*
MA
Thayer Street Partners
Thayer Street Partners Opportunity Fund II
2022
$275
NY
Gemspring Capital
Gemspring Growth Solutions I
2023
$400
CT
1315 Capital
1315 Capital III
2022
$350
PA
Greycroft
Greycroft Growth IV
2022
$432
NY
NGP Energy Technology Partners
NGP Energy Technology Partners IV
2023
$700
DC
Sverica
Sverica Capital Partners VI
2023
$750
MA
The Raine Group
Raine Partners IV
2022
$763
NY
JP Morgan Asset Management
270 Growth Fund I
2022
$869
NY
Stripes
Stripes VI
2022
$1,435
NY
JMI Equity
JMI Equity Fund XI
2022
$2,400
MD
M33 Growth
M33 Growth III
2023
$340
MA
Volition Capital
Volition Capital Fund V
2023
$675
MA
JP Morgan Asset Management
JP Morgan Growth Equity Fund
2023
$1,000
NY
WestView Capital Partners
WestView Capital Partners V
2023
$1,000
MA
Wellington Management
Wellington Hadley Harbor Partners IV
2023
$2,600
MA
Bluestone Equity Partners
Bluestone Capital I
2023
$300
NY
Patriot Financial Partners
Patriot Financial Partners IV
2021
$300*
PA
Coatue Management
Coatue Growth Fund V
2021
$7,700
NY
Full In Partners
Full In Partners Fund II
2021
$97
NY
Health Enterprise Partners
Health Enterprise Partners IV
2021
$250*
NY
Carlyle
Carlyle Partners Growth
2023
$1,300*
DC
KKR
KKR Next Generation Technology Growth Fund III
2022
$3,000
NY
Warburg Pincus
Warburg Pincus Global Growth 14
2022
$17,308
NY
Humble Growth
Humble Growth Fund I
2022
$313
NY
Collaborative Fund
Collaborative Growth II
2023
$500**
TX
Long Ridge
Long Ridge Equity Partners IV
2023
$650
NY
MSP Sports Capital
MSP Sports Capital
2023
$400*
NY
Princeton Equity Group
Princeton Equity Partners II
2023
$575
NJ
Columbia Capital
Columbia Spectrum Partners V
2021
$1,750*
VA
Evolution Equity Partners
The Evolution Technology Fund III
2022
$1,100
NY
RedBird Capital Partners
RedBird Capital Partners Fund IV
2022
$4,700
NY
Centana Growth Partners
Centana Growth Partners Fund III
2024
$600
NY
Avesi Partners
Avesi Partners Fund II
2024
$1,350
CT
Spark Capital
Spark Capital Growth Fund V
2024
$1,540
MA
Mobility Impact Partners
Mobility Impact Partners Fund
2024
$500*
NY
AEA Investors
AEA Growth Fund
2021
$384
NY
"
Evercore PFG - North America Growth Market Map - H1 2026.pdf,9,"Northeast Growth Fundraise Timeline (Cont’d)
Final closing/anticipated final closing date
GPs in the market with their latest fund
Closed funds
* Denotes target fund size.
** Denotes prior vintage/fund size.
1 Ally Bridge Group Global Life Science Capital Partners V, L.P.
All fund sizes are in millions.
Source: Preqin, news releases, PFG market intelligence.
GPs expected to launch during this period
8
Fund Manager
Fund
Vintage
Fund Size (m)
Fund Manager 
HQ
Pre-
2024 H1
2024
2025
2026
Post-
2026 H2
H1
H2
H1
H2
H1
H2
L Catterton
L Catterton Growth Partners V
2021
$1,000
CT
BlackRock Private Equity Partners (PEP) BlackRock Growth Equity Fund
2022
$557
NY
Victor Capital Partners
Victor Capital Partners Fund II
2022
$310
NY
Ally Bridge Group
Ally Bridge Group Global Life Science Capital1
2022
$435
NY
Activant Capital
Activant Capital V
2023
$400**
CT
Bregal Sagemount
Bregal Sagemount Basecamp I
2024
$500
NY
Thrive Capital
Thrive Capital Partners IX Growth
2024
$4,000
NY
Blue Delta Capital Partners
Blue Delta Capital Fund IV
2024
$250
VA
Summit Partners
Summit Partners Growth Equity Fund XII
2024
$9,500
MA
Insight Partners
Insight Partners Opportunities Fund II
2024
$943
NY
Insight Partners
Insight Partners Fund XIII
2023
$12,500
NY
Cohere Capital
Cohere Capital Fund II
2023
$215
MA
PSG Equity
PSG VI
2024
$6,000
MA
LLR Partners
LLR Equity Partners VII
2025
$2,452
PA
Bessemer Investors
Fifth Avenue Private Equity 18
2025
$1,434
NY
Denali Growth Partners
Denali Growth Partners Fund II
2025
$400
MA
Level Equity
Level Equity Growth Partners VI
2025
$1,200**
NY
Blackstone
Blackstone Growth II
2022
$7,000*
NY
Zenyth Partners
Zenyth Partners II
2024
$375
NY
Haven Capital Partners
Haven Capital Partners I
2024
$375
NY
Glade Brook Capital Partners
Glade Brook Strategic Growth IV
2024
$515
CT
Prelude Growth Partners
Prelude Growth Partners III
2025
$600
NY
Silversmith Capital Partners
Silversmith Capital Partners V
2025
$1,700
MA
JMI Equity
JMI Equity Fund XII
2025
$3,100
MD
Great Hill Partners
Great Hill Equity Partners IX
2025
$7,000
MA
Polaris Partners
Polaris Growth Fund III
2025
$439
MA
Gemspring Capital
Gemspring Growth Solutions II
2025
$1,100
CT
New Mountain Capital
New Mountain Strategic Equity Fund II
2025
$1,200
NY
Springcoast Partners
Springcoast Partners I
2023
$525
NY
Ascend Partners
Ascend Capital Partners Fund II
2024
$791
NY
GuidePost Growth Equity
Guidepost Growth Equity IV
2024
$521
MA
Bregal Sagemount
Bregal Sagemount V
2026
$3,500**
NY
Lead Edge Capital
Lead Edge Capital VII
2026
$3,500**
NY
GPI Capital
GPI Capital Equity Opportunities Fund II
2021
$750*
NY
TQ Ventures
TQ Ventures III Growth
2022
$346*
NY
Idealist Capital
Idealist Climate Impact Fund
2022
CAD500*
QC
Concord Health Partners
Concord Innovation Fund III
2024
$250*
NJ
SEMCAP
SEMCAP Health
2025
$400*
PA
SKKY Partners
SKKY Partners Fund I
2023
$1,000*
MA
WAVE Equity Partners
WAVE Equity Fund III
2023
$250*
MA
Ten Coves Capital
Ten Coves Capital IV
2023
$350*
CT
Isos Capital Management
ISOS7 Sports Fund I
2025
$750*
CT
Addition
Addition Five
2023
$1,500*
NY
"
Evercore PFG - North America Growth Market Map - H1 2026.pdf,10,"Northeast Growth Fundraise Timeline (Cont’d)
Final closing/anticipated final closing date
GPs in the market with their latest fund
Closed funds
GPs expected to launch during this period
9
Fund Manager
Fund
Vintage
Fund Size (m)
Fund Manager 
HQ
Pre-
2024 H1
2024
2025
2026
Post-
2026 H2
H1
H2
H1
H2
H1
H2
Eagle Global Holdings
One Eagle Platform II
2023
$2,000*
NY
Burnham Sterling
SAFFA Fund I
2023
$400*
CT
L Catterton
L Catterton Impact Fund
2025
$400*
CT
Avenir Growth Capital
Avenir Growth Partners V
2024
$800*
NY
ABS Capital Partners
ABS Capital Partners IX
2024
$250*
DC
NewSpring
NewSpring Growth Capital VI
2025
$250*
PA
Lime Rock Partners
Lime Rock New Energy II
2025
$500*
TX
Edison Partners
Edison Partners XI
2024
$650*
NJ
Wafra 
Constellation Generation V
2024
$1,500*
NY
General Atlantic
General Atlantic Investment Partners 2025
2024
$8,000*
NY
BioSpring Partners
Biospring Partners Fund II
2026
$350*
NY
Regal Healthcare Capital Partners
Regal Healthcare Capital Partners Fund IV
2025
$650*
NY
Summit Partners
Summit Partners Growth Equity Fund XIII
2024
$9,500**
MA
Brighton Park Capital
Brighton Park Capital Fund III
2026
$2,500*
CT
Columbia Capital
Columbia Spectrum Partners VI
2025
$1,750**
VA
Valor Capital Group
Valor Growth Americas III
2024
$250*
NY
Transformation Capital
Transformation Capital Fund IV
2025
$800**
MA
NEXT Investors
NEXT Investors Fund III
2025
$300*
NY
Avance Investment Management
Avance Investment Partners II
2025
$1,000*
NY
General Atlantic
BeyondNetZero Fund II
2025
$5,000*
NY
Stripes
Stripes VII
2025
$1,435**
NY
Catalyst Investors
Catalyst Investors VI
2025
$191**
NY
Prysm Capital
Prysm Capital Fund II
2025
$305**
NJ
Activant Capital
Activant Capital VI
2026
$400**
CT
L Catterton
L Catterton Growth VI
2026
$1,000**
CT
New Enterprise Associates
NEA 19 Venture Growth Equity
2026
$3,180**
CA
Motive Partners
Motive Capital Fund III
2026
$3,250
NY
Warburg Pincus
Warburg Pincus Global Growth 15
2025
$17,000*
NY
SV Health Investors
SV7 Growth Fund Strategic Partners
2026
$250**
MA
Enlightened Hospitality Investments
Enlightened Hospitality Investments III
2026
$332**
NY
Patriot Financial Partners
Patriot Financial Partners V
2026
$400*
PA
WestCap management
WestCap Strategic Operator Fund III
2026
$2,500*
NY
Aretex Capital Partners
Aretex Capital Partners II
2018**
$325**
NY
Petrichor Healthcare Capital Management Petrichor Opportunities Fund II
2018**
$410**
NY
Vine Alternative Investments
Vine Media Opportunities Fund V
2018**
$608**
NY
Sightway Capital
Sightway Capital Fund II
2019**
$1,200**
NY
Sageview Capital
Sageview Capital Partners IV
2020**
$710**
CT
General Catalyst Partners
General Catalyst Group XI - Growth Venture
2020**
$1,000**
MA
AEA Investors
AEA Growth Fund II
2021**
$384**
NY
Leeds Equity Partners
Leeds Illuminate II
2021**
$500**
NY
Aldrich Capital Partners
Aldrich Capital Partners Fund III
2021**
$750*
VA
Bessemer Venture Partners
Bessemer Venture Partners Century Fund III
2021**
$825**
NY
KKR
KKR Health Care Strategic Growth Fund III
2021**
$3,648**
NY
* Denotes target fund size.
** Denotes prior vintage/fund size.
All fund sizes are in millions.
Source: Preqin, news releases, PFG market intelligence.
"
Evercore PFG - North America Growth Market Map - H1 2026.pdf,11,"Northeast Growth Fundraise Timeline (Cont’d)
Final closing/anticipated final closing date
GPs in the market with their latest fund
Closed funds
GPs expected to launch during this period
10
Fund Manager
Fund
Vintage
Fund Size (m)
Fund Manager 
HQ
Pre-
2024 H1
2024
2025
2026
Post-
2026 H2
H1
H2
H1
H2
H1
H2
Goldman Sachs Asset Management
West Street Global Growth Partners Fund II
2021**
$5,200**
NY
Coatue Management
Coatue Growth Fund VI
2021**
$7,700**
NY
Victor Capital Partners
Victor Capital Partners Fund III
2022**
$310**
NY
Humble Growth
Humble Growth Fund II
2022**
$313**
NY
Rosecliff Ventures
Rosecliff Venture Partners IX
2022**
$349**
NY
1315 Capital
1315 Capital IV
2022**
$350**
PA
Aquiline Capital Partners
Aquiline Technology Growth Fund III
2022**
$365**
NY
Exeter Capital
Exeter Capital II
2022**
$400**
MA
The Chertoff Group
MC2 Security Fund II
2022**
$400**
DC
Greycroft
Greycroft Growth V
2022**
$432**
NY
Revolution Ventures
Revolution Growth V
2022**
$500**
DC
MVM Partners
MVM VII
2022**
$516**
MA
General Atlantic
GA Atlas II
2022**
$600**
NY
The Raine Group
Raine Partners V
2022**
$763**
NY
JP Morgan Asset Management
270 Growth Fund II
2022**
$869**
NY
Arsenal Capital Partners
Arsenal Capital Growth Fund II
2022**
$1,100**
NY
Evolution Equity Partners
The Evolution Technology Fund IV
2022**
$1,100**
NY
Ampersand Capital Partners
Ampersand 2026
2022**
$1,200**
MA
Spectrum Equity
Spectrum Equity XI
2022**
$2,000**
MA
KKR
KKR Next Generation Technology Growth Fund IV
2022**
$3,000**
NY
RedBird Capital Partners
RedBird Capital Partners Fund V
2022**
$4,700**
NY
Bluestone Equity Partners
Bluestone Capital II
2023**
$300**
NY
Orkila Capital
Orkila Growth Fund V
2023**
$325**
NY
M33 Growth
M33 Growth IV
2023**
$340**
MA
MSP Sports Capital
MSP Sports Capital II
2023**
$400**
NY
Princeton Equity Group
Princeton Equity Partners III
2023**
$575**
NJ
Long Ridge
Long Ridge Equity Partners V
2023**
$650**
NY
Volition Capital
Volition Capital Fund VI
2023**
$675**
MA
JP Morgan Asset Management
JP Morgan Growth Equity Fund II
2023**
$1,000**
NY
WestView Capital Partners
WestView Capital Partners VI
2023**
$1,000**
MA
Carlyle
Carlyle Partners Growth II
2023**
$1,300**
DC
Wellington Management
Wellington Hadley Harbor Partners V
2023**
$2,600**
MA
Spectrum Equity
Spectrum Select Opportunities Fund II
2024**
$300**
MA
Boston Millennia Partners
Boston Millennia Partners VI
2023**
$250**
MA
NGP Energy Technology Partners
NGP Energy Technology Partners V
2023**
$700**
DC
Sverica
Sverica Capital Partners VII
2023**
$750**
MA
* Denotes target fund size.
** Denotes prior vintage/fund size.
All fund sizes are in millions.
Source: Preqin, news releases, PFG market intelligence.
"
Evercore PFG - North America Growth Market Map - H1 2026.pdf,12,"2023
 
2022
2021
11
11
Fund Size
$400m
$800m
$200m
$2,000m
$600m
$1,000m
Five
Elms V
($780)
Georgian 
Partners 
Growth 
Fund VI 
($892)
River 
Cities 
Capital 
Fund VII 
($300*)
GTCR 
Strategic 
Growth 
Fund 
($2,000)
Primus 
Capital 
Fund IX 
($800)
Maverix
Growth Private
Equity Fund I
(CAD500)
Valor 
Equity 
Partners 
Fund VI 
($2,350)
Constellation
Wealth
Capital Fund
($1,000)
Edgewater
Growth Capital
Partners V
($330)
Brookfield
Technology
Growth
Partners III
($500**)
Growth
Catalyst
Partners III
($360)
Clairvest
Equity
Partners VII
($1,202)
Adams
Street
Growth Equity
Fund VIII
($325*)
TTCP
Fund III
($162)
Five Elms VI
($1,087)
Intrepid
Growth
Partners
($500*)
Agellus
Private Equity
Fund I
($400)
2024
Based on Preqin and Evercore PFG market intelligence.
Includes North America Midwest growth funds with vintages from 2021 to 2024.
All fund sizes are in millions.
* Denotes target fund size.
** Denotes prior vintage/fund size.
River 
Cities 
Capital 
Fund VIII
($300*)
Maverix
Growth Private
Equity Fund II
($500*)
Midwest Growth Market Map
"
Evercore PFG - North America Growth Market Map - H1 2026.pdf,13,"Potentially 
returning to market 
12
12
Fund Size
$400m
$800m
$200m
$2,000m
$600m
$1,000m
Alphi
Capital I
(CAD295)
Hughes
Growth
Equity Fund II
($260)
GTCR
Strategic
Growth
Fund II
($3,600)
Georgian
Partners
Growth
Fund VII
($1,000*)
Creation
Investments
Social Ventures
Fund VI
($271**)
New Harbor
Capital Fund IV
($400*)
Primus 
Capital 
Fund X 
($800**)
Thoma Bravo
Growth Fund II
($1,884**)
Clairvest
Equity
Partners VIII
($1,202**)
Valor Equity
Partners VII
($2,350**)
Constellation
Wealth
Capital Fund II
($2,000*)
Edgewater
Growth Capital
Partners VI
($330**)
Based on Preqin and Evercore PFG market intelligence.
Includes North America Midwest growth funds with vintages from 2025 to Potentially returning to market.
All fund sizes are in millions.
* Denotes target fund size.
** Denotes prior vintage/fund size.
2026
2025
Midwest Growth Market Map (Cont’d)
"
Evercore PFG - North America Growth Market Map - H1 2026.pdf,14,"13
13
* Denotes target fund size.
** Denotes prior vintage/fund size.
1 Creation Investments Capital Management
All fund sizes are in millions.
Source: Preqin, news releases, PFG market intelligence.
Closed funds
Final closing/anticipated final closing date
GPs in the market with their latest fund
GPs expected to launch during this period
Fund Manager
Fund
Vintage
Fund Size (m)
Fund Manager 
HQ
Pre-
2024 H1
2024
2025
2026
Post-
2026 H2
H1
H2
H1
H2
H1
H2
Five Elms Capital
Five Elms V
2021
$780
MO
Maverix Private Equity
Maverix Growth Private Equity Fund I
2021
CAD500
ON
GTCR
GTCR Strategic Growth Fund
2022
$2,000
IL
Primus Capital
Primus Capital Fund IX
2022
$800
OH
Georgian
Georgian Partners Growth Fund VI
2021
$892
ON
RC Capital
River Cities Capital Fund VII
2022
$300*
OH
Edgewater Funds
Edgewater Growth Capital Partners V
2023
$330
IL
Clairvest Group
Clairvest Equity Partners VII
2023
$1,202
ON
TT Capital Partners
TTCP Fund III
2024
$162
MN
Valor Equity Partners
Valor Equity Partners Fund VI
2022
$2,350
IL
Five Elms Capital
Five Elms VI
2024
$1,087
MO
Growth Catalyst Partners
Growth Catalyst Partners III
2023
$360
IL
Constellation Wealth Capital
Constellation Wealth Capital Fund
2023
$1,000
IL
Agellus Capital
Agellus Private Equity Fund I
2024
$400
MO
Alphi Capital
Alphi Capital I
2025
CAD295
ON
GTCR
GTCR Strategic Growth Fund II
2025
$3,600
IL
Hughes & Company
Hughes Growth Equity Fund II
2025
$260
IL
Brookfield Asset Management
Brookfield Technology Growth Partners III
2022
$500**
TO
Adams Street Partners
Adams Street Growth Equity Fund VIII
2023
$325*
IL
Intrepid Growth Partners
Intrepid Growth Partners
2024
$500*
ON
RC Capital
River Cities Capital Fund VIII
2022**
$300*
OH
New Harbor Capital
New Harbor Capital Fund IV
2026
$400*
IL
Maverix Private Equity
Maverix Growth Private Equity Fund II
2021**
$500*
ON
Constellation Wealth Capital
Constellation Wealth Capital Fund II
2025
$2,000*
IL
Valor Equity Partners
Valor Equity Partners VII
2026
$2,350**
IL
Creation Investments Capital1
Creation Investments Social Ventures Fund VI
2021**
$271**
IL
Georgian
Georgian Partners Growth Fund VII
2021**
$1,000*
ON
Thoma Bravo
Thoma Bravo Growth Fund II
2021**
$1,884**
IL
Primus Capital
Primus Capital Fund X
2022**
$800**
OH
Clairvest Group
Clairvest Equity Partners VIII
2023**
$1,202**
ON
Edgewater Funds
Edgewater Growth Capital Partners VI
2023**
$330**
IL
Midwest Growth Fundraise Timeline
"
Evercore PFG - North America Growth Market Map - H1 2026.pdf,15,"14
14
Fund Size
$400m
$800m
$200m
$4,000m
$600m
$1,000m
Tritium III 
($684)
EW 
Healthcare 
Partners 
Fund 3 
($571)
Spindletop
Healthcare
Growth
Equity III
($350*)
Fulcrum
Growth
Fund V
($372)
QED
Growth
Fund II
($275)
LCM
Healthcare
Fund II
($345)
Trivest
Growth
Investment
Fund III
($730)
BP
Opportunities
Partners III
($500*)
Eagle
Merchant
Partners II
($415)
Elsewhere
Partners III
($285)
South Asia
Growth
Fund III
($300*)
Heritage
Healthcare
Innovation
Fund IV
($370)
Bicycle I
($500*)
Falfurrias
Growth
Partners I
($400)
2023
 
2022
2024
Southeast Growth Market Map
Based on Preqin and Evercore PFG market intelligence.
Includes North America Southeast growth funds with vintages from 2022 to 2024.
All fund sizes are in millions.
* Denotes target fund size.
** Denotes prior vintage/fund size.
"
Evercore PFG - North America Growth Market Map - H1 2026.pdf,16,"15
15
Fund Size
$400m
$800m
$200m
$4,000m
$600m
$1,000m
Grey Rock
Net Zero
Opportunities
Fund II
($750*)
Black
Dragon
Capital Fund II
($386**)
Sovereigns
Capital
Private Equity
Fund III
($250*)
QED 
Growth 
Fund III 
($275**)
Tritium IV
($684**)
Valesco
Fund IV
($550*)
H.I.G.
Small-Cap &
Growth Buyout
Fund IV
($1,200*)
Crosstimbers
Opportunity
 Fund III
($350*)
NovaQuest
Private
Equity Fund III
($500**)
Goanna
Global
Tech Leaders
($300*)
General
Innovation
Capital
Partners
Fund I
($500*)
Finback
Investment
Partners 2024
Fund 
($350**)
Donovan
Growth Equity
Partners II
($375*)
Petra Growth
Fund V
($270)
Weatherford
Capital
Fund II
($300)
Falfurrias
Growth
Partners II
($400**)
EW
Healthcare
Partners
Fund 4
($571**)
Potentially 
returning to market 
2026
2025
Southeast Growth Market Map (Cont’d)
Fulcrum
Growth 
Fund VI
($400*)
Based on Preqin and Evercore PFG market intelligence.
Includes North America Southeast growth funds with vintages from 2025 to potentially 
returning to market.
All fund sizes are in millions.
* Denotes target fund size.
** Denotes prior vintage/fund size.
"
Evercore PFG - North America Growth Market Map - H1 2026.pdf,17,"16
16
Closed funds
Final closing/anticipated final closing date
GPs in the market with their latest fund
GPs expected to launch during this period
Fund Manager
Fund
Vintage
Fund Size (m)
Fund Manager 
HQ
Pre-
2024 H1
2024
2025
2026
Post-
2026 H2
H1
H2
H1
H2
H1
H2
Essex Woodlands
EW Healthcare Partners Fund 3
2022
$571
TX
Tritium Partners
Tritium III
2022
$684
TX
QED Investors
QED Growth Fund II
2023
$275
VA
Falfurrias Management Partners
Falfurrias Growth Partners I
2023
$400
NC
Elsewhere Partners
Elsewhere Partners III
2023
$285
TX
Latticework Capital Management
LCM Healthcare Fund II
2024
$345
TX
Fulcrum Equity Partners
Fulcrum Growth Fund V
2023
$372
GA
Trivest Partners
Trivest Growth Investment Fund III
2024
$730
FL
Weatherford Capital
Weatherford Capital Fund II
2025
$300
FL
Petra Capital Partners
Petra Growth Fund V
2025
$270
TN
Eagle Merchant Partners
Eagle Merchant Partners II
2024
$415
GA
Heritage Group
Heritage Healthcare Innovation Fund IV
2023
$370
TN
Spindletop Capital
Spindletop Healthcare Growth Equity III
2022
$350*
TX
GEF Capital Partners
South Asia Growth Fund III
2023
$300*
VA
Donovan Ventures
Donovan Growth Equity Partners II
2025
$375*
TX
Bicycle Capital
Bicycle I
2023
$500*
FL
Finback Investment Partners
Finback Investment Partners 2024 Fund
2025
$350**
FL
BP Energy Partners
BP Opportunities Partners III
2024
$500*
TX
General Innovation Capital
General Innovation Capital Partners Fund I
2025
$500*
FL
Goanna Capital
Goanna Global Tech Leaders
2025
$300*
FL
H.I.G. Growth Partners
H.I.G. Small-Cap & Growth Buyout Fund IV
2026
$1,200*
FL
Crosstimbers Capital Group
Crosstimbers Opportunity Fund III
2025
$350*
TX
Grey Rock Investment Partners
Grey Rock Net Zero Opportunities Fund II
2025
$750*
TX
Sovereign's Capital
Sovereigns Capital Private Equity Fund III
2026
$250*
GA
Black Dragon Capital
Black Dragon Capital Fund II
2019
$386**
FL
QHP Capital
NovaQuest Private Equity Fund III
2022
$500**
NC
Essex Woodlands
EW Healthcare Partners Fund 4
2022
$571**
TX
QED Investors
QED Growth Fund III
2023
$275**
VA
Falfurrias Management Partners
Falfurrias Growth Partners II
2023
$400**
NC
Valesco Industries
Valesco Fund IV
2022
$550*
TX
Fulcrum Equity Partners
Fulcrum Growth Fund VI
2026
$400*
GA
Tritium Partners
Tritium IV
2022
$684**
TX
Southeast Growth Fundraise Timeline
* Denotes target fund size.
** Denotes prior vintage/fund size.
All fund sizes are in millions.
Source: Preqin, news releases, PFG market intelligence.
"
Evercore PFG - North America Growth Market Map - H1 2026.pdf,18,"17
Fund Size
17
$400m
$800m
$200m
$6,000m
$600m
$1,000m
West Coast Growth Market Map
GroundForce
Growth I
($330) 
Eclipse 
Early 
Growth 
Fund I 
($510) 
Dragoneer
Opportunities
Fund VI
($3,800) 
Technology 
Impact 
Growth 
Fund II 
($692) 
Kayne 
Partners 
Fund V 
($600) 
MT 
Nutrition II 
($390) 
PeakSpan 
Capital 
Growth 
Partners III 
($567) 
Accel-KKR
Growth Capital
Partners IV
($1,350) 
2022
HealthQuest
Partners IV
($675) 
Sixth Street
Mid-Stage
Growth Partners
($746) 
Founders
Fund Growth II
($3,400) 
Prime Movers
Growth Fund I
($503) 
Sixth Street 
Growth 
Partners II 
($3,450) 
Banneker 
Partners 
Fund II 
($550) 
Sunstone
Partners III
($925) 
Martis 
Partners IV 
($779) 
Craft 
Ventures 
Growth II 
($793) 
Crosspoint 
Capital 
Fund II 
($1,000) 
TPG
The Rise
Fund III
($2,700) 
L2 Point
Opportunities I
($460) 
Valeas
Capital
Partners Fund I
($600) 
Arrowroot 
Capital V 
($82*) 
Corbel 
Equity 
Partners II 
($250*) 
Sequoia 
Fund IX 
($1,500*)2 
Bow River 
Fund II 
($605)1
Eclipse 
Early 
Growth 
Fund II 
($510) 
Gallant 
Capital 
Partners II 
($406) 
Cynosure 
Partners III 
($750) 
DFJ 
Growth V 
($1,200) 
2023
 
American
Pacific Group
Fund II
($700) 
Riverwood 
Capital 
Partners IV 
($1,800) 
2021
Based on Preqin and Evercore PFG market intelligence.
Includes North American Westcoast growth funds with vintages from 2021 to 2023.
1 Bow River Capital Software Growth Equity Fund II
2 Sequoia Capital US Growth Partners Fund IX
All fund sizes are in millions.
* Denotes target fund size.
** Denotes prior fund size
"
Evercore PFG - North America Growth Market Map - H1 2026.pdf,19,"18
Fund Size
18
$400m
$800m
$200m
$6,000m
$600m
$1,000m
West Coast Growth Market Map (Cont’d)
2024
Redpoint
Omega V
($740) 
TCV XII
($3,000) 
Shamrock
Capital Growth
Fund VI
($1,280) 
Accel
Growth
Fund VII
($1,350) 
Cogenuity
Partners
Fund I
($425) 
Invictus
Growth
Fund II
($488) 
FTV
Ascend I
($651) 
FTV VIII
($3,400) 
TPG
Growth VI
($4,800) 
Monogram
Capital
Partners III
($350) 
Longbow
Energy 
Transition
Fund II
($365) 
Cuadrilla
Capital
Fund II
($250**) 
Cordillera
Investment
Fund IV
($443**) 
TPG Tech
Adjacencies III
($3,400**) 
2025
PeakSpan
Capital Growth
Partners IV
($800) 
Nexa Equity
Fund II
($393) 
Founders
Fund
Growth III
($4,600) 
Dragoneer
Opportunities
Fund VII
($4,300) 
Manna
Tree
Fund III
($250*) 
Yaletown
Innovation
Growth
Fund III
($250*) 
Banneker
Partners
Fund III
($550**) 
Halo
Experience
($1,000*) 
B Capital
Global
Growth IV
($2,100**) 
Crosspoint
Capital
Fund III
($1,000**) 
Panther
Growth
Fund II
($250*) 
a16z AI
Fund
($20,000*) 
Mainsale
Partners VII
($1,535**)
Based on Preqin and Evercore PFG market intelligence.
Includes North American Westcoast growth funds with vintages from 2024 to 2025.
All fund sizes are in millions.
* Denotes target fund size.
** Denotes prior fund size.
"
Evercore PFG - North America Growth Market Map - H1 2026.pdf,20,"19
Fund Size
19
$400m
$800m
$200m
$6,000m
$600m
$1,000m
West Coast Growth Market Map (Cont’d)
Potentially 
returning to market 
2026
Sequoia
Capital Global
Growth
Fund IV
($8,000**) 
Caffeinated
Capital Growth
Fund I
($500*) 
Pontifax
Global
Fund III
($302**)1 
Sequoia
Capital
U.S. Growth
Fund X
($1,800**) 
MT
Nutrition III
($390**) 
Mercato
Traverse V
($400**) 
Savant
Growth
Fund II
($500**) 
Kayne
Partners
Fund VI
($600**) 
Technology
Impact Growth
Fund III
($692**) 
Prime
Movers
Growth
Fund II
($503**) 
HealthQuest
Partners V
($675**) 
Sixth Street
Mid-Stage
Growth
Partners II
($746**) 
Craft Ventures
Growth III
($793**) 
Sunstone
Partners IV
($925**) 
Accel-KKR
Growth Capital
Partners V
($1,350**) 
Riverwood
Capital
Partners V
($1,800**) 
TPG The
Rise
Fund IV
($2,700**) 
TCG 4.0
($3,000*) 
Eclipse
Early
Growth
Fund III
($510**) 
Bow River
Fund III
($605**)2 
Longbow
Energy
Transition
Fund III
($365**) 
GroundForce
Growth II
($550*) 
Sixth Street
Growth
Partners III
($3,450**) 
Martis
Partners V
($779**) 
Nexa Equity
Fund III
($393**) 
Integrity 
Growth 
Partners II
($500*) 
Based on Preqin and Evercore PFG market intelligence.
Includes North American Westcoast growth funds with vintage 2026 and potentially 
returning to market.
1 Pontifax Global Food and Agriculture Technology Fund III
2 Bow River Capital Software Growth Equity Fund III
All fund sizes are in millions.
* Denotes target fund size.
** Denotes prior fund size.
"
Evercore PFG - North America Growth Market Map - H1 2026.pdf,21,"West Coast Growth Fundraise Timeline
Final closing/anticipated final closing date
GPs in the market with their latest fund
Closed funds
GPs expected to launch during this period
20
* Denotes target fund size.
** Denotes prior vintage/fund size.
All fund sizes are in millions.
Source: Preqin, news releases, PFG market intelligence.
Fund Manager
Fund
Vintage
Fund Size (m)
Fund Manager 
HQ
Pre-
2024 H1
2024
2025
2026
Post-
2026 H2
H1
H2
H1
H2
H1
H2
Capricorn Investment Group
Technology Impact Growth Fund II
2021
$692
CA
Eclipse Ventures
Eclipse Early Growth Fund I
2021
$510
CA
Dragoneer Investment Group
Dragoneer Opportunities Fund VI
2021
$3,800
CA
PeakSpan Capital
PeakSpan Capital Growth Partners III
2022
$567
CA
Accel-KKR
Accel-KKR Growth Capital Partners IV
2022
$1,350
CA
HealthQuest Capital
HealthQuest Partners IV
2022
$675
CA
Sixth Street
Sixth Street Mid-Stage Growth Partners
2022
$746
CA
Founders Fund
Founders Fund Growth II
2022
$3,400
CA
Kayne Anderson Capital Advisors
Kayne Partners Fund V
2021
$600
CA
Sequoia Capital
Sequoia Capital US Growth Partners Fund IX
2023
$1,500*
CA
GroundForce Capital
GroundForce Growth I
2021
$330
CA
Manna Tree Partners
MT Nutrition II
2021
$390
CO
Prime Movers Lab
Prime Movers Growth Fund I
2022
$503
WY
Sixth Street
Sixth Street Growth Partners II
2022
$3,450
CA
Banneker Partners
Banneker Partners Fund II
2022
$550
CA
American Pacific Group
American Pacific Group Fund II
2022
$700
CA
Sunstone Partners
Sunstone Partners III
2022
$925
CA
Martis Capital
Martis Partners IV
2022
$779
CA
Craft Ventures
Craft Ventures Growth II
2022
$793
CA
Bow River Capital
Bow River Capital Software Growth Equity Fund II
2023
$605
CO
Eclipse Ventures
Eclipse Early Growth Fund II
2023
$510
CA
Riverwood Capital
Riverwood Capital Partners IV
2022
$1,800
CA
Crosspoint Capital Partners
Crosspoint Capital Fund II
2022
$1,000
CA
TPG
TPG The Rise Fund III
2022
$2,700
CA
TCV
TCV XII
2024
$3,000
CA
Redpoint Ventures
Redpoint Omega V
2024
$740
CA
Gallant Capital
Gallant Capital Partners II
2023
$406
CA
L2 Point
L2 Point Opportunities I
2022
$460
CA
Valeas Capital Partners
Valeas Capital Partners Fund I
2022
$600
CA
The Cynosure Group
Cynosure Partners III
2023
$750
UT
Shamrock Capital
Shamrock Capital Growth Fund VI
2024
$1,280
CA
Accel
Accel Growth Fund VII
2024
$1,350
CA
Cogenuity Partners
Cogenuity Partners Fund I
2024
$425
CA
Invictus Growth Partners
Invictus Growth Fund II
2024
$488
CA
DFJ Growth
DFJ Growth V
2023
$1,200
CA
FTV Capital
FTV Ascend I
2024
$651
CA
PeakSpan Capital
PeakSpan Capital Growth Partners IV
2025
$800
CA
"
Evercore PFG - North America Growth Market Map - H1 2026.pdf,22,"West Coast Growth Fundraise Timeline (Cont’d)
Final closing/anticipated final closing date
GPs in the market with their latest fund
Closed funds
GPs expected to launch during this period
21
* Denotes target fund size.
** Denotes prior vintage/fund size.
1 Pontifax Global Food and Agriculture Technology Fund III
All fund sizes are in millions.
Source: Preqin, news releases, PFG market intelligence.
Fund Manager
Fund
Vintage
Fund Size (m)
Fund Manager 
HQ
Pre-
2024 H1
2024
2025
2026
Post-
2026 H2
H1
H2
H1
H2
H1
H2
FTV Capital
FTV VIII
2024
$3,400
CA
Nexa Equity
Nexa Equity Fund II
2025
$393
CA
Mainsail Partners
Mainsale Partners VII
2025**
$1,535**
CA
Founders Fund
Founders Fund Growth III
2025
$4,600
CA
TPG
TPG Growth VI
2024
$4,800
TX
Monogram Capital Partners
Monogram Capital Partners III
2024
$350
CA
Longbow Capital
Longbow Energy Transition Fund II
2024
$365
AB
Dragoneer Investment Group
Dragoneer Opportunities Fund VII
2025
$4,300
CA
Arrowroot Capital
Arrowroot Capital V
2022
$82*
CA
Integrity Growth Partners
Integrity Growth Partners II
2023
$220
CA
Corbel Capital Partners
Corbel Equity Partners II
2022
$250*
CA
Cuadrilla Capital
Cuadrilla Capital Fund II
2024
$250**
CA
Manna Tree Partners
Manna Tree Fund III
2025
$250*
CO
Yaletown Partners
Yaletown Innovation Growth Fund III
2025
$250*
BC
Banneker Partners
Banneker Partners Fund III
2025
$550**
CA
Halo Experience
Halo Experience
2025
$1,000*
UT
Cordillera Investment Partners
Cordillera Investment Fund IV
2024
$443**
CA
B Capital
B Capital Global Growth IV
2025
$2,100**
CA
Crosspoint Capital Partners
Crosspoint Capital Fund III
2025
$1,000**
CA
Caffeinated Capital
Caffeinated Capital Growth Fund I
2026
$500*
CA
Lateral Investment Management
Panther Growth Fund II
2025
$250*
CA
TPG
TPG Tech Adjacencies III
2024
$3,400**
TX
Andreessen Horowitz
a16z AI Fund
2025
$20,000*
CA
Sequoia Capital Global Equities
Sequoia Capital Global Growth Fund IV
2018**
$8,000**
CA
Aliment Capital
Pontifax Global Food and Agriculture Fund III1
2019**
$302**
CA
Sequoia Capital Global Equities
Sequoia Capital U.S. Growth Fund X
2020**
$1,800**
CA
Manna Tree Partners
MT Nutrition III
2021**
$390**
CO
Mercato 
Mercato Traverse V
2021**
$400**
UT
Savant Growth
Savant Growth Fund II
2021**
$500**
CA
Kayne Anderson Capital Advisors
Kayne Partners Fund VI
2021**
$600**
CA
Capricorn Investment Group
Technology Impact Growth Fund III
2021**
$692**
CA
Prime Movers Lab
Prime Movers Growth Fund II
2022**
$503**
WY
HealthQuest Capital
HealthQuest Partners V
2022**
$675**
CA
Sixth Street
Sixth Street Mid-Stage Growth Partners II
2022**
$746**
CA
Craft Ventures
Craft Ventures Growth III
2022**
$793**
CA
Sunstone Partners
Sunstone Partners IV
2022**
$925**
CA
Accel-KKR
Accel-KKR Growth Capital Partners V
2022**
$1,350**
CA
Riverwood Capital
Riverwood Capital Partners V
2022**
$1,800**
CA
TPG
TPG The Rise Fund IV
2022**
$2,700**
CA
TCG
TCG 4.0
2022**
$3,000*
CA
Eclipse Ventures
Eclipse Early Growth Fund III
2023**
$510**
CA
"
Evercore PFG - North America Growth Market Map - H1 2026.pdf,23,"West Coast Growth Fundraise Timeline (Cont’d)
Final closing/anticipated final closing date
GPs in the market with their latest fund
Closed funds
GPs expected to launch during this period
22
Fund Manager
Fund
Vintage
Fund Size (m)
Fund Manager 
HQ
Pre-
2024 H1
2024
2025
2026
Post-
2026 H2
H1
H2
H1
H2
H1
H2
Bow River Capital
Bow River Capital Software Growth Equity Fund III
2023**
$605**
CO
Longbow Capital
Longbow Energy Transition Fund III
2024**
$365**
AB
GroundForce Capital
GroundForce Growth II
2021**
$550*
CA
Sixth Street
Sixth Street Growth Partners III
2022**
$3,450**
CA
Martis Capital
Martis Partners V
2022**
$779**
CA
Nexa Equity
Nexa Equity Fund III
2025**
$393**
CA
* Denotes target fund size.
** Denotes prior vintage/fund size.
All fund sizes are in millions.
Source: Preqin, news releases, PFG market intelligence.
"
Evercore PFG - North America Growth Market Map - H1 2026.pdf,24,"15 STANHOPE GATE
LONDON, W1K 1LN
TEL: +44 (0) 207 653 6000
55 EAST 52 ND STREET
NEW YORK, NY 10055
TEL: +1 (212) 857 3100
THREE EMBARCADERO CENTRE
SUITE 1450
SAN FRANCISCO, CA 94111
TEL: +1 (415) 989 8900
FLOOR 14, TWO EXCHANGE 
SQUARE, 8 CONNAUGHT PLACE
HONG KONG
TEL: +852 3983 2600
"
Evercore PFG - Southern Europe Private Equity H1 2026 Market Map.pdf,1,"Private Funds Group
Southern European Market Map
H1 2026
"
Evercore PFG - Southern Europe Private Equity H1 2026 Market Map.pdf,2,"Disclaimer
1
This presentation (the ""Presentation"") is being furnished on a confidential basis for informational and discussion purposes only and does not constitute an 
offer to sell or a solicitation of an offer to purchase any security. Any such offer or solicitation with respect to any security or fund discussed herein shall be 
made only pursuant to a confidential private placement memorandum relating to such security or fund, which describes risks related to an investment in such 
security or fund as well as other important information about such security or fund and its sponsor. The information set forth herein does not purport to be 
complete and is subject to change. This Presentation is qualified in its entirety by all of the information set forth in any such memorandum, including without 
limitation all of the cautionary statements set forth in the front of a memorandum and the ""Risk Factors and Conflicts of Interest"" section of any such 
memorandum. Any such memorandum must be read carefully in its entirety prior to making an investment. This Presentation does not constitute a part of any 
memorandum of any fund. 
The information contained herein must be treated in a confidential manner and may not be reproduced, used or disclosed, in whole or in part, without the prior 
written consent of Evercore Group L.L.C. (“Evercore”). Disclosure to persons other than the recipient and its representatives is strictly prohibited. Past 
performance is not necessarily indicative of future results, and nothing herein is, or shall be relied on as, a promise or representation of future performance. 
There can be no assurance that any fund will achieve comparable results, that targeted returns, diversification or asset allocations will be met or that any fund 
will be able to implement its investment strategy and investment approach or achieve its investment objective. Actual returns on unrealized investments will 
depend on, among other factors, future operating results, the value of the assets and market conditions at the time of disposition, legal and contractual 
restrictions on transfer that may limit liquidity, any related transaction costs and the timing and manner of sale, all of which may differ from the assumptions 
and circumstances on which the valuations used in the prior performance data contained herein are based. Accordingly, the actual realized returns on 
unrealized investments may differ materially from the returns indicated herein. 
Statements contained in this Presentation that are not historical facts are based on current expectations, estimates, projections, opinions, and beliefs of the 
general partner of the Fund. Such statements involve known and unknown risks, uncertainties and other factors, and undue reliance should not be placed 
thereon. In addition, this Presentation contains ""forward-looking statements."" Actual events or results or the actual performance may differ materially from 
those reflected or contemplated in such forward-looking statements. 
Certain economic and market information contained herein has been obtained from published sources prepared by third parties and in certain cases has not 
been updated through the date hereof. While such sources are believed to be reliable, none of Evercore nor any of its affiliates have made any representation 
or warranty, express or implied, with respect to the fairness, correctness, accuracy, reasonableness or completeness of any of the information contained 
herein (including but not limited to information obtained from third parties unrelated to Evercore), and they expressly disclaim any responsibility or liability 
therefore. None of Evercore nor any of its affiliates have any responsibility to update any of the information provided in this summary document. 
THIS SUMMARY IS NOT INTENDED TO CONSTITUTE LEGAL, TAX, OR ACCOUNTING ADVICE OR INVESTMENT RECOMMENDATIONS. 
PROSPECTIVE INVESTORS SHOULD CONSULT THEIR OWN ADVISORS ABOUT SUCH MATTERS.
The products mentioned in this document may not be eligible for sale in some states or countries, nor suitable for all types of investors; their value and the 
income they produce may fluctuate and/or be adversely affected by exchange rates, interest rates, commodity prices or other factors. One or more directors, 
officers, and/or employees of Evercore or its affiliated companies may be a director of the issuer of the securities mentioned in this document. 
Cover photography by Patrick Boucher (The Colosseum, Rome).
"
Evercore PFG - Southern Europe Private Equity H1 2026 Market Map.pdf,3,"2024
 
2023
 
2022
Southern Europe Market Map
2
Fund Size
€200m
€400m
€100m
€1,000m
€300m
€500m
Based on Preqin and Evercore PFG market intelligence.
Includes Southern Europe private equity funds with vintages from 2022 to 2024.
1 Fondo Italiano Consolidamento e Crescita II - FICC II
All fund sizes are in millions.
* Denotes target fund size.
** Denotes prior vintage/fund size.
Alto
Capital V
(€273)
Aurica IV
(€350)
Nzyme
Fund I
(€160)
Diana
Capital III
(€181)
Armonia Italy
Fund II
(€350)
Alantra
Private Equity
Fund IV
(€300*)
Arta
Capital III
(€404)
Miura
Fund IV
(€475)
Lifestyle
Fund II
(€500*)
Oxy
Capital IV
(€125*)
NB
Renaissance
Partners IV
(€1,200*)
ProA Capital
Buyout
Fund IV
(€655)
Fondo
Italiano e
Crescita II
(€700*)1
Miura
Expansion
Fund I 
(€134)
Xenon
Private
Equity VIII
(€500)
Henko
Capital
Partners II
(€175)
Queka RP
PEF 2
(€194)
Fondo Nazca
Small Cap II
(€220)
Nexxus
Iberia Private
Equity Fund II
(€241)
QuattroR
MidCap
(€260)
Progressio
Investimenti IV
(€335)
GPF
Capital IV
(€600)
Quadrivio
Made in Italy
Fund II
(€500*)
"
Evercore PFG - Southern Europe Private Equity H1 2026 Market Map.pdf,4,"Southern Europe Market Map (Cont’d)
3
Fund Size
€200m
€400m
€100m
€1,000m
€300m
€500m
Based on Preqin and Evercore PFG market intelligence.
Includes Southern Europe private equity funds with vintages from 2025 to 2026.
All fund sizes are in millions.
* Denotes target fund size.
** Denotes prior vintage/fund size.
ABE
Private Equity
Fund II
(€200*)
PHI
Industrial IV
(€200*)
Buy&Build
Opportunities
(€250*)
IGI
Sustainable
Transition
Fund
(€250*)
Buenavista
Buyout III
(€250*)
Corpfin
Capital VI
(€300)
Fondo
Nazca
Aeroespacial y
Defensa I
(€400*)
Ambienta
Small Cap
(€500)
Portobello
Capital
Fund V
(€600*)
MCH Iberian
Capital
Fund VI
(€600*)
Magnum
Capital IV
(€475*)
Nextalia
Flexible
Capital
(€500)
Crest Capital
Partners III
(€140)
Aleos Fund I
(€150*)
Star V
(€200*)
Entangled
Capital II
(€200*)
Bravo Capital
Partners III
(€226)
Vecta
Operational
Value Fund
(€260)
Nextalia
Private
Equity II
(€1,200*)
2025
 
2026
Invest
Industrial
LMM IV
(€1,500)
"
Evercore PFG - Southern Europe Private Equity H1 2026 Market Map.pdf,5,"Potentially 
returning to market 
Southern Europe Market Map (Cont’d)
4
Fund Size
€200m
€400m
€100m
€1,000m
€300m
€500m
Based on Preqin and Evercore PFG market intelligence.
Includes Southern Europe private equity fund for Potentially returning to market.
All fund sizes are in millions.
* Denotes target fund size.
** Denotes prior vintage/fund size.
Henko
Capital
Partners III
(€175**)
Gradiente IV
(€180**)
Miura
Fund V
(€500**)
Ambienta V
(€1,550**)
Nexxus
Iberia Private
Equity Fund III
(€241**)
Diorama III
(€400*)
Style 
Capital III
(€500*)
Hyle 
Capital 
Partners 
Fund II 
(€130**)
Green Arrow
Private
Equity Fund 5
(€350**)
Abac
Sustainable
Value III
(€400**)
Artá
Capital IV
(€404**)
Wisequity VII
(€750*)
Clessidra
Capital
Partners V
(€600*)
Miura
Expansion
Fund II
(€135**)
GPF
Partners V
(€600**)
"
Evercore PFG - Southern Europe Private Equity H1 2026 Market Map.pdf,6,"5
Southern Europe Private Equity Fundraise Timeline
Fund Manager
Fund
Vintage
Fund Size (m)
Fund Manager 
HQ
Pre-
2024 H1
2024
2025
2026
Post-
2026 H2
H1
H2
H1
H2
H1
H2
Aurica
Aurica IV
2022
€350
Barcelona
Alto Partners
Alto Capital V
2022
€273
Milan
ProA Capital
ProA Capital Buyout Fund IV
2023
€655
Madrid
Nexxus Iberia
Nexxus Iberia Private Equity Fund II
2024
€241
Madrid
Miura Partners
Miura Expansion Fund I
2022
€134
Barcelona
Diana Capital
Diana Capital III
2023
€181
Madrid
Arta Capital
Arta Capital III
2023
€404
Madrid
Miura Partners
Miura Fund IV
2023
€475
Barcelona
Xenon Private Equity
Xenon Private Equity VIII
2023
€500
Luxembourg
Henko Capital Partners
Henko Capital Partners II
2024
€175
Madrid
Kibo Ventures
Nzyme Fund I
2023
€160
Madrid
Progressio
Progressio Investimenti IV
2024
€335
Milan
Queka Real Partners
Queka RP PEF 2
2024
€194
Madrid
GPF Partners
GPF Capital IV
2024
€600
Madrid
Corpfin Capital
Corpfin Capital VI
2025
€300
Madrid
Ambienta
Ambienta Small Cap
2025
€500
Milan
Armonia
Armonia Italy Fund II
2023
€350
Rome
Nazca Capital
Fondo Nazca Small Cap II
2024
€220
Madrid
Vecta Partners
Vecta Operational Value Fund
2026
€260
Madrid
Nextalia
Nextalia Flexible Capital
2025
€500
Milan
QuattroR
QuattroR MidCap
2024
€260
Milan
Crest Capital Partners
Crest Capital Partners III
2026
€140
Lisbon
Bravo Invest
Bravo Capital Partners III
2026
€226
Milan
Investindustrial
Invest Industrial LMM IV
2026
€1500
London
Alantra
Alantra Private Equity Fund IV
2023
€300*
Madrid
Riello Investimenti
Buy&Build Opportunities
2025
€250*
Milan
Fondo Italiano d'Investimento
Fondo Italiano Consolidamento e Crescita II - FICC II
2023
€700*
Milan
ABE Capital Partners
ABE Private Equity Fund II
2025
€200*
Bilbao
Star Capital
Star V
2026
€200*
Milan
Oxy Capital
Oxy Capital IV
2024
€125*
Lisbon
IGI Private Equity
IGI Sustainable Transition Fund
2025
€250*
Milan
Magnum Capital Industrial Partners
Magnum Capital IV
2025
€475*
Madrid
Portobello Capital
Portobello Capital Fund V
2025
€600*
Madrid
Renaissance Partners
NB Renaissance Partners IV
2024
€1,200*
Milan
MCH Private Equity
MCH Iberian Capital Fund VI
2025
€600*
Madrid
Quadrivio Group
Lifestyle Fund II
2023
€500*
Milan
Quadrivio Group
Quadrivio Made in Italy Fund II
2024
€500*
Milan
Aleos Capital
Aleos Fund I
2026
€150*
Madrid
PHI Industrial
PHI Industrial IV
2025
€200*
Madrid
Buenavista Equity Partners
Buenavista Buyout III
2025
€250*
Madrid
Closed funds
Final closing/anticipated final closing date
GPs in the market with their latest fund
GPs expected to launch during this period
* Denotes target fund size.
** Denotes prior vintage/fund size.
All fund sizes are in millions.
Source: Preqin, news releases, PFG market intelligence.
"
Evercore PFG - Southern Europe Private Equity H1 2026 Market Map.pdf,7,"6
Southern Europe Private Equity Fundraise Timeline (Cont’d)
Closed funds
Final closing/anticipated final closing date
GPs in the market with their latest fund
GPs expected to launch during this period
* Denotes target fund size.
** Denotes prior vintage/fund size.
All fund sizes are in millions.
Source: Preqin, news releases, PFG market intelligence.
Fund Manager
Fund
Vintage
Fund Size (m)
Fund Manager 
HQ
Pre-
2024 H1
2024
2025
2026
Post-
2026 H2
H1
H2
H1
H2
H1
H2
Nazca Capital
Fondo Nazca Aeroespacial y Defensa I
2025
€400*
Madrid
Nextalia
Nextalia Private Equity II
2026
€1,200*
Milan
Entangled Capital
Entangled Capital II
2026
€200*
Milan
Hyle Capital Partners
Hyle Capital Partners Fund II
2021**
€130**
Milan
Clessidra Group
Clessidra Capital Partners V
2021**
€600*
Milan
Abac Capital
Abac Sustainable Value III
2022**
€400**
Barcelona
DECA Investments
Diorama III
2022**
€400*
Athens
Ambienta
Ambienta V
2023**
€1,550**
Milan
Henko Capital Partners
Henko Capital Partners III
2024**
€175**
Madrid
Wise Equity
Wisequity VII
2024**
€750*
Milan
Miura Partners
Miura Expansion Fund II
2022**
€135**
Barcelona
Green Arrow Capital
Green Arrow Private Equity Fund 5
2022**
€350**
Milan
Arta Capital
Arta Capital IV
2023**
€404**
Madrid
Miura Partners
Miura Fund V
2023**
€500**
Barcelona
Style Capital
Style Capital III
2023**
€500*
Milan
Gradiente
Gradiente IV
2024**
€180**
Padova
Nexxus Iberia
Nexxus Iberia Private Equity Fund III
2024**
€241**
Madrid
GPF Partners
GPF Partners V
2024**
€600**
Madrid
"
Evercore PFG - Southern Europe Private Equity H1 2026 Market Map.pdf,8,"15 STANHOPE GATE
LONDON, W1K 1LN
TEL: +44 (0) 207 653 6000
55 EAST 52 ND STREET
NEW YORK, NY 10055
TEL: +1 (212) 857 3100
TWO EXCHANGE SQUARE 
CENTRAL, HONG KONG
TEL: +852 3983 2604
THREE EMBARCADERO CENTRE
SUITE 1450
SAN FRANCISCO, CA 94111
TEL: +1 (415) 989 8900
"
Evercore Private Funds Group - Global Healthcare Market Map - H1 2026.pdf,1,"Private Funds Group
Global Healthcare Market Map 
H1 2026
"
Evercore Private Funds Group - Global Healthcare Market Map - H1 2026.pdf,2,"Disclaimer
This presentation (the ""Presentation"") is being furnished on a confidential basis for informational and discussion purposes only and does not constitute an offer 
to sell or a solicitation of an offer to purchase any security. Any such offer or solicitation with respect to any security or fund discussed herein shall be made 
only pursuant to a confidential private placement memorandum relating to such security or fund, which describes risks related to an investment in such security 
or fund as well as other important information about such security or fund and its sponsor. The information set forth herein does not purport to be complete and 
is subject to change. This Presentation is qualified in its entirety by all of the information set forth in any such memorandum, including without limitation all of 
the cautionary statements set forth in the front of a memorandum and the ""Risk Factors and Conflicts of Interest"" section of any such memorandum. Any such 
memorandum must be read carefully in its entirety prior to making an investment. This Presentation does not constitute a part of any memorandum of any fund. 
The information contained herein must be treated in a confidential manner and may not be reproduced, used or disclosed, in whole or in part, without the prior 
written consent of Evercore Group L.L.C. (“Evercore”). Disclosure to persons other than the recipient and its representatives is strictly prohibited. Past 
performance is not necessarily indicative of future results, and nothing herein is, or shall be relied on as, a promise or representation of future performance. 
There can be no assurance that any fund will achieve comparable results, that targeted returns, diversification or asset allocations will be met or that any fund 
will be able to implement its investment strategy and investment approach or achieve its investment objective. Actual returns on unrealized investments will 
depend on, among other factors, future operating results, the value of the assets and market conditions at the time of disposition, legal and contractual 
restrictions on transfer that may limit liquidity, any related transaction costs and the timing and manner of sale, all of which may differ from the assumptions and 
circumstances on which the valuations used in the prior performance data contained herein are based. Accordingly, the actual realized returns on unrealized 
investments may differ materially from the returns indicated herein. 
Statements contained in this Presentation that are not historical facts are based on current expectations, estimates, projections, opinions, and beliefs of the 
general partner of the Fund. Such statements involve known and unknown risks, uncertainties and other factors, and undue reliance should not be placed 
thereon. In addition, this Presentation contains ""forward-looking statements."" Actual events or results or the actual performance may differ materially from those 
reflected or contemplated in such forward-looking statements. 
Certain economic and market information contained herein has been obtained from published sources prepared by third parties and in certain cases has not 
been updated through the date hereof. While such sources are believed to be reliable, none of Evercore nor any of its affiliates have made any representation 
or warranty, express or implied, with respect to the fairness, correctness, accuracy, reasonableness or completeness of any of the information contained herein 
(including but not limited to information obtained from third parties unrelated to Evercore), and they expressly disclaim any responsibility or liability therefore. 
None of Evercore nor any of its affiliates have any responsibility to update any of the information provided in this summary document. 
THIS SUMMARY IS NOT INTENDED TO CONSTITUTE LEGAL, TAX, OR ACCOUNTING ADVICE OR INVESTMENT RECOMMENDATIONS. 
PROSPECTIVE INVESTORS SHOULD CONSULT THEIR OWN ADVISORS ABOUT SUCH MATTERS.
The products mentioned in this document may not be eligible for sale in some states or countries, nor suitable for all types of investors; their value and the 
income they produce may fluctuate and/or be adversely affected by exchange rates, interest rates, commodity prices or other factors. One or more directors, 
officers, and/or employees of Evercore or its affiliated companies may be a director of the issuer of the securities mentioned in this document. 
Cover photography by Daniel Sessler.
1
"
Evercore Private Funds Group - Global Healthcare Market Map - H1 2026.pdf,3,"Fund Size
2
$400m
$800m
$200m
$2,000m
$600m
$1,000m
Global Healthcare Market Map
Based on Preqin and Evercore PFG market intelligence.
Includes Global Healthcare funds with vintages from 2020 to 2022.
1 KKR Health Care Strategic Growth Fund II 
All fund sizes are in millions.
* Denotes target fund size.
** Denotes prior fund size.
Accelmed 
Partners II 
($400)
AHP
Fund II
 ($759)
2021
2022
2020
RiverGlade 
Capital II 
($453)
Webster 
Equity 
Partners V 
($1,707)
Sheridan 
Capital 
Partners 
Fund III 
($575)
WindRose 
Health 
Investors VI 
($1,400)
Vivalto 
Capital I 
(€690)
Patient 
Square 
Equity 
Partners 
($3,900)
KKR 
Health Care 
Growth Fund II 
($3,648)1
Care 
Equity II 
($298)
SHS VI
Healthcare
Investments
(€270)
Havencrest 
Healthcare 
Partners II 
($356)
NovaQuest 
Private Equity 
Fund II
($509)
Great Point 
Partners IV 
($506)
MVM VI 
($516)
BPOC 
Fund VI 
($302)
HealthQuest
Partners IV
($675)
Martis
Partners IV
($779)
RoundTable 
Healthcare 
Partners VI 
($800)
EW 
Healthcare 
Partners 
Fund 3 
($800*)
Chicago 
Pacific 
Founders 
Fund III 
($847)
Ampersand 
2023 
($1,200)
Oberland 
Capital 
Healthcare III 
($1,200)
TPG 
Healthcare 
Partners II 
($3,600)
1315 
Capital III 
($350)
Mérieux
Participations 4
(€568)
Gilde 
Healthcare 
Private 
Equity IV 
(€517)
InTandem
Capital
Partners
Fund III
($715)
Transformation
Capital Fund III
($800)
MED
Platform II
(€3,500)
Apposite
Healthcare III
(£176)
Revelstoke
Capital
Partners
Fund III 
($1,700)
Health
Enterprise
Partners IV
($250*)
TTCP
Fund III
($154)
Rubicon
Founders
Opportunity
Fund I
($465)
Varsity
Healthcare
Partners IV
($700)
LYFE 
Capital 
Fund IV 
($935)
Waud 
Capital 
Partners VI 
($1,000*)
Water Street
Healthcare
Partners V
($1,400)
"
Evercore Private Funds Group - Global Healthcare Market Map - H1 2026.pdf,4,"Fund Size
3
$400m
$800m
$200m
$2,000m
$600m
$1,000m
Global Healthcare Market Map (Cont’d)
Based on Preqin and Evercore PFG market intelligence.
Includes Global Healthcare funds with vintages from 2023 to 2024.
1 Shore Capital Healthcare Partners Fund V
2 Shore Capital Healthcare Advantage Fund
All fund sizes are in millions.
* Denotes target fund size.
** Denotes prior fund size.
Avego
Healthcare
Capital Fund II
 ($350)
Cressey & Co
Fund VII
($1,400)
Foresite 
Capital VI 
($900)
Amulet 
Capital 
Fund III
 ($1,200)
Spindletop 
Healthcare 
Growth 
Equity III
 ($350*)
Heritage 
Healthcare 
Innovation 
Fund IV
 ($370)
Lorient
Healthcare
Fund III
($500)
Shore
Capital
Partners
Fund V
 ($439)1
Gilde
Healthcare VI
(€740)
Grant 
Avenue 
Capital 
Fund II 
($207)
WCP 
Healthcare 
Partners I 
($300)
Vesey 
Street 
Capital 
Partners II 
($375*)
Ascend 
Capital 
Partners 
Fund II 
($791)
Avista 
Healthcare 
Partners III 
($1,500)
2024
 
2023
Concord
Innovation
Fund III
($250*)
LCM
Healthcare
Fund II
($345)
Endeavour
Medtech
Growth III
(CHF375*)
MED
Rise
(€400)
NaviMed
Partners III
($450)
DW
Healthcare
Partners VI
($650*)
Frazier
Healthcare
Growth Buyout
Fund XI
($2,300)
Webster
Equity
Partners VI
($2,500*)
GHO
Capital IV
(€2,500)
Altaris
Health
Partners VI
($3,500)
Nautic
Partners XI
($4,500)
Shore
Capital
Healthcare
Fund
($1,400)2
3 Boomerang
Capital I 
($375)
Rubicon 
Fund II 
($1,180)
Valspring 
Capital 
Fund I 
($255)
Gyrus 
Capital II 
(€310)
Vivo 
Capital 
Fund X 
($1,500*)
Zenyth
Partners II
($375)
Invidia
Curie Fund I
($850*)
"
Evercore Private Funds Group - Global Healthcare Market Map - H1 2026.pdf,5,"Fund Size
4
$400m
$800m
$200m
$2,000m
$600m
$1,000m
Global Healthcare Market Map (Cont’d)
2025
 
Hughes
Growth
Equity Fund II
($260)
QHP Private
Equity
Fund III
($509**)
Enhanced
Healthcare
Partners II
($521)
Shore
Capital
Healthcare
Partners
Fund VI
($625)
Curewell
Capital Fund I
($535)
Regal
Healthcare
Capital Partners
Fund IV
($650*)
Impilo II
(€700)
G Square
Capital V
(€800**)
Chicago
Pacific
Founders
Fund IV
($1,200*)
Revelstoke
Capital
Partners
Fund IV
($1,750*)
Linden
Capital
Partners VI
($5,200)
Patient
Square Equity 
Partners II
($6,000*)
Based on Preqin and Evercore PFG market intelligence.
Includes Global Healthcare funds with vintages from 2025 to 2026.
All fund sizes are in millions.
* Denotes target fund size.
** Denotes prior fund size.
Lauxera
Growth II
(€400*)
Hildred Equity
Partners III
($810)
WindRose
Health
Investors VII
($2,600)
TPG
Healthcare
Partners III
($3,600**)
1315
Capital IV
($350**)
Apposite
Healthcare IV
(£300*)
Gilde
Healthcare
Private
Equity V
(€750*)
LYFE
Capital
Fund V
($935**)
Eir
Partners III
($1,000)
MED IV
(€1,200*)
Avista
Healthcare
Partners IV
($1,500**)
MED
Platform III
(€5,000*)
2026
 
Transformation
Capital
Fund IV
($800**)
"
Evercore Private Funds Group - Global Healthcare Market Map - H1 2026.pdf,6,"Fund Size
5
$400m
$800m
$200m
$2,000m
$600m
$1,000m
Global Healthcare Market Map (Cont’d)
Gyrus
Capital III
(€310**)
Varsity
Healthcare
Partners V
($700**)
Care 
Equity III 
($298**)
Vivalto
Capital II
(€690**)
SHS VII
Healthcare
Investments
(€270**)
Gilde
Healthcare VII
(€740**)
Havencrest 
Healthcare 
Partners III 
($356**)
HealthQuest
Partners V
($675**)
Potentially 
returning to market 
MVM VII 
($500**)
Lorient 
Healthcare 
Fund IV 
($500**)
RoundTable
Healthcare
Partners VII
($800**)
Martis 
Partners V 
($779**)
AHP
Fund III
($759**)
Sheridan
Capital
Partners IV
($800*)
Consonance
Private
Equity III
($856**)
Ampersand
2026
($1,200**)
Water Street
Healthcare
Partners VI
($1,400**)
KKR Health
Care Strategic
Growth Fund III
($3,648**)
Based on Preqin and Evercore PFG market intelligence.
Includes Global Healthcare funds with Potentially returning to market.
All fund sizes are in millions.
* Denotes target fund size.
** Denotes prior fund size.
InTandem
Capital
Partners
Fund IV
($715**)
Mérieux
Participations 5
(€568**)
GHO Capital V
(€2,500**)
Nautic
Partners XII
($4,500**)
"
Evercore Private Funds Group - Global Healthcare Market Map - H1 2026.pdf,7,"Closed funds
Final closing/anticipated final closing date
GPs in the market with their latest fund
GPs expected to launch during this period
Global Healthcare Fundraise Timeline
* Denotes target fund size.
** Denotes prior vintage/fund size.
1 SHS Gesellschaft für Beteiligungsmanagement
All fund sizes are in millions.
Source: Preqin, news releases, PFG market intelligence.
6
Fund Manager
Fund
Vintage
Fund Size (m)
Fund Manager
HQ
Pre-
2024 H1
2024
2025
2026
Post-
2026 H2
H1
H2
H1
H2
H1
H2
Accelmed
Accelmed Partners II
2020
$400
US
Assured Healthcare Partners
AHP Fund II
2020
$759
US
KKR
KKR Health Care Strategic Growth Fund II
2021
$3,648
US
QHP Capital
NovaQuest Private Equity Fund II
2022
$509
US
Havencrest Capital Management
Havencrest Healthcare Partners II
2022
$356
US
Gilde Healthcare Partners
Gilde Healthcare Private Equity IV
2022
€517
Netherlands
Transformation Capital
Transformation Capital Fund III
2022
$800
US
LYFE Capital
LYFE Capital Fund IV
2022
$935
Singapore
Water Street Healthcare Partners
Water Street Healthcare Partners V
2022
$1,400
US
Great Point Partners
Great Point Partners IV
2022
$506
US
HealthQuest Capital
HealthQuest Partners IV
2022
$675
US
RoundTable Healthcare Partners
RoundTable Healthcare Partners VI
2022
$800
US
Apposite Capital
Apposite Healthcare III
2021
£176
UK
Webster Equity Partners
Webster Equity Partners V
2020
$1,707
US
RiverGlade Capital
RiverGlade Capital II
2021
$453
US
Rubicon Founders
Rubicon Founders Opportunity Fund I
2022
$465
US
Care Equity
Care Equity II
2022
$298
US
MVM Partners
MVM VI
2022
$516
US
Chicago Pacific Founders
Chicago Pacific Founders Fund III
2022
$847
US
Ampersand Capital Partners
Ampersand 2023
2022
$1,200
US
Oberland Capital Management
Oberland Capital Healthcare III
2022
$1,200
US
Patient Square Capital
Patient Square Equity Partners
2021
$3,900
US
Martis Capital
Martis Partners IV
2022
$779
US
1315 Capital
1315 Capital III
2022
$350
US
Varsity Healthcare Partners
Varsity Healthcare Partners IV
2022
$700
US
EW Healthcare Partners
EW Healthcare Partners Fund 3
2022
$800*
US
ArchiMed
MED Platform II
2022
€3,500
France
Mérieux Equity Partners
Mérieux Participations 4
2021
€568
France
Sheridan Capital Partners
Sheridan Capital Partners Fund III
2021
$575
US
WindRose Health Investors
WindRose Health Investors VI
2021
$1,400
US
Revelstoke Capital Partners
Revelstoke Capital Partners Fund III
2021
$1,700
US
SHS Beteiligungsmanagement1
SHS VI Healthcare Investments
2022
€270
Germany
TPG
TPG Healthcare Partners II
2022
$3,600
US
Gyrus Capital
Gyrus Capital II
2023
€310
Switzerland
Gilde Healthcare Partners
Gilde Healthcare VI
2023
€740
Netherlands
Shore Capital Partners
Shore Capital Healthcare Partners Fund V
2023
$439
US
Vivalto Partners
Vivalto Capital I
2021
€690
France
TT Capital Partners
TTCP Fund III
2022
$154
US
Latticework Capital Management
LCM Healthcare Fund II
2024
$345
US
Foresite Capital
Foresite Capital VI
2023
$900
US
"
Evercore Private Funds Group - Global Healthcare Market Map - H1 2026.pdf,8,"Closed funds
Final closing/anticipated final closing date
GPs in the market with their latest fund
GPs expected to launch during this period
Global Healthcare Fundraise Timeline (Cont’d)
7
Fund Manager
Fund
Vintage
Fund Size (m)
Fund Manager
HQ
Pre-
2024 H1
2024
2025
2026
Post-
2026 H2
H1
H2
H1
H2
H1
H2
Avista Healthcare Partners
Avista Healthcare Partners III
2023
$1,500
US
Avego Healthcare Capital
Avego Healthcare Capital Fund II
2023
$350
US
InTandem Capital Partners
InTandem Capital Partners Fund III
2022
$715
US
Cressey & Company
Cressey & Co Fund VII
2023
$1,400
US
Grant Avenue Capital
Grant Avenue Capital Fund II
2023
$207
US
3 Boomerang Capital
3 Boomerang Capital I
2023
$375
US
Rubicon Founders
Rubicon Fund II
2023
$1,180
US
Amulet Capital Partners
Amulet Capital Fund III
2023
$1,200
US
Altaris
Altaris Health Partners VI
2024
$3,500
US
ArchiMed
MED Rise
2024
€400
France
NaviMed Capital
NaviMed Partners III
2024
$450
US
Hildred Capital Management
Hildred Equity Partners III
2025
$810
US
Frazier Healthcare Partners
Frazier Healthcare Growth Buyout Fund XI
2024
$2,300
US
Nautic Partners
Nautic Partners XI
2024
$4,500
US
Shore Capital Partners
Shore Capital Healthcare Advantage Fund
2024
$1,400
US
Health Enterprise Partners
Health Enterprise Partners IV
2021
$250*
US
Beecken Petty O'Keefe & Company
BPOC Fund VI
2022
$302
US
Valspring Capital
Valspring Capital Fund I
2023
$255
US
Lorient Capital
Lorient Healthcare Fund III
2023
$500
US
Impilo
Impilo II
2025
€700
Sweden
Linden Capital Partners
Linden Capital Partners VI
2025
$5,200
US
Enhanced Healthcare Partners
Enhanced Healthcare Partners II
2025
$521
US
Heritage Group
Heritage Healthcare Innovation Fund IV
2023
$370
US
Whistler Capital Partners
WCP Healthcare Partners I
2024
$300
US
GHO Capital
GHO Capital IV
2024
€2,500
UK
Zenyth Partners
Zenyth Partners II
2024
$375
US
Hughes & Company
Hughes Growth Equity Fund II
2025
$260
US
Shore Capital Partners
Shore Capital Healthcare Partners Fund VI
2025
$625
US
Curewell Capital Management
Curewell Capital Fund I
2025
$535
US
WindRose Health Investors
WindRose Health Investors VII
2025
$2,600
US
Ascend Partners
Ascend Capital Partners Fund II
2023
$791
US
Eir Partners
Eir Partners III
2026
$1,000
US
Concord Health Partners
Concord Innovation Fund III
2024
$250*
US
Waud Capital Partners
Waud Capital Partners VI
2022
$1,000*
US
Spindletop Capital
Spindletop Healthcare Growth Equity III
2023
$350*
US
Vesey Street Capital Partners
Vesey Street Capital Partners II
2023
$375*
US
Patient Square Capital
Patient Square Equity Partners II
2025
$6,000*
US
Webster Equity Partners
Webster Equity Partners VI
2024
$2,500*
US
Lauxera Capital Partners
Lauxera Growth II
2025
€400*
France
QHP Capital
QHP Private Equity Fund III
2025
$509**
US
* Denotes target fund size.
** Denotes prior vintage/fund size.
All fund sizes are in millions.
Source: Preqin, news releases, PFG market intelligence.
"
Evercore Private Funds Group - Global Healthcare Market Map - H1 2026.pdf,9,"Closed funds
Final closing/anticipated final closing date
GPs in the market with their latest fund
GPs expected to launch during this period
Global Healthcare Fundraise Timeline (Cont’d)
8
Fund Manager
Fund
Vintage
Fund Size (m)
Fund Manager
HQ
Pre-
2024 H1
2024
2025
2026
Post-
2026 H2
H1
H2
H1
H2
H1
H2
DW Healthcare Partners
DW Healthcare Partners VI
2024
$650*
Canada
Invidia Capital Management
Invidia Curie Fund I
2024
$850*
US
Regal Healthcare Capital Partners
Regal Healthcare Capital Partners Fund IV
2025
$650*
US
G Square
G Square Capital V
2025
€800**
UK
LYFE Capital
LYFE Capital Fund V
2026
$935**
Singapore
Chicago Pacific Founders
Chicago Pacific Founders Fund IV
2025
$1,200*
US
Avista Healthcare Partners
Avista Healthcare Partners IV
2026
$1,500**
US
Transformation Capital
Transformation Capital Fund IV
2025
$800**
US
Gilde Healthcare Partners
Gilde Healthcare Private Equity V
2026
€750*
Netherlands
Vivo Capital
Vivo Capital Fund X
2023
$1,500*
US
Revelstoke Capital Partners
Revelstoke Capital Partners Fund IV
2025
$1,750*
US
TPG
TPG Healthcare Partners III
2025
$3,600**
US
Apposite Capital
Apposite Healthcare IV
2026
£300*
UK
1315 Capital
1315 Capital IV
2026
$350**
US
Endeavour Vision
Endeavour Medtech Growth III
2024
CHF375*
Switzerland
ArchiMed
MED IV
2026
€1,200*
France
ArchiMed
MED Platform III
2026
€5,000*
France
Sheridan Capital Partners
Sheridan Capital Partners IV
2026
$800*
US
Assured Healthcare Partners
AHP Fund III
2020**
$759**
US
Consonance Capital
Consonance Private Equity III
2020**
$856**
US
Mérieux Equity Partners
Mérieux Participations 5
2021*
€568**
France
KKR
KKR Health Care Strategic Growth Fund III
2021**
$3,648**
US
SHS Capital
SHS VII Healthcare Investments
2022*
€270**
Germany
Care Equity
Care Equity III
2022**
$298**
US
MVM Partners
MVM VII
2022**
$500**
US
InTandem Capital Partners
InTandem Capital Partners Fund IV
2022**
$715**
US
RoundTable Healthcare Partners
RoundTable Healthcare Partners VII
2022**
$800**
US
Ampersand Capital Partners
Ampersand 2026
2022**
$1,200**
US
Water Street Healthcare Partners
Water Street Healthcare Partners VI
2022**
$1,400**
US
Gilde Healthcare Partners
Gilde Healthcare VII
2023*
€740**
Netherlands
Gyrus Capital
Gyrus Capital III
2023**
€310**
Switzerland
Vivalto Partners
Vivalto Capital II
2021**
€690**
France
Havencrest Capital Management
Havencrest Healthcare Partners III
2022**
$356**
US
HealthQuest Capital
HealthQuest Partners V
2022**
$675**
US
Varsity Healthcare Partners
Varsity Healthcare Partners V
2022**
$700**
US
Martis Capital
Martis Partners V
2022**
$779**
US
Lorient Capital
Lorient Healthcare Fund IV
2023**
$500**
US
Nautic Partners
Nautic Partners XII
2024*
$4,500**
US
GHO Capital
GHO Capital V
2024**
€2,500**
UK
* Denotes target fund size.
** Denotes prior vintage/fund size.
All fund sizes are in millions.
Source: Preqin, news releases, PFG market intelligence.
"
Evercore Private Funds Group - Global Healthcare Market Map - H1 2026.pdf,10,"15 STANHOPE GATE
LONDON, W1K 1LN
TEL: +44 (0) 207 653 6000
55 EAST 52 ND STREET
NEW YORK, NY 10055
TEL: +1 (212) 857 3100
FLOOR 14, TWO EXCHANGE 
SQUARE, 8 CONNAUGHT PLACE
HONG KONG
TEL: +852 3983 2600
"
Jefferies PFA European Private Equity Market Maps (February 2026).pdf,1,"Jefferies PFA
European Private Equity
Market Maps
FEBRUARY 2026  | CONFIDENTIAL
"
Jefferies PFA European Private Equity Market Maps (February 2026).pdf,2,"Summary Market Statistics
2
Sources: Preqin or publicly-available data, as applicable, and Jefferies PFA market knowledge. Data as of February 2026. Subject to change. Statistics are approximated based 
on funds shown on maps. 
UK and Ireland
Funds currently raising 
(no. / %)
9 / 15%
Funds currently raising
(capital)
£4.1b+ targeted
Average fund size in market 
(tgt.)
£223m median / 
£463m mean
Nordics
Funds currently raising 
(no. / %)
12 / 18%
Funds currently raising
(capital)
€37.7b+ targeted
Average fund size in market 
(tgt.)
€347m median / 
€3,144m mean
Iberia
Funds currently raising 
(no. / %)
12 / 36%
Funds currently raising
(capital)
€4.0b+ targeted
Average fund size in market 
(tgt.)
€275m median / 
€335m mean
DACH
Funds currently raising 
(no. / %)
11 / 17%
Funds currently raising
(capital)
€3.9b+ targeted
Average fund size in market 
(tgt.)
€300m median / 
€361m mean
Pan-European (€200 – €2bn)
Funds currently raising 
(no. / %)
25 / 27%
Funds currently raising
(capital)
€22.2b+ targeted
Average fund size in market 
(tgt.)
€840m median / 
€891m mean
Pan-European (€2bn+)
Funds currently raising 
(no. / %)
17 / 34%
Funds currently raising
(capital)
€130.0b+ targeted
Average fund size in market 
(tgt.)
€5,000m median / 
€7,649m mean
Italy
Funds currently raising 
(no. / %)
20 / 40%
Funds currently raising
(capital)
€8.2b+ targeted
Average fund size in market 
(tgt.)
€263m median / 
€411m mean
Benelux
Funds currently raising 
(no. / %)
13 / 25%
Funds currently raising
(capital)
€6.2b+ targeted
Average fund size in market 
(tgt.)
€250m median / 
€484m mean
France
Funds currently raising 
(no. / %)
29 / 40%
Funds currently raising
(capital)
€19.5b+ targeted
Average fund size in market 
(tgt.)
€450m median / 
€673m mean
"
Jefferies PFA European Private Equity Market Maps (February 2026).pdf,3,"Pan-European Private Equity 
(€200 – €2bn)
3
Sources: Preqin or publicly-available data, as applicable, and Jefferies PFA market knowledge. Data in millions as of February 2026. Subject to change. Years represent vintages. 
Statistics based on funds shown on map. (*) Prior fund size shown where target size not available.
Other funds: MML Enterprise I (raising); size unknown. Triple PE I (raising); size unknown. Equistone (prior fund €2.8bn, 2018 vintage) understood to raise separate geographic funds 
going forwards.
Trilantic Europe 
VI, €925
LLCP Europe II, €463
CGE Partners, €440
Alpha PE 7, €903
PIR Equities III, $312
BlueGem III, €340
FSN VI, €1,772
Charme IV, €780
Freshstream II, €762
ARCHIMED III, €650
ERES IV, €512
Agilitas 2020, €565
Astorg Mid-Cap, €1,263
Vivalto I , €690
Preservation II, €459
Seven2 MidMarket X, 
€1,605
Gilde Healthcare 
PE IV, €517
Adagia Capital Europe, 
€1,100
Andera MidCap 5, 
€750
Three Hills IV, €1,013
Bregal Milestone II, 
€770
Verdane Edda III, €1,100
G Square IV, €560
Columna III, €290
Kurma Growth, €167
Star IV, c. €956
Atomico Growth VI, 
$754
Summit Europe 
Growth IV, €1,400
Fidelio III, €1,100
Oakley Origin II, €750
Highland Europe V, 
€1,000
Gilde Healthcare VI, 
€740
Montefiore Expansion, 
€450
Argos Climate 
Action, €337
Capital D II, €156
Corten II, €680
Volpi III, €428
MML VIII, €1,000
Chequers XVIII, €1,200
Blume Equity I, 
€193
Thoma Bravo Europe, 
€1,800
BlackFin Financial 
Services IV, €1,800
Ambienta IV, €1,550
PX3, €500
KLAR II, €870
Rivean VII, €1,580
Capza Flex Equity 
MM II, €1,300
Eurazeo Planetary 
Boundaries, €750
Naxicap III, €1,200
Trill II, €1,200
Cinven Strategic 2*, 
€1,500
Partners Group Life II,
 €500
Eurazeo Growth IV,
 €1,000
Agilitas Human 
Investment, 
€250
AnaCap IV*, €230
Sprints V*, €525
Capza 6 Flex Equity, 
€850
Stirling Square V*, 
€950
PAI MM II*, €918
Charterhouse XII, 
€1,500
Argos MM IX, 
€600
Riverside Europe VII, 
€600
H.I.G. Europe MM 
II*, €1,906
Osprey I, €400
Keensight Spark II, 
€800
One Peak Growth 
IV*, $1,000
Triton SMC III*, 
€817
Fremman II, €750
A&M Europe II*,
 €650
Eurazeo PME V* 
, €1,000
Investindustrial 
Growth IV, €1,250
Main Capital VIII, €1,933
Main Foundation II, 
€507
Ardian Growth III, €530
ARCHIMED Rise, €400
Kennet VI, €266
Balderton Growth II, $685
Verdane Idun II, €700
Marlin Heritage Europe 
III, €1,000
Bridgepoint Growth II, 
£300
TDR SOF I, €450
bd-capital 2, €430
Montefiore VI, €1,400
Ambienta Small 
Cap, €500
Pollen Street V, €1,500
Notion Growth III, €114
Aspirity I, €875
H.I.G Europe IV, €1,600
IK Partnership III, €500
Expedition Growth III, 
$375
Apheon VI, €1,250
€150
€650
€1,150
€1,650
Market Statistics
Funds currently raising (no. / %)
25 / 27%
Funds currently raising (capital)
€22.2b+ targeted
Average fund size in market (tgt.)
€840m median / €891m mean
2022
2021
2023
2024
2016 - 2019
2020
In Market
2025
2026
"
Jefferies PFA European Private Equity Market Maps (February 2026).pdf,4,"Ardian Buyout VII, €6,500
EQT Growth, €2,400
Permira Growth II, $4,000
EQT Future, €3,000
Bridgepoint Eur. VII, €7,000
Rhone VI, €2,100
KKR Europe VI, €7,298
EMK III, €3,000
Cinven VIII, €13,260
Altor VI, €3,010
ARCHIMED Platform II, 
€3,500
Carlyle Europe Tech V, 
€3,180
Astorg VIII, €4,400
CVC IX, €26,800
Vitruvian V, €7,300
TDR Capital V, €4,300
Castik III, €2,000
Towerbrook VI, $4,100
Bain Europe VI, €6,350
PSG Europe II, €2,649
Apax XI, $12,000
PAI VIII, €7,100
Investindustrial VIII, €4,000
CVC Strategic Ops. 
III, €4,610
IK X, €3,300
Eurazeo Capital V, €3,000
Ardian Expansion VI, €3,200
Nordic Evolution II, €2,000
Bridgepoint Dev V, 
€2,800
Oakley VI, €4,500
IK Small Cap IV, €2,000
Verdane Freya XII, €2,000
GHO IV, €2,500
Montagu VII*, €3,314
Triton VI, €5,500
EQT XI, €23,000
Keensight Nova 
VII*, €2,335
Carlyle Europe VI*, €6,400
Five Arrows PI V*, 
€2,400
Waterland X*, €3,616
BC Partners XII, €5,000
Advent GPE XI, $26,000
Hg Saturn 4, $12,000
Hg Mercury 5, €2,500
Hg Genesis 11, €7,500
Inflexion Buyout VII*, 
£2,500
CVC Catalyst III, $2,000
Permira IX, €17,000
Nordic XII, €10,000
CapVest VI, €3,850
€2,000
€4,500
€7,000
€9,500
€12,000
4
Sources: Preqin or publicly-available data, as applicable, and Jefferies PFA market knowledge. Data in millions as of February 2026. Subject to change. Years represent vintages. 
Statistics based on funds shown on map. (*) Prior fund size shown where target size not available. (**) Target size shown; final size unavailable.
Market Statistics
Funds currently raising (no. / %)
17 / 34%
Funds currently raising (capital)
€130.0b+ targeted
Average fund size in market (tgt.)
€5,000m median / €7,649m mean
€12bn+
Pan-European Private Equity 
(€2bn+)
2024
2023
2025
In Market
2020
2021
2022
2019
"
Jefferies PFA European Private Equity Market Maps (February 2026).pdf,5,"NVM III, £142
Foundation 
Investment 
Partners II, £160
NorthEdge SME I, £125
Primary V, £90
Active III, £100
Livingbridge 
Enterprise 3, £334
Graphite IX, £503
Vespa III, £151
Cairngorm III, £200
Elysian III, £325
Melior II, €160
Mobeus V, £143
Bowmark Growth, £196
Scottish Equity VI, £350
True Capital III, £275
Livingbridge 7, £1,245
NorthEdge lll, £250
Sovereign V, £300
H2 VI, £300
Aliter II, £134
Synova V, £875
Palatine Impact II, £150
Piper VII, £105
Apiary II, £240
Epiris III, £1,044
Phoenix 2022, £404
Bowmark VII, £900
Limerston II, £245
Inflexion Partnership III, £1,750
ECI 12, £1,000
Imbiba Growth 2, £90
Tenzing III, £909
Mayfair III, £500
Beech Tree IV**, £175
WestBridge III, £220
Inflexion Enterprise VI, 
£975
Axiom I, £150
Ansor II, £250
Hypha I, £118
Palatine V, £254
Exponent V, £900
MML Ireland III, €235
August VI , £350
Erisbeg II, €175
CBPE XI , £714
Queen's Park II, £305
Northcote I, £160
Growth Capital VI, £411
Kester IV, £425
Goldenpeak I, £375
Key Capital III, £125
Horizon III, £245
FPE IV, £225
Hanover III, £300
Alcuin VI*, £180
Harwood VI, £200
Inflexion Buyout VII*, 
£2,500
Cow Corner 2*, $231
Atlantic Bridge V*, 
€261
£0
£200
£400
£600
£800
£1,000
£1,200
United Kingdom and Ireland 
Private Equity
5
Sources: Preqin or publicly-available data, as applicable, and Jefferies PFA market knowledge. Data in millions as of February 2026. Subject to change. Years represent vintages. 
Statistics based on funds shown on map. (*) Prior fund size shown where target size not available. (**) Target size, final size unknown.
Other funds: Cardinal III (raising); size unknown.
Market Statistics
Funds currently raising (no. / %)
9 / 15%
Funds currently raising (capital)
£4.1b+ targeted
Average fund size in market (tgt.)
£223m median / £463m mean
£1bn+
2022
2021
2023
2024
2019
2020
In Market
2018
2025
"
Jefferies PFA European Private Equity Market Maps (February 2026).pdf,6,"Benelux Private Equity
6
Sources: Preqin or publicly-available data, as applicable, and Jefferies PFA market knowledge. Data in millions as of February 2026. Subject to change. Years represent vintages. 
Statistics based on funds shown on map. (*) Prior fund size shown where target size not available. (**) Estimated fund size or vintage.
Core Equity I, €1,000
Smile Invest I, €350
Prime Ventures V, 
€242
Victus I, €90
Avedon IV, €612
Nordian III, €320
Bolster Investments 
II, €250
Sofindev VI, €250
Torqx II, €230
Connected Capital II, 
€154
Rhein Invest II, €73
Gilde Healthcare PE IV, €517
Syntagma I, €200
Synergia VI, €200
Junction Growth, €115
Gilde Healthcare VI, €740
Parcom VII, €960
Quadrum IV, €400
SmartFin III, €250
Rivean VII, €1,580
GEM Benelux VI, 
€600
Egeria VI, €1,250
365 Capital II, 
€255
Nyver I, €335
Bencis VII, €625
Standard V, €150
Fortino PE III,
 €700
Holland Capital V, 
€225
Main Capital VIII, 
€1,933
Main Foundation II, 
€507
Vortex IV, €145
Lexar I, €50
Vendis IV, €525
Mentha Impact I, €153
Down2Earth III , €170
Forbion Growth III, 
€1,170
Berk Growth II, €80
Principium Alpha 
Growth I, €50
Waterland X*, €3,616
NewPort III*, €150
HPE Growth III, €350
Kebek IV, €75
Integra III, €250
SevenGen Growth, €150
IceLake III*, €315
Capital A V*, €358
Foreman II, €250
M80 II, €250
Mentha VIII, €333
Finch Europe IV, €150
Apheon VI, €1,250
Strada II, €350
€0
€200
€400
€600
€800
€1,000
€1,200
Market Statistics
Funds currently raising (no. / %)
13 / 25%
Funds currently raising (capital)
€6.2b+ targeted
Average fund size in market (tgt.)
€250m median / €484m mean
2022
2021
2023
2024
2016 - 2019
2020
In Market
2025
2026
"
Jefferies PFA European Private Equity Market Maps (February 2026).pdf,7,"Capvis V**, €1,175
CGS IV, CHF 240 
Equita Fonds 5, €308
CMP III, €250
Mirabaud Patrimoine 
Vivant, €155
Finatem IV, €139
DBAG VIII, €1,109
Crosslantic II***, €200
Crown Growth III, $303
Pearl Capital (EdR), €280
Auctus V, €250
BPE  4, €135
Deutsche PE IV, €1,000
EMH Growth II, €650
Target Global 
Growth II, €525
Evoco TSE III, €162
PREMIUM 
Mittelstand II, 
€134
Afinum IX, €420
PINOVA 3, €163
MTIP II, €220
Novum II, €150
Paragon IV, €1,200
Cadence, €100
Digital Growth II, €403
Adiuva III, €300
SHS VI Healthcare, 
€270
Constellation VI, €90
NC Growth I, €145
Lakestar Growth II, 
€300
Maguar II, €306
Earlybird Growth V, €143
Maxburg IV, €450
Lafayette 
Mittelstand III, €106
Quadriga VI, €150
Invision VII, €550
BID Equity III, €310
FLEX II, €300
Gyrus II, €310
EOS II, €300
Emeram II***, 
€400
Beyond III, €180
eevolve I, €372
Elvaston VI, €800
Castik III, €2,000
Sophora I, €50
Bregal Unternehmerkapital 
IV, €2,650
DBAG Expansion IV, €250
Ufenau VIII, €2,100 
Armira III, €1,000
GREENPEAK III, €300
Armira Growth I, 
€200
LEA III, €565
Capiton VII, €600
GENUI III*, €697
Borromin V*, €300
ECM VI*, €325
Odewald KMU III, €250
NORD Holding Mid 
Cap III, €600
Sevest I, €250
KKA III*, €230
NORD Holding Small 
Cap, €100
COIP DACH Growth II, 
€120
Active Ownership, 
€500
€25
€125
€225
€325
€425
€525
€625
€725
DACH Private Equity
7
Sources: Preqin or publicly-available data, as applicable, and Jefferies PFA market knowledge. Data in millions as of February 2026. Subject to change. Years represent vintages. 
Statistics based on funds shown on map. (*) Prior fund size shown where target size not available. (**) No current plans to raise a new fund. (***) Target size, final size unknown.
Other funds: Family Trust Investor raising Fund II (2022); size unknown. T2Y Fund I (raising); size unknown.
€700+
Market Statistics
Funds currently raising (no. / %)
11 / 17%
Funds currently raising (capital)
€3.9b+ targeted
Average fund size in market (tgt.)
€300m median / €361m mean
2022
2021
2023
2024
2019
2020
In Market
2016 - 2018
2025
"
Jefferies PFA European Private Equity Market Maps (February 2026).pdf,8,"Nordics Private Equity
8
Converted to Euros from local currencies at the following FX rates: 0.09SEK/EUR; 0.13DKK/EUR; 0.09NOK/EUR.
Sources: Preqin or publicly-available data, as applicable, and Jefferies PFA market knowledge. Data in millions as of February 2026. Subject to change. Years represent vintages. 
Statistics based on funds shown on map. (*) Prior fund size shown where target size not available. (**) Target size, final size unknown.
Other funds: PEQ PE raising Fund IV; size and vintage unknown. ETNA I (raising); size unknown. 
CapMan Buyout XI, €190
FSN VI, €1,772
EQT Growth, 
€2,400
Verso III, €100
Bocap SME III, €100
Juuri II, €125
Blue Equity III, €101
MB Equity VI, €173
DevCo IV, €260
Intera IV, €335
Amplio I, €60
Korona IV, €80
Polaris V, €690
Valedo IV, €173
Vaaka IV, €250
Procuritas VII, €407
Verdane Edda III, 
€1,100
Altor VI, €3,010
eEquity V, €173
FSN Compass I, €400
Summa III, €2,256
Solix III, €240
Erhvervsinvest V**, €270
Ceder 3, €127
Accent VII, €205
Longship III, €175
Fidelio III, €1,100
KLAR II, €870
Alder III, €272
Axcel VII, €1,296
Catacap III, €250
VIA V, €250
Capidea IV , €168
Nordic Alpha Partners II, €266
MAM Growth II, €140
Evolver II, €100
Norvestor X*, €1,500
Nordic XII, €10,000
Trill II, €1,200
Standout III*, €155
GRO IV*, €600
Explore Equity II*, €84
Driv II, €200
Aspira I, €200
SEB PE Nordic Direct 
III, €433
EQT XI, €23,000
Equip III*, €262
Helix III, €140
Adelis IV, €1,616
Sponsor VI , €231
Systematic Growth IV, 
€200
Capman Growth III, 
€130
GRO Generation I, €150
Altor ACT I, €1,129
Priveq VII, €264
Verdane Idun II, €700
Nordic Evolution II, €2,000
Celero I, €275
Bluefront II, €86
Impilo II, €700
MVI III, €180
Norvestor Nova I, €500
Consolid III, €210
Verdane Freya XII, €2,000
Monterro G2, €350
Monterro V, €1,375
Axcel Elevate I, €459
Credo III, €135
€0
€200
€400
€600
€800
€1,000
€1,200
€1,400
Market Statistics
Funds currently raising (no. / %)
12 / 18%
Funds currently raising (capital)
€37.7b+ targeted
Average fund size in market (tgt.)
€347m median / €3,144m mean
€1.2bn+
2022
2021
2023
2024
2019 - 2020
In Market
2025
"
Jefferies PFA European Private Equity Market Maps (February 2026).pdf,9,"Essling Expansion**, €250
Ardian Buyout VII, 
€6,500
Azulis Middle Market 
VI, €280
MBO Capital 5, €320
ERES IV, €512
ARCHIMED III, €650
Partech Growth II, €652
Abénex VI, €600
Astorg Mid-Cap, €1,263
Vivalto Capital I , €690
Seven2 MidMarket X, €1,605
Activa IV, €162
Hivest II, €300
AREV I, €307
Astorg VIII, €4,400
Andera MidCap 5, €752
Adagia Capital Europe, €1,100
ARCHIMED Plat. II, €3,500
Arlane (Vespa France III), 
€122
21 Invest France VI, €261
Chequers XVIII , €1,200
FCDE III, €400
Montefiore Expansion, 
€450
Qualium III, €535
Ciclad 7, €190
PAI VIII, €7,100
BlackFin Financial Services IV, €1,800
Parquest III, €414
Latour IV, €1,200
B & Capital II, €315
Origine PME I , €100
Meanings IV, €300
Keensight Spark II, 
€800
Alter Equity III, €150
Sagard Midcap V, 
€1,000
Sagard NewGen II, 
€400
Jolt Capital V, €750
PAI MM II*, €918
Turenne Capital 
Santé 3 , €200
Eurazeo Planetary 
Boundaries , €750
Weinberg IV, €350
Motion V, €450
Five Arrows Growth II*, 
€450
Naxicap Investment 
Opportunities III, 
€1,200
Seven2 Dev II, €350
Capza Flex Equity Mid-
Market II, €1,300
Eurazeo Growth IV, 
€1,000
Andera Expansion 4, 
€400
Abénex Small Cap II, 
€150
Turenne Next Health, 
€120
Initiative & Finance 
IV, €230
Lauxera Growth II, €400
Argos MM IX, €600
InnovaFonds I&T 
III, €200
Latour Small I, €250
Keensight Nova VII*, 
€2,335
Capza 6 Flex Equity, 
€850
Eurazeo PME V*, €1,000
Five Arrows PI V*, €2,400
Partech Impact, €300
Capital Export III, €160
Ardian Growth III, €530
Ardian Expansion VI , €3,200
ARCHIMED Rise, €400
Eurazeo Capital V, €3,000
ISAI Expansion III , €300
Turenne Emergence II 
, €136
iXO 5, €220
LTC IV, €144
Montefiore VI, €1,400
Verto Growth II, €330
Cervinvest I, €110
€100
€300
€500
€700
€900
€1,100
€1,300
€1,500
€1,700
€1,900
France Private Equity
9
Sources: Preqin or publicly-available data, as applicable, and Jefferies PFA market knowledge. Data in millions as of February 2026. Subject to change. Years represent vintages. 
Statistics based on funds shown on map. (*) Prior fund size shown where target size not available. (**) Target size, final size unknown.
Market Statistics
Funds currently raising (no. / %)
29 / 40%
Funds currently raising (capital)
€19.5b+ targeted
Average fund size in market (tgt.)
€450m median / €673m mean
€1.5bn+
2019
2024
2021
2020
2022
2023
In Market
2025
"
Jefferies PFA European Private Equity Market Maps (February 2026).pdf,10,"Iberia Private Equity
10
Sources: Preqin or publicly-available data, as applicable, and Jefferies PFA market knowledge. Data in millions as of February 2026. Subject to change. Years represent vintages. 
Statistics based on funds shown on map. (*) Prior fund size shown where target size not available. (**) Target size, final size unknown.
Fondo Nazca 
IV, €277
Realza II, €165
Formentor I, 
€120
Portobello Structured 
Partnerships I, €247
Crest Capital 
Partners II, €125
Espiga II, €165
Abac II, €220
Aurica IV**, €300
Miura Impact 
Fund, €135
Explorer Growth VI , €100
Miura IV, €475
Arta III, €400
Diana III, €181
Nzyme I, €160
Corpfin Capital VI, 
€300
Nexxus Iberia II, €241
Tresmares IV, €205
ProA IV, €655
Henko II, €175
Queka PEF 2, €194
Inveready II, €500
Portobello V, €600
Aleos I, €150
MCH VI, €500
Magnum IV, €475
Fondo Nazca 
Aerospace & 
Defence, €600
Talde Growth III, €200
Alantra IV, €300
Sherpa Operational 
Value, €250
GED VII España, €250
Fondo Nazca Small 
Cap II, €200
GPF IV*, €300
ABE PE II, €200
€0
€100
€200
€300
€400
€500
€600
€700
Market Statistics
Funds currently raising (no. / %)
12 / 36%
Funds currently raising (capital)
€4.0b+ targeted
Average fund size in market (tgt.)
€275m median / €335m mean
2022
2021
2023
2024
2019
2020
In Market
2016 - 2018
2025
"
Jefferies PFA European Private Equity Market Maps (February 2026).pdf,11,"Italy Private Equity
11
Sources: Preqin or publicly-available data, as applicable, and Jefferies PFA market knowledge. Data in millions as of February 2026. Subject to change. Years represent vintages. 
Statistics based on funds shown on map. (*) Prior fund size shown where target size not available. (**) Target size, final size unknown.
IGI Investimenti 
Sei, €170
NEM Imprese II, 
€115
Fondo 
QuattroR, €711
Quadrivio Industry 
4.0, €200
Equinox III, €360
DeA Taste of Italy 2, 
€330
Space Capital Club, 
€200
Charme IV, €780
Alcedo V, €238
Itago IV**, €120
Clessidra IV, €581
Xenon Small Cap, €85
KYIP, €143
Sinergia III**, €200
21 Invest Italy IV, €316
PM&Partners III, 
€113
Consilium IV, €110
Alto V, €273
Wisequity VI, €400
Ambienta IV, €1,550 
FSI II, €1,600
Investindustrial VIII, €4,000
Xenon FIDEC, €170
Metrika II*, €150
Renaissance IV, 
€1,200
Quadrivio 
Lifestyle II, €500
Style III, €500
Armonia II, €350
Nextalia PE II, 
€1,200
Riello Buy&Build 
Opps., €250
Fondo Italiano 
T&C II, €250
Aksìa VI*, €275
Hyle II, €300
Entangled II, €200
QuattroR 
MidCap, €250
Arcadia III, €120
Arca Space 
Capital, €250
Green Arrow 4*, 
€230
Star V, €200
Aliante IV, €300
Investindustrial 
Growth IV, €1,250
Quadrivio Silver 
Economy, €300
21 Invest 
Healthcare, €150
Ambienta Small Cap, 
€500
Bravo III, €226
Nextalia Flexible 
Capital, €500
Xenon VIII, €500
Nextalia Capitale 
Rilancio, €265
Progressio IV, €335
Gradiente III, €180
€ 0
€ 500
€ 1,000
€ 1,500
Market Statistics
Funds currently raising (no. / %)
20 / 40%
Funds currently raising (capital)
€8.2b+ targeted
Average fund size in market (tgt.)
€263m median / €411m mean
2024
2017 - 2018
2021
2020
2022
2023
2019
In Market
2025
"
Jefferies PFA European Private Equity Market Maps (February 2026).pdf,12,"Appendix – Special 
Situations & Secondaries
"
Jefferies PFA European Private Equity Market Maps (February 2026).pdf,13,"2022
2021
2023
2024
2017-2018
2019
2020
In Market
European Special Situations
13
Sources: Preqin or publicly-available data, as applicable, and Jefferies PFA market knowledge. Data in millions as of February 2026. Subject to change. Years represent vintages. 
Statistics based on funds shown on map. (*) Prior fund size shown where target size not available. (**) Target size, final size unknown.
CMP III, €250
Black Toro III, €150
Endless V, £400
Endless Enact III, £100
H2 VI, £300
OpenGate III, $400
Sun Capital VIII, $1,417
Cap10, €300
Torqx II, €230
Syntagma I, €200
DBAY IV, €253
Hivest II, €300
AURELIUS 
Opportunities V, 
€830
H.I.G. Europe IV 
(LMM), €1,600
Rubicon VI**, 
£200
Orlando V, €255
Nextalia Capitale 
Rilancio, €265
MiddleGround 
Partners III, $1,200
H.I.G. Europe MM 
II*, €1,906
Sherpa 
Operational 
Value, €250
A&M Europe II*, 
€650
Active Ownership, 
€500
€ 100
€ 300
€ 500
€ 700
€ 900
€ 1,100
€ 1,300
€ 1,500
€ 1,700
€ 1,900
2025
"
Jefferies PFA European Private Equity Market Maps (February 2026).pdf,14,"Global Secondary Funds ($250m+)
14
Sources: Preqin or publicly-available data, as applicable, and Jefferies PFA market knowledge. Data in millions as of February 2026. Subject to change. Years represent vintages. 
Statistics based on funds shown on map. (*) Prior fund size shown where target size not available. (**) Target size, final size unknown.
Belnord I, €265
Coller Credit II, $6,800
Hollyport IX, $4,300
HarbourVest Structured 
Secondaries 2025 , 
$1,100
Banner Ridge VI, 
$4,200
Stafford Infra V, $1,100
Ares Secondaries Infra 
III, $3,300
RCP V, $1,260
JP Morgan PEG III, $810
Ashbridge II (MS), 
$2,500
ARCIS ESD VI , 
$220
Greenspring V, $2,600
Landmark XVII, $2,400
Vintage Investment 
Partners V, $312
Capital Dynamics VI, 
$1,100
StepStone Opps V, 
$4,800
Ardian ASF IX, $30,000
Headway Partners V, 
$544
Glouston VII, $514
Manulife Strategic, 
$610
Pantheon Senior 
Debt II, $834
Oddo BHF II, $775
Apollo S3 I, $2,500
GCM Secondary III, 
$972
ICG Strat. Equity V, 
$11,000
Willowridge 
Amberbrook IX, $900
Commonfund 
Secondary IV, 
$1,100
Dawson Portfolio 
Finance 6, $7,700
Ares Credit I, $4,000
BlackRock S&L II, 
$3,100
Stafford Timber X, 
$1,040
Pantheon 
Secondaries Opps II, 
$1,100
Neuberger Berman 
Strategic Capital II , 
$4,000
AlpInvest VIII, $15,000
Cubera X, €803
Hamilton Lane 
VI, $5,600
Strategic Partners X, 
$22,000
Auda VI*, $340
Arctos Keystone, $4,000
ICG LP Secondaries 
II*, $1,000
CVC (Glendower) VI, 
$7,000
CASH Capital 
(Beijing), $2,757
Clipway, $3,000
Allianz Private Debt 
II*, €1,500
A&M I, $500
Golding III, €750
Eurazeo V, $1,635
Pantheon VIII*,  
$3,250
Auldbrass IV, $350
Pantheon Credit 
Opps III, $750
Pathway Select II, 
$300
Northleaf IV*, $1,300
Keyhaven IV*, $281
Kline Hill V, $2,300
Lexington CIP VI, $4,000
Apogem VII, $1,300
LSV VII, $1,750
Newbury VI, $2,500
Patria V, $500
Partners Group 
VIII, $6,000
New 2nd IV*, $875
Fortress Credit VI, 
$8,000
HarbourVest Infra 
Opps III, $1,000
Sweetwater IV, 
$650
Netley I, $600
Audax Strategic 
Capital I, $600
Hayfin PES III, $820
StepStone Infra, $750
Blue Owl Dyal VI, 
$13,000
Neuberger Berman 
VI, $5,000
Kline Hill Solutions 
II, $500
Lexington XI*, $22,700
PineBridge VI*, $429
Pomona XI, $3,500
Portfolio Advisors 
V, $3,500
Adams Street 
Secondary 8, $2,000
Altamar Secondaries 
VI, €1,700
TPG GP Solutions II*, 
$1,860
Goldman Vintage 
Infra II*, $1,000
Dover Street XII, 
$20,000
Goldman Vintage 
X, $14,200
Committed 
Advisors V, 
$2,820
BEX V, $765
LGT Crown Global 
Secondaries VI, 
$7,000
Jasper Ridge 
Nova IV, 
$635
Galdana**, $1,600
Five Arrows VI, €2,000
Unigestion Secondary 
VI, €1,700
Coller IX, $12,500
Arcano V, €850
Leonard Green Sage I , 
$3,600
Pinegrove I, $2,200
Timber Bay III, $281
Blue Owl Strategic Equity, 
$3,000
Montana VI, $1,400
$0
$500
$1,000
$1,500
$2,000
$2,500
$3,000
$3,500
$4,000
$3bn+
2022
2021
2023
2024
Pre - 2020
2020
2025
2026
In Market
"
Jefferies PFA European Private Equity Market Maps (February 2026).pdf,15,"Disclaimer
Important Disclosures
15
The information contained in this document is confidential and based solely on publicly available information and certain other information available 
to Jefferies LLC or its affiliates (“Jefferies”). Jefferies has relied, without independent investigation or verification, on the accuracy, completeness and 
fair presentation of all such information. None of Jefferies, its affiliates or its or their respective employees, directors, officers, contractors, advisors, 
members, successors, representatives or agents makes any representation or warranty in respect of the accuracy, completeness or fair presentation 
of any information or any conclusion contained herein. Jefferies, its affiliates and its and their respective employees, directors, officers, contractors, 
advisors, members, successors and agents shall have no liability with respect to any information or matter contained herein.
This document is for informational purposes only and is not intended to be, and should not be, construed as an offer to sell or a solicitation of an offer 
to buy any security or financial instrument, or as advice in any way. This document, which is has been furnished on a confidential basis, is exclusively 
for the use of the person to whom it has been delivered, and it is not to be reproduced or redistributed in any form to any other person without the 
prior written consent of Jefferies. By accepting this information, the recipient agrees that it will, and it will cause its directors, partners, officers, 
members, employees and representatives to, use the information to evaluate its potential interest in Jefferies and its services and for no other 
purpose and will not divulge any such information to any other party. This document may not be used for any other purpose without the prior written 
consent of Jefferies.
Information contained herein does not purport to be complete, and the information in this presentation is subject to change without notice to the 
recipient of this document. Jefferies does not undertake any obligation to update or revise any forward-looking statements, whether as a result of new 
or updated information, future events or otherwise. Changes in assumptions may have a material impact on the information set forth in this 
document. 
Jefferies does not endorse, sponsor or otherwise guarantee any third-party content, including any information relating to or describing any third party. 
Certain information contained herein has been obtained or derived from sources believed by Jefferies to be reliable, but Jefferies does not represent 
that it is accurate, complete or timely, nor does Jefferies warrant the appropriateness of any transaction referred to herein.
Neither Jefferies nor any of its affiliates is an advisor as to legal, tax, accounting or regulatory matters in any jurisdiction.
"
UBS PFG - Global Funds Coming to Market_Q1 2026.pdf,1,"Q1 2026
Sponsor Market Landscape
UBS Private Funds Group
Strictly Confidential
1
"
UBS PFG - Global Funds Coming to Market_Q1 2026.pdf,2,"1
Table of Contents
Section 2 
EMEA Funds Coming To Market
52
Section 3 
APAC Funds Coming To Market
83
Section 4 
Global Market Maps
104
Section 1 
North American Funds Coming To Market
2
1.A North American Buyout Universe
3
1.B North American Growth Equity Universe
16
1.C North American Venture Capital Universe
19
1.D North American Consumer Products Universe
22
1.E North American Energy Universe
23
1.F North American Financial Institutions Universe
26
1.G North American Healthcare Universe
27
1.H North American Infrastructure & Diversified Energy Universe
31
1.I 
North American TMT Universe
35
1.J 
North American Distressed / Turnaround Universe
36
1.K North American Mezzanine Universe
39
1.L North American Direct Lending Universe
41
1.M North American Asset Backed Lending Universe
44
1.N North American Real Estate Universe
45
1.O Secondaries Universe
49
"
UBS PFG - Global Funds Coming to Market_Q1 2026.pdf,3,"North American Funds Coming to Market
Section 1
"
UBS PFG - Global Funds Coming to Market_Q1 2026.pdf,4,"3
North American Buyout Universe ($2.5bn+)
Source: 
Preqin, UBS projections for fund sizes
Notes: 
Projections based on UBS estimates, % of capital called
 
* Represents target fund size for funds currently in the market
 
Bolded names indicate current UBS mandates
Fund Size ($)
Status/Vintage
2026
2027 and Beyond
Advent International GPE XI
26.0bn*
Held Close
KKR North America XIV
20.0bn*
Held Close
Warburg Pincus Global Growth 15
17.0bn*
Held Close
TPG Partners X
13.0bn*
Held Close
Onex Partners VI
8.0bn*
Held Close
K6 Private Investors
6.3bn*
Held Close
Ares Corporate Opportunities Fund VII
6.0bn*
Held Close
Certares Holdings II
5.5bn*
Held Close
West Street Capital Partners IX
5.2bn*
Held Close
H.I.G. Advantage Buyout Fund II
5.0bn*
Held Close
Searchlight Capital IV
4.0bn*
Held Close
Littlejohn Fund VII
3.5bn*
Held Close
26N Private Equity Partners I
4.3bn*
Held Close
Court Square Capital Partners V
3.9bn*
Held Close
Trilantic Capital Partners VII
3.0bn*
Held Close
Apollo Investment Fund XI
25.0bn*
Raising
Brookfield Capital Partners VII
12.5bn*
Raising
Welsh, Carson, Anderson & Stowe XV
5.5bn*
Raising
Greenbriar Equity Fund VII
4.3bn*
Raising
Confirmed in market
Projected
"
UBS PFG - Global Funds Coming to Market_Q1 2026.pdf,5,"4
North American Buyout Universe ($2.5bn+) Cont.
Source: 
Preqin, UBS projections for fund sizes
Notes: 
Projections based on UBS estimates, % of capital called
 
* Represents target fund size for funds currently in the market
 
Bolded names indicate current UBS mandates
Fund Size ($)
Status/Vintage
2026
2027 and Beyond
Charlesbank Equity Fund XI
4.0bn*
Raising
TowerBrook Investors VI
4.0bn*
Raising
Oak Hill Capital Partners VII
3.8bn*
Raising
Kelso Investment Associates XI
TBD*
Raising
Odyssey Investment Partners Fund VI
3.3bn
2020
Gryphon Partners VI
2.7bn
2020
Harvest Partners IX
5.3bn
2021
GI Partners VI
3.9bn
2021
SK Capital Partners VI
3.0bn
2021
Carlyle Partners VIII
14.8bn
2022
Arsenal Capital Partners VI
4.3bn
2022
Sentinel Capital Partners VII
4.3bn
2022
Altas Partners Holdings III
4.0bn
2022
AEA Fund VIII
3.4bn
2022
Vistria Fund V
3.0bn
2022
Clayton, Dubilier & Rice Fund XII
26.0bn
2023
Hellman & Friedman Capital Partners XI
22.3bn
2023
Genstar Capital Partners XI
12.7bn
2023
GTCR Fund XIV
11.5bn
2023
Confirmed in market
Projected
"
UBS PFG - Global Funds Coming to Market_Q1 2026.pdf,6,"5
North American Buyout Universe ($2.5bn+) Cont.
Source: 
Preqin, UBS projections for fund sizes
Notes: 
Projections based on UBS estimates, % of capital called
 
* Represents target fund size for funds currently in the market
 
Bolded names indicate current UBS mandates
Fund Size ($)
Status/Vintage
2026
2027 and Beyond
Audax Private Equity Fund VII
5.3bn
2023
Parthenon Investors VII
4.5bn
2023
Accel-KKR Capital Partners VII
4.4bn
2023
North Haven Capital Partners VIII
3.2bn
2024
Kinderhook Capital Fund 8
2.8bn
2024
Silver Lake Alpine II
3.1bn
2020
Blackstone Capital Partners IX
28.0bn
2022
H.I.G. Middle Market Fund IV
5.5bn
2022
Kohlberg Investors X
4.3bn
2022
Apax Partners XI 
12.0bn
2023
The Resolute Fund VI
6.9bn
2023
Lindsay Goldberg VI
4.9bn
2023
Alpine Investors IX
4.5bn
2023
Symphony Technology VII
4.2bn
2023
Wynnchurch Capital Partners VI
3.5bn
2023
One Rock Capital Partners IV
3.3bn
2023
Cortec Group Fund VIII
3.2bn
2023
Quantum Capital Solutions II
2.8bn
2023
Trive Capital Fund V
2.7bn
2023
Confirmed in market
Projected
"
UBS PFG - Global Funds Coming to Market_Q1 2026.pdf,7,"6
North American Buyout Universe ($2.5bn+) Cont.
Source: 
Preqin, UBS projections for fund sizes
Notes: 
Projections based on UBS estimates, % of capital called
 
* Represents target fund size for funds currently in the market
 
Bolded names indicate current UBS mandates
Fund Size ($)
Status/Vintage
2026
2027 and Beyond
New Mountain Partners VII
15.4bn
2024
Veritas Capital Fund IX
14.4bn
2024
Bain Capital Fund XIV
14.0bn
2024
Berkshire Fund XI
7.8bn
2024
American Industrial Partners Capital Fund VIII
5.1bn
2024
Nautic Partners XI
4.5bn
2024
Jade Equity Investors II
3.6bn
2024
Levine Leichtman Capital Partners VII
3.6bn
2024
Sterling Group Partners VI
3.5bn
2024
One Equity Partners IX
3.3bn
2024
Thomas H. Lee Equity Fund X
3.0bn
2024
Arcline Capital Partners IV
6.0bn
2025
Arlington Capital Partners VII
6.0bn
2025
Ridgemont Equity Partners V
4.0bn
2025
Olympus Growth Fund VIII
3.5bn
2025
Birch Hill Equity Partners VII
2.6bn
2025
American Securities Partners IX
2.7bn
2026
Confirmed in market
Projected
"
UBS PFG - Global Funds Coming to Market_Q1 2026.pdf,8,"7
North American Buyout Universe ($1.0bn–$2.5bn)
Source: 
Preqin, UBS projections for fund sizes
Notes: 
Projections based on UBS estimates, % of capital called
 
* Represents target fund size for funds currently in the market
 
Bolded names indicate current UBS mandates
Fund Size ($)
Status/Vintage
2026
2027 and Beyond
FS Equity Partners IX
2.0bn*
Held Close
OceanSound Partners Fund III
2.0bn*
Held Close
Tailwind Capital Partners IV
2.0bn*
Held Close
Leeds Equity Partners VIII
1.8bn*
Held Close
Palladium Equity Partners VI
1.5bn*
Held Close
Lightyear Fund VI
1.4bn*
Held Close
MiddleGround Partners III
1.3bn*
Held Close
TruArc Fund V
1.1bn*
Held Close
Newlight Partners
1.0bn*
Held Close
Waud Capital Partners VI
1.0bn*
Held Close
Wellspring Capital Partners VII
TBD*
Held Close
HGGC Fund V
2.5bn*
Raising
Wind Point Partners XI
2.5bn*
Raising
ABRY Partners X
TBD*
Raising
Gridiron Capital Fund VI
TBD*
Raising
J.C. Flowers VI
TBD*
Raising
Metalmark Capital Partners III
1.5bn
2019
BayPine Capital Partners Fund I
2.2bn
2021
Confirmed in market
Projected
"
UBS PFG - Global Funds Coming to Market_Q1 2026.pdf,9,"8
North American Buyout Universe ($1.0bn–$2.5bn) Cont.
Source: 
Preqin, UBS projections for fund sizes
Notes: 
Projections based on UBS estimates, % of capital called
 
* Represents target fund size for funds currently in the market
 
Bolded names indicate current UBS mandates
Fund Size ($)
Status/Vintage
2026
2027 and Beyond
Riverside Micro-Cap Fund VI
1.9bn
2021
Veritas Capital Vantage Fund
1.8bn
2021
Thompson Street Capital Partners VI
1.5bn
2021
LLCP Lower Middle Market III
1.4bn
2021
JFL Equity Investors VI
2.2bn
2022
Brightstar Capital Partners III
1.3bn
2022
Percheron Capital Fund II
1.6bn
2023
Trivest Recognition Fund
1.3bn
2023
Windjammer Capital Fund VI
1.3bn
2023
WestView Capital Partners V
1.0bn
2023
Frazier Growth Buyout XI
2.3bn
2024
Cove Hill Partners Fund III
1.9bn
2024
Gauge Capital IV
1.4bn
2024
Vestar Capital Partners VII
1.1bn
2018
Mill Road Capital III
1.7bn
2019
Cornell Capital Partners II
1.7bn
2020
A&M Capital Partners III
2.3bn
2021
Quad-C Partners X
1.7bn
2021
Confirmed in market
Projected
"
UBS PFG - Global Funds Coming to Market_Q1 2026.pdf,10,"9
North American Buyout Universe ($1.0bn–$2.5bn) Cont.
Source: 
Preqin, UBS projections for fund sizes
Notes: 
Projections based on UBS estimates, % of capital called
 
* Represents target fund size for funds currently in the market
 
Bolded names indicate current UBS mandates
Fund Size ($)
Status/Vintage
2026
2027 and Beyond
MidOcean Partners VI
1.5bn
2021
Paine Schwartz Food Chain Fund VI
1.7bn
2022
RUBICON Technology Partners IV
1.7bn
2022
EagleTree Partners VI
1.2bn
2022
Industrial Growth Partners VI
1.2bn
2022
Serent Capital V
1.1bn
2022
Arsenal Small Cap Fund
1.1bn
2022
Aurora Equity Partners VII
2.1bn
2023
Flexpoint Fund V
2.0bn
2023
KSL Capital Partners VI
2.0bn
2023
Incline Equity Partners VI
1.9bn
2023
Graham Partners VI
1.8bn
2023
Gemspring Capital Fund III
1.7bn
2023
TorQuest Partners Fund VI
1.5bn
2023
AEA Investors SBF V
1.3bn
2023
Lee Equity Partners Fund IV
1.3bn
2023
ONCAP V
1.3bn
2023
Seidler Equity Partners VIII
1.3bn
2023
Confirmed in market
Projected
"
UBS PFG - Global Funds Coming to Market_Q1 2026.pdf,11,"10
North American Buyout Universe ($1.0bn–$2.5bn) Cont.
Source: 
Preqin, UBS projections for fund sizes
Notes: 
Projections based on UBS estimates, % of capital called
 
* Represents target fund size for funds currently in the market
 
Bolded names indicate current UBS mandates
Fund Size ($)
Status/Vintage
2026
2027 and Beyond
Amulet Capital Fund III
1.2bn
2023
Greenbelt Capital Partners III
1.0bn
2023
LightBay Investment Partners II
1.0bn
2023
SkyKnight Capital Fund IV
1.0bn
2023
Mill Point Capital Partners III
1.7bn
2024
Kingswood Capital Opportunities Fund III
1.5bn
2024
Shamrock Capital Growth Fund VI
1.3bn
2024
GSP 5.0 Fund
1.2bn
2024
CenterOak Partners Fund III
1.1bn
2024
Norwest Equity Partners XI
1.0bn
2024
BVIP Fund XII
2.5bn
2025
Integrum Capital Partners II
2.5bn
2025
Pamlico Capital VI
1.8bn
2025
Recognize Partners II
1.7bn
2025
Sterling Investment Partners V
1.6bn
2025
Mainsail Partners VII
1.5bn
2025
Falfurrias Capital Partners VI
1.4bn
2025
Confirmed in market
Projected
"
UBS PFG - Global Funds Coming to Market_Q1 2026.pdf,12,"11
North American Buyout Universe ($500m–$1.0bn)
Source: 
Preqin, UBS projections for fund sizes
Notes: 
Projections based on UBS estimates, % of capital called
 
* Represents target fund size for funds currently in the market
 
Bolded names indicate current UBS mandates
Fund Size ($)
Status/Vintage
2026
2027 and Beyond
JLL Partners Fund IX
906m*
Held Close
Citation Fund I
850m*
Held Close
GenNx360 Fund IV
800m*
Held Close
Atlantic Street Capital V
750m*
Held Close
Center Rock Capital Partners Fund II
750m*
Held Close
ICV Partners V
750m*
Held Close
Vector Capital VI
750m*
Held Close
Beekman Investment Partners V
550m*
Held Close
Soundcore Capital Partners Fund III
550m*
Held Close
FFL Capital Partners VI
TBD*
Held Close
Carousel Capital Partners VII
850m*
Raising
Kinderhook Strategic Opportunities Fund I
750m*
Raising
Influence X Music Fund III
750m*
Raising
CIP Capital Fund III
700m*
Raising
DFW Capital Partners VIII
TBD*
Raising
Dunes Point Capital IV
TBD*
Raising
NMS Fund V
TBD*
Raising
True Wind Fund III
TBD*
Raising
Yellow Wood Partners Fund III
750m
2020
Excellere Partners IV
875m
2021
Endeavour Capital Fund VIII
850m
2021
Confirmed in market
Projected
"
UBS PFG - Global Funds Coming to Market_Q1 2026.pdf,13,"12
North American Buyout Universe ($500m–$1.0bn) Cont.
Source: 
Preqin, UBS projections for fund sizes
Notes: 
Projections based on UBS estimates, % of capital called
 
* Represents target fund size for funds currently in the market
 
Bolded names indicate current UBS mandates
Fund Size ($)
Status/Vintage
2026
2027 and Beyond
RoundTable Healthcare VI
800m
2022
SKCP Catalyst Fund II
800m
2023
Graycliff Private Equity Partners V
600m
2023
Clearhaven Fund II
580m
2023
MSouth Equity Partners IV
940m
2019
Consonance Private Equity II
856m
2020
Mason Wells Buyout Fund V
767m
2021
DC Capital Partners Fund III
750m
2021
Trivest Partners VII
950m
2022
Capitol Meridian Fund I
900m
2022
Comvest Investment Partners VI
881m
2022
Blue Point Capital Partners V
850m
2022
Clearview Capital Fund V
850m
2022
NexPhase Capital Fund V
795m
2022
Haveli VC Gaming Fund I
760m
2022
Main Post Growth Capital III
736m
2022
Gamut Investment Fund II
719m
2022
Clarion Investors IV
677m
2022
Industrial Opportunity Partners IV
650m
2022
Align Capital Partners Fund III
620m
2022
Confirmed in market
Projected
"
UBS PFG - Global Funds Coming to Market_Q1 2026.pdf,14,"13
North American Buyout Universe ($500m–$1.0bn) Cont.
Source: 
Preqin, UBS projections for fund sizes
Notes: 
Projections based on UBS estimates, % of capital called
 
* Represents target fund size for funds currently in the market
 
Bolded names indicate current UBS mandates
Fund Size ($)
Status/Vintage
2026
2027 and Beyond
Angeles Equity Partners II
540m
2022
Access Holdings Fund II
525m
2022
CI Capital Investors IV
TBD
2022
Coalesce Capital Fund I
900m
2023
CIVC Partners Fund VII
870m
2023
GHK Fund II
870m
2023
L Squared Capital Fund IV
840m
2023
Vance Street Fund IV
775m
2023
Brynwood Partners IX
750m
2023
Tower Arch Partners III
750m
2023
Blue Sea Capital Fund III
618m
2023
Calera Capital Partners VI
TBD
2023
Frontenac XIII Private Capital
900m
2024
McCarthy Capital Fund VIII
870m
2024
Hidden Harbor Capital Partners Fund III
800m
2024
Northlane Capital Partners III
750m
2024
CORE Industrial Partners Fund III
685m
2024
Rotunda Capital Partners Fund IV
735m
2025
Mountaingate Capital Fund III
570m
2025
Seaside Equity Partners III
568m
2025
Confirmed in market
Projected
"
UBS PFG - Global Funds Coming to Market_Q1 2026.pdf,15,"14
North American Buyout Universe ($200m–$500m)
Source: 
Preqin, UBS projections for fund sizes
Notes: 
Projections based on UBS estimates, % of capital called
 
* Represents target fund size for funds currently in the market
 
Bolded names indicate current UBS mandates
Fund Size ($)
Status/Vintage
2026
2027 and Beyond
AEA Elevate Fund II
500m*
Held Close
Sorenson Capital Partners IV
500m*
Held Close
HCP Services Fund
450m*
Held Close
Swan Investment Partners Fund I
300m*
Held Close
Baird Capital Global Fund III
425m*
Raising
Bryant Stibel Group Guardian IV
TBD*
Raising
EAM Private Equity Partners II
TBD*
Raising
Lincolnshire Equity Fund VI
TBD*
Raising
HCI Equity Partners V 
405m
2017
CapStreet V
500m
2019
Housatonic Equity Investors VII
241m
2020
Gainline Equity Fund II
400m
2021
Quad Partners VI
388m
2021
LFM Capital Partners IV
462m
2025
RLH Investors IV
496m
2017
Silver Oak Services Fund IV
500m
2019
North Castle Partners VII
400m
2019
HKW Capital Partners V
365m
2019
Milestone Partners FS
240m
2019
Confirmed in market
Projected
"
UBS PFG - Global Funds Coming to Market_Q1 2026.pdf,16,"15
North American Buyout Universe ($200m–$500m) Cont.
Source: 
Preqin, UBS projections for fund sizes
Notes: 
Projections based on UBS estimates, % of capital called
 
* Represents target fund size for funds currently in the market
 
Bolded names indicate current UBS mandates
Fund Size ($)
Status/Vintage
2026
2027 and Beyond
Prairie Capital VII
450m
2021
Interlock Fund I
390m
2021
Charger Investment Partners Fund I
376m
2021
Rainier Partners Fund I
300m
2021
CCMP Capital Investors IV
500m
2022
Pfingsten Fund VI
435m
2022
Saw Mill Capital Partners III
435m
2022
Astara Capital Partners Fund I
312m
2022
May River Capital Fund III
500m
2023
Shoreline Equity Partners Fund II
450m
2023
Harbour Group Investments VIII
424m
2023
Peloton Capital Management Fund II
405m
2023
Edgewater Growth Capital Partners V
330m
2023
SFW Capital Partners Fund III
300m
2023
TriWest Capital Partners VI
237m
2023
ShoreView Capital Partners V
500m
2024
GCP Capital Partners V
340m
2024
Platte River Equity V
321m
2024
Siris Partners V
339m
2025
Confirmed in market
Projected
"
UBS PFG - Global Funds Coming to Market_Q1 2026.pdf,17,"16
North American Growth Equity Universe
Source: 
Preqin, UBS projections for fund sizes
Notes: 
Projections based on UBS estimates, % of capital called
 
* Represents target fund size for funds currently in the market
 
Bolded names indicate current UBS mandates
Fund Size ($)
Status/Vintage
2026
2027 and Beyond
General Atlantic Investment Partners 2025
8.0bn*
Held Close
US Innovative Technology Fund II
2.5bn*
Held Close
Bonaccord Capital Partners III
1.6bn*
Held Close
GPI Capital Equity Opportunities Fund II
750m*
Held Close
Smash Capital Fund II
500m*
Held Close
Halifax Capital Partners V
445m*
Held Close
Ten Coves Capital IV
350m*
Held Close
ABS Capital Partners IX
250m*
Held Close
Vista Foundation Fund V
4.0bn*
Raising
Bregal Sagemount V
3.5bn*
Raising
Motive Capital Fund III
3.3bn*
Raising
Addition Five
1.5bn*
Raising
Chicago Pacific Founders Fund IV 
1.2bn*
Raising
H.I.G. Small-Cap & Growth Buyout Fund IV
1.2bn*
Raising
Avance Investment Partners II
1.0bn*
Raising
Azimuth V Energy Evolution
1.0bn*
Raising
PeakSpan Capital Growth Partners IV
800m*
Raising
Banneker Partners Fund III
750m*
Raising
50T Fund V
500m*
Raising
HV Acceleration Fund II 
500m*
Raising
B Capital Global Growth IV
TBD*
Raising
Crosspoint Capital Fund III
TBD*
Raising
Ethos Capital Investments II
TBD*
Raising
L Catterton Growth VI
TBD*
Raising
Confirmed in market
Projected
"
UBS PFG - Global Funds Coming to Market_Q1 2026.pdf,18,"17
North American Growth Equity Universe Cont.
Source: 
Preqin, UBS projections for fund sizes
Notes: 
Projections based on UBS estimates, % of capital called
 
* Represents target fund size for funds currently in the market
 
Bolded names indicate current UBS mandates
Fund Size ($)
Status/Vintage
2026
2027 and Beyond
Lead Edge Capital VII
TBD*
Raising
Stripes VII
TBD*
Raising
Summit Partners Growth Equity Fund XIII
TBD*
Raising
Transformation Capital Fund IV
TBD*
Raising
Valor Equity Partners VII
TBD*
Raising
WestCap Strategic Operator Fund III
TBD*
Raising
Apax Digital Fund II
2.0bn
2021
Anthos Capital V
1.6bn
2021
Georgian Partners Growth Fund VI
900m
2021
GreyLion Fund III
562m
2021
RedBird Capital Partners Fund IV
4.7bn
2022
Bond Capital Fund III
2.5bn
2022
Spectrum Equity X
2.0bn
2022
Brighton Park Capital Fund II
1.8bn
2022
Raine Partners IV
763m
2022
Primus Capital Fund IX
750m
2022
TA XV
16.5bn
2023
TPG Growth VI
4.8bn
2023
Ara Fund III
2.8bn
2023
WestView Capital Partners V
1.0bn
2023
Crosslink Ventures X
350m
2024
Andros Energy Capital III
1.0bn
2025
Sightway Capital Fund I
1.2bn
2019
Sageview Capital Partners III
710m
2020
Confirmed in market
Projected
"
UBS PFG - Global Funds Coming to Market_Q1 2026.pdf,19,"18
North American Growth Equity Universe Cont.
Source: 
Preqin, UBS projections for fund sizes
Notes: 
Projections based on UBS estimates, % of capital called
 
* Represents target fund size for funds currently in the market
 
Bolded names indicate current UBS mandates
Fund Size ($)
Status/Vintage
2026
2027 and Beyond
Long Arc Capital Fund I
225m
2020
Thoma Bravo Growth Fund
1.9bn
2021
Sequoia Capital Global Growth Fund III
1.6bn
2021
Avenir Growth Partners IV
794m
2021
Unicorn Fuel
1.5bn
2022
TCG 3.0
1.3bn
2022
Ampersand 2023
1.2bn
2022
The Evolution Technology Fund III
1.1bn
2022
Riverwood Capital Partners IV
1.8bn
2023
Bertram Capital V
1.5bn
2023
Clairvest Equity Partners VII
1.2bn
2023
Sverica Capital Partners VI
750m
2023
TCV XII
3.0bn
2024
Accel Growth Fund VII
1.4bn
2024
Five Elms VI
1.1bn
2024
Headline Global Growth IV
865m
2024
Guidepost Growth Equity IV
521m
2024
Agellus Private Equity Fund I
400m
2024
JMI Equity Fund XII
3.1bn
2025
Greenoaks Capital Opportunities 6
2.5bn
2025
LLR Equity Partners VII
2.5bn
2025
Silversmith Capital Partners V
1.7bn
2025
Level Equity Growth Partners VI
1.2bn
2025
Updata Partners VIII
850m
2026
Confirmed in market
Projected
"
UBS PFG - Global Funds Coming to Market_Q1 2026.pdf,20,"19
North American Venture Capital Universe 
Source: 
Preqin, UBS projections for fund sizes
Notes: 
Projections based on UBS estimates, % of capital called
 
* Represents target fund size for funds currently in the market
 
Bolded names indicate current UBS mandates
Fund Size ($)
Status/Vintage
2026
2027 and Beyond
Vivo Capital Fund X
1.5bn*
Held Close
NovaQuest Pharma Opportunities Fund VI
800m*
Held Close
Sofinnova Venture Partners XII
550m*
Held Close
New Enterprise Associates 19
3.3bn*
Raising
Battery Ventures XV
3.2bn*
Raising
G Squared VII
2.0bn*
Raising
Oak HC/FT Partners VI
2.0bn*
Raising
Andreessen Horowitz Fund IX 
1.3bn*
Raising
Fund 6.2
1.0bn*
Raising
Social Capital Fund V
1.0bn*
Raising
Menlo Ventures XVII
700m*
Raising
Column Group VI
600m*
Raising
Polaris Partners XI
500m*
Raising
NEXT Investors Fund III
300m*
Raising
Upfront VIII
280m*
Raising
ICONIQ Strategic Partners VIII
TBD*
Raising
Thrive Capital Partners X
TBD*
Raising
Summit Partners Venture Capital Fund V
1.0bn
2020
a16z crypto IV
4.5bn
2022
Bessemer Venture Partners XII
3.9bn
2022
Confirmed in market
Projected
"
UBS PFG - Global Funds Coming to Market_Q1 2026.pdf,21,"20
North American Venture Capital Universe Cont.
Source: 
Preqin, UBS projections for fund sizes
Notes: 
Projections based on UBS estimates, % of capital called
 
* Represents target fund size for funds currently in the market
 
Bolded names indicate current UBS mandates
Fund Size ($)
Status/Vintage
2026
2027 and Beyond
Meritech Capital Partners VIII
1.1bn
2022
Third Rock Ventures VI
1.1bn
2022
Scale Venture Partners VIII
900m
2022
Longitude Venture Partners V
600m
2022
Foundry 2022
519m
2022
Revolution Growth IV
500m
2022
Flagship Pioneering Fund VIII
2.6bn
2023
DFJ Growth V
1.2bn
2023
Foresite Capital Fund VI
900m
2023
Canaan XIII
850m
2023
Accel XVI
650m
2023
Benchmark Capital Partners XI
425m
2024
6 Dimensions Capital
533m
2017
Pfizer Venture Capital Fund
600m
2018
Trinity Ventures XIII
400m
2019
SV7 Impact Medicine Fund 
265m
2019
Deerfield Private Design Fund V
1.4bn
2021
DBL Partners IV
600m
2021
Matrix Partners XII
800m
2022
Coral Tree Partners
470m
2022
Confirmed in market
Projected
"
UBS PFG - Global Funds Coming to Market_Q1 2026.pdf,22,"21
North American Venture Capital Universe Cont.
Source: 
Preqin, UBS projections for fund sizes
Notes: 
Projections based on UBS estimates, % of capital called
 
* Represents target fund size for funds currently in the market
 
Bolded names indicate current UBS mandates
Fund Size ($)
Status/Vintage
2026
2027 and Beyond
Bain Capital Venture Fund X
1.4bn
2023
Columbia Capital Equity Partners VIII
655m
2023
Versant Venture Capital IX
600m
2023
Mayfield XVII
580m
2023
MPM BioVentures 2022
351m
2023
General Catalyst Group XII
8.0bn
2024
ARCH Venture Fund XIII
3.0bn
2024
Norwest Venture Partners XVII
3.0bn
2024
Spark Capital Growth Fund V
1.5bn
2024
Y Combinator Continuity Fund II
1.0bn
2024
Kleiner Perkins XXI
825m
2024
Venrock Associates X
650m
2024
Lightspeed Opportunity Fund III
3.3bn
2025
Lightspeed Venture Partners XV
2.2bn
2025
Lightspeed Venture Partners Select VI
1.7bn
2025
Frazier Life Sciences XII
1.3bn
2025
Emergence Capital Partners VII
1.0bn
2025
8VC Fund VI 
998m
2025
Redpoint Ventures X
650m
2025
Lux Ventures IX
1.5bn
2026
Confirmed in market
Projected
"
UBS PFG - Global Funds Coming to Market_Q1 2026.pdf,23,"22
North American Consumer Products Universe 
Source: 
Preqin, UBS projections for fund sizes
Notes: 
Projections based on UBS estimates, % of capital called
 
* Represents target fund size for funds currently in the market
 
Bolded names indicate current UBS mandates
Fund Size ($)
Status/Vintage
2026
2027 and Beyond
Roark Capital Partners VII
5.0bn*
Held Close
FS Equity Partners IX
2.0bn*
Held Close
Brentwood Associates Private Equity VII
1.3bn*
Held Close
AUA Private Equity Fund III
525m*
Held Close
TZP Capital Partners IV
TBD*
Held Close
Green Equity Investors X
15.0bn*
Raising
Sycamore Partners IV
4.8bn*
Raising
Encore Consumer Capital Fund V
TBD*
Raising
North Castle Partners VII
400m
2019
Yellow Wood Partners Fund III
750m
2020
Sandbridge Consumer Fund III
200m
2021
Swander Pace Capital VII
129m
2021
TSG 9
5.9bn
2022
Kainos Capital Partners III
1.0bn
2023
KLC Fund II
1.0bn
2023
Bookend Capital Partners I
300m
2019
Stride Consumer Fund I
420m
2020
L Catterton X
6.5bn
2022
Butterfly Fund III
1.0bn
2022
Brynwood Partners IX
750m
2023
VMG Consumer VI
1.0bn
2024
Bansk Fund II
1.5bn
2025
Arbor Investments VI
1.2bn
2025
CAVU Consumer Partners V
325m
2025
Confirmed in market
Projected
"
UBS PFG - Global Funds Coming to Market_Q1 2026.pdf,24,"23
North American Energy Universe
Source: 
Preqin, UBS projections for fund sizes
Notes: 
Projections based on UBS estimates, % of capital called
 
* Represents target fund size for funds currently in the market
 
Bolded names indicate current UBS mandates
Fund Size ($)
Status/Vintage
2026
2027 and Beyond
Exploration and Production
1.0bn*
Held Close
Tailwater Energy Fund IV
Warwick Partners V
750m*
Held Close
Juniper Capital IV
650m*
Held Close
Scout Energy Partners VI
353m
2022
Old Ironsides Energy Fund III
843m
2017
ENR Partners II
650m
2017
White Deer Energy III
557m
2017
Vortus Investments II
508m
2017
Energy Trust Partners V
367m
2017
Bayou City Energy III
679m
2018
Kayne Anderson Energy Fund VIII
1.0bn
2019
Quantum Energy Partners VIII
5.3bn
2022
EnCap Energy Capital Fund XII
5.3bn
2023
NGP Natural Resources XIII
2.3bn
2023
Ridgewood Energy Oil & Gas Fund V
506m
2023
Merit Energy Partners L
485m
2023
Carnelian Energy Capital V
1.0bn
2024
Waterous Energy Fund III
1.0bn
2024
Post Oak Energy Partners V
600m
2024
Pearl Energy Investments IV
1.0bn
2025
ARC Energy Fund XI 
144m
2025
Trace Energy Resources Fund III
TBD
2025
Confirmed in market
Projected
"
UBS PFG - Global Funds Coming to Market_Q1 2026.pdf,25,"24
North American Energy Universe Cont. 
Source: 
Preqin, UBS projections for fund sizes
Notes: 
Projections based on UBS estimates, % of capital called
 
* Represents target fund size for funds currently in the market
 
Bolded names indicate current UBS mandates
Fund Size ($)
Status/Vintage
2026
2027 and Beyond
Mining
Apollo Natural Resources Partners IV
1.4bn*
Raising
Amberjack Capital Fund III
TBD*
Raising
Appian Natural Resources Fund III
2.1bn
2022
Denham Capital Mining Fund
558m
2017
Sprott Private Resource Lending III
1.5bn
2023
Energy Services
Black Bay Fund III
300m*
Raising
Lime Rock Resources VI
TBD*
Raising
CSL Energy Opportunities Fund III
500m
2018
Pelican Energy Partners III
233m
2018
SCF Fund X
300m
2025
Generation and Transmission
BlackRock Global Renewable Power Fund IV
7.0bn*
Held Close
Oaktree Power Opportunities Fund IX
5.1bn*
Held Close
Denham Sustainable Infrastructure Fund II
TBD*
Held Close
LS Power Equity Partners VI
3.0bn*
Raising
Rockland Power Partners V
1.2bn*
Raising
EnCap Energy Transition Fund III
TBD*
Raising
Ara Infrastructure Fund I
800m
2022
Hull Street Energy Partners III
2.2bn
2024
Confirmed in market
Projected
"
UBS PFG - Global Funds Coming to Market_Q1 2026.pdf,26,"25
North American Energy Universe Cont. 
Source: 
Preqin, UBS projections for fund sizes
Notes: 
Projections based on UBS estimates, % of capital called
 
* Represents target fund size for funds currently in the market
 
Bolded names indicate current UBS mandates
Fund Size ($)
Status/Vintage
2026
2027 and Beyond
Midstream
400m*
Held Close
Junction Energy Partners I
Energy Spectrum Partners VIII
945m
2018
Clearstream Capital Partners Fund I
750m
2017
Cresta Energy Fund I
291m
2019
Yorktown Midstream Partners
145m
2019
EnCap Flatrock Midstream Fund V
3.0bn
2023
Five Point Water Management & Sustainable Infrastructure 
Fund IV
1.3bn
2023
Energy Debt
Orion Energy Credit Opportunities Fund IV
1.1bn*
Held Close
Riverstone Credit Partners III
TBD*
Raising
Avenue Energy Opportunities Fund II
748m
2017
GSO Energy Select Opportunities Fund III
6.5bn
2019
Mountain Capital Partners II
650m
2019
EIG Fund XVIII
1.1bn
2023
Chambers Energy Capital V
605m
2023
Cibolo Energy Partners II
279m
2024
Confirmed in market
Projected
"
UBS PFG - Global Funds Coming to Market_Q1 2026.pdf,27,"26
North American Financial Institutions Universe 
Source: 
Preqin, UBS projections for fund sizes
Notes: 
Projections based on UBS estimates, % of capital called
 
* Represents target fund size for funds currently in the market
 
Bolded names indicate current UBS mandates
Fund Size ($)
Status/Vintage
2026
2027 and Beyond
Gallatin Point Capital Partners III
2.0bn*
Held Close
Lightyear Fund VI
2.0bn*
Held Close
Corsair VI FS Capital Partners
1.0bn*
Held Close
Estancia Capital Partners Fund III
350m*
Held Close
Novacap Financial Services II
350m*
Held Close
Castle Creek Capital Partners IX
TBD*
Raising
J.C. Flowers VI
TBD*
Raising
Banc Fund X
650m
2017
Carlyle Global Financial Services Partners III
1.1bn
2019
Ford Financial Fund III
1.1bn
2019
Atlas Merchant Capital Fund II
1.0bn
2019
Reverence Capital Partners Opportunities Fund V
1.9bn
2021
Further Global Capital Partners II
835m
2021
BharCap Partners II
652m
2023
Lovell Minnick Equity Partners VI
1.1bn
2022
Long Ridge Equity Partners IV
650m
2023
FTV VIII
3.4bn
2024
Aquiline Financial Services Fund V
2.3bn
2024
Trident X
11.5bn
2025
Integrum Capital Partners II
2.5bn
2025
Confirmed in market
Projected
"
UBS PFG - Global Funds Coming to Market_Q1 2026.pdf,28,"27
North American Healthcare Universe 
Source: 
Preqin, UBS projections for fund sizes
Notes: 
Projections based on UBS estimates, % of capital called
 
* Represents target fund size for funds currently in the market
 
Bolded names indicate current UBS mandates
Fund Size ($)
Status/Vintage
2026
2027 and Beyond
Patient Square Equity Partners II
6.0bn*
Held Close
Waud Capital Partners VI
1.0bn*
Held Close
Invidia Curie Fund I
850m*
Held Close
Webster Equity Partners VI
713m*
Held Close
DW Healthcare Partners VI
650m*
Held Close
HPH III Investments Fund
600m*
Held Close
Beecken Petty O'Keefe VI
550m*
Held Close
WCP Healthcare Partners I
500m*
Held Close
Ascend Capital Partners Fund II
250m*
Held Close
Concord Innovation Fund III
250m*
Held Close
InnovaHealth Partners Fund II
TBD*
Held Close
MED Platform III
5.0bn*
Raising
Revelstoke Capital Partners Fund IV
1.8bn*
Raising
Gurnet Point II
1.5bn*
Raising
Chicago Pacific Founders Fund IV
1.2bn*
Raising
RVLHC II
500m*
Raising
Spindletop Healthcare Growth Equity III
350m*
Raising
37celsius
300m*
Raising
Health Velocity Capital III
300m*
Raising
DFW Capital Partners VIII
TBD*
Raising
Confirmed in market
Projected
"
UBS PFG - Global Funds Coming to Market_Q1 2026.pdf,29,"28
North American Healthcare Universe Cont. 
Source: 
Preqin, UBS projections for fund sizes
Notes: 
Projections based on UBS estimates, % of capital called
 
* Represents target fund size for funds currently in the market
 
Bolded names indicate current UBS mandates
Fund Size ($)
Status/Vintage
2026
2027 and Beyond
Elements Health Ventures II
TBD*
Raising
GreatPoint Ventures Innovation Fund IV
TBD*
Raising
TPG Healthcare Partners III
TBD*
Raising
Transformation Capital Fund IV
TBD*
Raising
Vesey Street Capital Partners II
TBD*
Raising
KKR Health Care Strategic Growth Fund II
3.6bn
2021
Brighton Park Capital Fund II
1.8bn
2022
Water Street Healthcare Partners V
1.4bn
2022
Third Rock Ventures VI
1.1bn
2022
EW Healthcare Partners Fund 3
800m
2022
RoundTable Healthcare Partners VI
800m
2022
HealthQuest Partners IV
675m
2022
Longitude Venture Partners V
600m
2022
Great Point Partners IV
506m
2022
Havencrest Healthcare Partners II
356m
2022
Lorient Healthcare Fund III
500m
2023
Avego Healthcare Capital II
278m
2023
Musculoskeletal Fund IV
500m
2018
Sagard Healthcare Royalty Partners
725m
2019
Galen Partners VI
200m
2019
Confirmed in market
Projected
"
UBS PFG - Global Funds Coming to Market_Q1 2026.pdf,30,"29
North American Healthcare Universe Cont. 
Source: 
Preqin, UBS projections for fund sizes
Notes: 
Projections based on UBS estimates, % of capital called
 
* Represents target fund size for funds currently in the market
 
Bolded names indicate current UBS mandates
Fund Size ($)
Status/Vintage
2026
2027 and Beyond
Consonance Private Equity II
856m
2020
AHP Fund II
759m
2020
Accelmed Partners II
400m
2020
RFE Investment Partners IX
250m
2020
RedCo II
610m
2021
Sheridan Capital Partners Fund III
575m
2021
RiverGlade Capital II
453m
2021
Health Enterprise Partners IV
250m
2021
Martis Partners IV
779m
2022
InTandem Capital Partners Fund III
715m
2022
MVM VI
516m
2022
NovaQuest Private Equity Fund II
509m
2022
1315 Capital III
350m
2022
Iron Path Capital Fund I
273m
2022
Flexpoint Fund V
2.0bn
2023
Avista Capital Partners VI
1.5bn
2023
Cressey & Co Fund VII
1.5bn
2023
Amulet Capital Fund III
1.2bn
2023
Varsity Healthcare Partners IV
700m
2023
Deerfield Healthcare Innovations Fund III
600m
2023
Confirmed in market
Projected
"
UBS PFG - Global Funds Coming to Market_Q1 2026.pdf,31,"30
North American Healthcare Universe Cont. 
Source: 
Preqin, UBS projections for fund sizes
Notes: 
Projections based on UBS estimates, % of capital called
 
* Represents target fund size for funds currently in the market
 
Bolded names indicate current UBS mandates
Fund Size ($)
Status/Vintage
2026
2027 and Beyond
3 Boomerang Capital I
376m
2023
Heritage Healthcare Innovation Fund IV
370m
2023
Grant Avenue Capital Fund II
192m
2023
Altaris Health Partners VI
3.5bn
2024
ARCH Venture Fund XIII
3.0bn
2024
Frazier Healthcare Growth Buyout Fund XI
2.3bn
2024
OrbiMed Royalty & Credit Opportunities V
1.9bn
2024
Avesi Partners Fund II
1.4bn
2024
Atlas Venture Fund XIV
450m
2024
LCM Healthcare Fund II
345m
2024
Signet Healthcare Partners Fund V
300m
2024
Linden Capital Partners VI
5.2bn
2025
WindRose Health Investors VII
2.6bn
2025
Frazier Life Sciences XII
1.3bn
2025
Hildred Equity Partners III
800m
2025
Shore Capital Healthcare Partners Fund VI
625m
2025
Denali Growth Partners SPV II
400m
2025
Nexa Equity Fund II
393m
2025
Confirmed in market
Projected
"
UBS PFG - Global Funds Coming to Market_Q1 2026.pdf,32,"31
North American Infrastructure & Diversified Energy Universe 
Source: 
Preqin, UBS projections for fund sizes
Notes: 
Projections based on UBS estimates, % of capital called
 
* Represents target fund size for funds currently in the market
 
Bolded names indicate current UBS mandates
 
Evergreen funds Blackstone Infrastructure Partners, AxInfra NA II and Carlyle Diversified Infrastructure Fund not included
Fund Size ($)
Status/Vintage
2026
2027 and Beyond
KKR Global Infrastructure Investors V
20.0bn*
Held Close
Stonepeak Infrastructure Partners V
15.0bn*
Held Close
Ardian Infrastructure Fund VI
13.6bn*
Held Close
DigitalBridge Partners III
8.0bn*
Held Close
Partners Group Direct Infrastructure IV
8.0bn*
Held Close
BlackRock Global Renewable Power Fund IV
7.0bn*
Held Close
Palistar Digital Infrastructure Fund III
2.5bn*
Held Close
Vision Ridge Partners Sustainable Asset Fund IV
2.5bn*
Held Close
DigitalBridge Strategic Assets Fund
2.0bn*
Held Close
Equitix Fund VII
1.9bn*
Held Close
Carlyle Renewable and Sustainable Energy Fund II
1.6bn*
Held Close
Digital Alpha Fund III
1.5bn*
Held Close
Tiger Infrastructure Partners Fund IV
1.5bn*
Held Close
GI Data Infrastructure Fund II
1.0bn*
Held Close
Lotus Infrastructure Fund IV
649m*
Held Close
Terramont Infrastructure Fund
160m*
Held Close
ISQ Global Infrastructure Fund IV
15.0bn*
Raising
ECP VI
5.0bn*
Raising
Confirmed in market
Projected
"
UBS PFG - Global Funds Coming to Market_Q1 2026.pdf,33,"32
North American Infrastructure & Diversified Energy Universe 
Source: 
Preqin, UBS projections for fund sizes
Notes: 
Projections based on UBS estimates, % of capital called
 
* Represents target fund size for funds currently in the market
 
Bolded names indicate current UBS mandates
Fund Size ($)
Status/Vintage
2026
2027 and Beyond
Oaktree Special Situations Fund IV
4.5bn*
Raising
Grain Communications Opportunity Fund IV 
4.0bn*
Raising
Quinbrook Infrastructure Partners IV
4.0bn*
Raising
West Street Infrastructure Partners V
4.0bn*
Raising
ArcLight Infrastructure Partners Fund VIII
3.0bn*
Raising
ISQ Growth Markets Fund II
3.0bn*
Raising
Sandbrook Climate Infrastructure Fund II
2.0bn*
Raising
Grain Spectrum Holdings V
1.5bn*
Raising
Novacap Digital Infrastructure II
1.0bn*
Raising
Riverstone Decarbonization Fund I
750m*
Raising
Bluescape Energy Recapitalization & Restructuring Fund V
600m*
Raising
Harbert Infrastructure Fund VII
521m*
Raising
Yorktown Energy Partners XIII
500m*
Raising
CAI Co-Invest IP Fund III 
375m*
Raising 
Brookfield Infrastructure Fund VI
TBD*
Raising
Carlyle Global Infrastructure Opportunities II
TBD*
Raising
True Green Capital Fund V
TBD*
Raising
AMP Capital Global Infrastructure Fund III
2.5bn
2016
Confirmed in market
Projected
"
UBS PFG - Global Funds Coming to Market_Q1 2026.pdf,34,"33
North American Infrastructure & Diversified Energy Universe 
Source: 
Preqin, UBS projections for fund sizes
Notes: 
Projections based on UBS estimates, % of capital called
 
* Represents target fund size for funds currently in the market
 
Bolded names indicate current UBS mandates
Fund Size ($)
Status/Vintage
2026
2027 and Beyond
Energy & Minerals Group Fund V
803m
2019
First Reserve Fund XIV
465m
2019
Macquarie Infrastructure Partners VII
8.7bn
2022
Blackstone Energy Transition Partners IV
5.6bn
2022
North Haven Infrastructure Partners IV
4.1bn
2022
Kimmeridge Fund VI
947m
2022
EQT Infrastructure VI
21.5bn
2023
Manulife Infrastructure Fund III
5.5bn
2023
Ara Fund III
2.8bn
2023
Lime Rock Partners IX
400m
2023
Apollo Infrastructure Opportunities Fund III
2.3bn
2024
Neos Partners II
1.4bn
2024
Arroyo Energy Investors Fund IV
670m
2024
Carlyle International Energy Partners II
2.3bn
2018
Trilantic Energy Partners II North America
437m
2018
InstarAGF Essential Infrastructure Fund II
1.2bn
2019
Star America Infrastructure Partners Fund II
700m
2019
Confirmed in market
Projected
"
UBS PFG - Global Funds Coming to Market_Q1 2026.pdf,35,"34
North American Infrastructure & Diversified Energy Universe 
Source: 
Preqin, UBS projections for fund sizes
Notes: 
Projections based on UBS estimates, % of capital called
 
* Represents target fund size for funds currently in the market
 
Bolded names indicate current UBS mandates
Fund Size ($)
Status/Vintage
2026
2027 and Beyond
Argo Series 3
2.1bn
2020
Upper Bay Infrastructure Partners
1.3bn
2020
Alinda Infrastructure Fund IV
1.0bn
2020
Ardian Americas Infrastructure Fund V
2.1bn
2021
Basalt Infrastructure Partners IV
2.7bn
2022
CIM Infrastructure Fund III
1.8bn
2022
Ridgewood Water and Strategic Infrastructure Fund II
1.2bn
2022
Fengate Infrastructure Fund IV
1.1bn
2022
3i North American Infrastructure Fund
1.0bn
2022
Global Infrastructure Partners V
25.2bn
2023
Northleaf Infrastructure Capital Partners IV
2.6bn
2023
Meridiam Infrastructure North America IV
1.8bn
2023
Peppertree Capital Fund X 
1.1bn
2023
JLC Infrastructure Fund II
925m
2023
Brookfield Global Transition Fund 2
20.0bn
2024
SDC Digital Infrastructure Opportunity Fund IV
2.1bn
2024
Ember Infrastructure Fund II
831m
2024
Confirmed in market
Projected
"
UBS PFG - Global Funds Coming to Market_Q1 2026.pdf,36,"35
North American TMT Universe 
Source: 
Preqin, UBS projections for fund sizes
Notes: 
Projections based on UBS estimates, % of capital called
 
* Represents target fund size for funds currently in the market
 
Bolded names indicate current UBS mandates
Fund Size ($)
Status/Vintage
2026
2027 and Beyond
True Wind Capital III
TBD*
Raising
Spire Capital Partners IV
375m
2019
Spectrum Equity X
2.0bn
2022
Sumeru Equity Partners Fund IV
1.3bn
2022
Aquiline Technology Growth Fund II
365m
2022
Francisco Partners VII
13.5bn
2023
Clearhaven Fund II
580m
2023
Thoma Bravo Fund XVI
24.3bn
2024
Thoma Bravo Discover Fund V
8.1bn
2024
Silver Lake Partners VII
20.5bn
2022
Charlesbank Technology Opportunities Fund II
1.3bn
2022
Lone View Capital Fund I
850m
2022
9Yards Capital Fund III
250m
2022
Vista Equity Partners Fund VIII
18.0bn
2023
Symphony Technology Group VII
4.2bn
2023
Francisco Partners Agility III
3.3bn
2023
Riverwood Capital Partners IV
1.8bn
2023
ZMC IV
752m
2023
Brookfield Technology Growth Partners III
547m
2023
Cohere Capital Fund II
215m
2023
Insight Partners XIII
11.5bn
2024
TCV XII
3.0bn
2024
Thoma Bravo Explore Fund II
1.8bn
2024
THL Automation Fund II
900m
2024
Sequoia Capital US/E Growth X Principals Fund
TBD
2024
BVIP Fund XII
2.5bn
2025
Siris Partners V
250m
2025
Novacap Technologies VII
3.8bn
2026
Confirmed in market
Projected
"
UBS PFG - Global Funds Coming to Market_Q1 2026.pdf,37,"36
North American Distressed / Turnaround Universe
Source: 
Preqin, UBS projections for fund sizes
Notes: 
Projections based on UBS estimates, % of capital called
 
* Represents target fund size for funds currently in the market
 
Bolded names indicate current UBS mandates
Fund Size ($)
Status/Vintage
2026
2027 and Beyond
Clearlake Capital Partners VIII
15.0bn*
Held Close
Fortress Credit Opportunities Fund VI
8.0bn*
Held Close
PIMCO Corporate Opportunities Fund IV
4.0bn*
Held Close
Stellex Capital Partners III
3.0bn*
Held Close
CVI Credit Value Fund VI
2.5bn*
Held Close
Atlantic Park Strategic Capital Fund III
2.1bn*
Held Close
Arbour Lane Credit Opportunity Fund IV
1.9bn*
Held Close
H.I.G. Bayside Loan Opportunity Fund VIII
1.8bn*
Held Close
Origami Opportunities Fund V
600m*
Held Close
Turning Rock Fund III
600m*
Held Close
Atalaya Asset Income Fund VI
TBD*
Held Close
BDCM Opportunity Fund VI
TBD*
Held Close
Ares Special Opportunities Fund III
7.0bn*
Raising
Strategic Value Special Situations Fund VI
6.5bn*
Raising
Kennedy Lewis Capital Partners Master Fund IV
5.0bn*
Raising
Lone Star Fund XIII
5.0bn*
Raising
Cerberus Institutional Partners VII
4.0bn*
Raising
Charlesbank Credit Opportunities Fund IV
1.8bn*
Raising
Blue Wolf Capital Fund VI
TBD*
Raising
Centerbridge Special Credit Partners V
TBD*
Raising
Confirmed in market
Projected
"
UBS PFG - Global Funds Coming to Market_Q1 2026.pdf,38,"37
North American Distressed / Turnaround Universe Cont.
Source: 
Preqin, UBS projections for fund sizes
Notes: 
Projections based on UBS estimates, % of capital called
 
* Represents target fund size for funds currently in the market
 
Bolded names indicate current UBS mandates
Fund Size ($)
Status/Vintage
2026
2027 and Beyond
Crestview Partners V
TBD*
Raising
ZCG Partners IV
TBD*
Raising
GSO Capital Solutions Fund III
7.4bn
2017
Marlin Equity Partners V
2.5bn
2017
Ascribe Opportunities Fund IV
825m
2017
Lantern Capital Partners Fund I
383m
2017
Merced Partners V
269m
2017
Staple Street Capital III
520m
2020
A&M Capital Partners III
2.3bn
2021
Aterian Investment Partners IV
834m
2021
Platinum Equity Capital Partners VI
12.4bn
2022
OpenGate Capital Fund III
400m
2022
Oaktree Opportunities Fund XII
16.0bn
2023
Monarch Capital Partners VI
4.7bn
2023
KKR Dislocation Fund II
2.5bn
2023
Balbec InSolve Global Credit Fund VI
1.5bn
2023
Littlejohn Opportunities Fund II
518m
2017
York Special Opportunities Fund III
800m
2018
MB Special Opportunities Fund II
610m
2020
Bain Capital Global Special Situations II
5.7bn
2022
Confirmed in market
Projected
"
UBS PFG - Global Funds Coming to Market_Q1 2026.pdf,39,"38
North American Distressed / Turnaround Universe Cont.
Source: 
Preqin, UBS projections for fund sizes
Notes: 
Projections based on UBS estimates, % of capital called
 
* Represents target fund size for funds currently in the market
 
Bolded names indicate current UBS mandates
Fund Size ($)
Status/Vintage
2026
2027 and Beyond
Sixth Street Opportunities V
4.1bn
2022
OHA Strategic Credit Fund III
2.3bn
2022
Crestline Opportunity Fund V
1.7bn
2022
Sun Capital Partners VIII
1.4bn
2022
Glendon Opportunities Fund III      
1.3bn
2022
Castlelake Opportunistic Asset Solutions VI
734m
2022
CenterGate Capital Partners II
375m
2022
KPS Special Situations Fund VI
8.0bn
2023
Gallant Capital Partners II
406m
2023
Insight Equity (Bridge) IV
225m
2023
TPG Angelo Gordon Credit Solutions Fund III
6.2bn
2024
Centerbridge Capital Partners V
3.6bn
2024
Peak Rock Capital IV
2.5bn
2024
Monomoy Capital Partners V
2.3bn
2024
Varde Fund XIV
2.0bn
2024
Tenex Capital Partners IV
1.9bn
2024
Benefit Street Partners Special Situations Fund II
850m
2024
Atlas Capital Resources V
6.5bn
2025
Pacific Avenue Fund II
1.7bn
2025
Anchorage Credit Opportunities Fund IX
1.5bn
2025
Confirmed in market
Projected
"
UBS PFG - Global Funds Coming to Market_Q1 2026.pdf,40,"39
North American Mezzanine Universe 
Source: 
Preqin, UBS projections for fund sizes
Notes: 
Projections based on UBS estimates, % of capital called
 
* Represents target fund size for funds currently in the market
 
Bolded names indicate current UBS mandates
Fund Size ($)
Status/Vintage
2026
2027 and Beyond
Blackstone Capital Opportunities Fund V
10.0bn*
Held Close
North Haven Credit Partners IV
2.0bn*
Held Close
Crescent Credit Solutions IX
1.7bn*
Held Close
BBH Capital Partners VII
1.2bn*
Held Close
Onex Falcon Private Credit Opportunities VII
1.0bn*
Held Close
Cyprium Investors VI
TBD*
Held Close
GMB Mezzanine Capital V
TBD*
Held Close
HPS Strategic Investment Partners VI
10.0bn*
Raising
Oaktree Mezzanine Fund VI
3.0bn*
Raising
Brookfield Real Estate Finance Fund VII
2.9bn*
Raising
VSS Structured Capital V
700m*
Raising
Merit Capital Fund VIII
550m*
Raising
Golub Capital Partners 16
TBD*
Raising
Harvest Partners Structured Capital Fund IV
TBD*
Raising
Patriot Capital VI
TBD*
Raising
AEA Mezzanine Fund IV
592m
2018
Newstone Capital Partners IV
852m
2019
Confirmed in market
Projected
"
UBS PFG - Global Funds Coming to Market_Q1 2026.pdf,41,"40
North American Mezzanine Universe Cont. 
Source: 
Preqin, UBS projections for fund sizes
Notes: 
Projections based on UBS estimates, % of capital called
 
* Represents target fund size for funds currently in the market
 
Bolded names indicate current UBS mandates
Fund Size ($)
Status/Vintage
2026
2027 and Beyond
Audax Mezzanine Fund V
1.9bn
2021
ABRY Senior Equity VI
1.2bn
2021
Penfund Capital Fund VII
1.2bn
2021
Caltius Partners VI
395m
2021
Yukon Capital Partners V
765m
2022
Ironwood Capital Partners V
516m
2022
Arrowhead Capital Fund III
296m
2017
GS Mezzanine Partners VIII
11.7bn
2022
TA Debt Fund V
1.1bn
2022
Manulife Capital Partners VII 
752m
2022
Peninsula Fund VIII
400m
2023
Bain Capital Middle Market Credit 2022
1.0bn
2024
Northstar Mezzanine Partners VIII
550m
2024
Norwest Mezzanine Partners V
400m
2024
Brookside Capital Fund V SBIC
393m
2024
Balance Point Capital Partners VII 
TBD
2025
Mizzen Capital III
TBD
2025
Confirmed in market
Projected
"
UBS PFG - Global Funds Coming to Market_Q1 2026.pdf,42,"41
North American Direct Lending Universe 
Source: 
Preqin, UBS projections for fund sizes
Notes: 
Projections based on UBS estimates, % of capital called
 
* Represents target fund size for funds currently in the market
 
Bolded names indicate current UBS mandates
Fund Size ($)
Status/Vintage
2026
2027 and Beyond
Audax Direct Lending Solutions Fund III
5.0bn*
Held Close
5C Lending Partners Corp.
3.0bn*
Held Close
Adams Street Private Credit Fund III
3.0bn*
Held Close
Blue Torch Credit Opportunities Fund IV 
3.0bn*
Held Close
Guggenheim Private Debt Fund IV
3.0bn*
Held Close
Comvest Credit Partners VII
2.5bn*
Held Close
Fortress Direct Lending Fund III
2.5bn*
Held Close
AEA Middle Market Debt Fund V
1.3bn*
Held Close
CapitalSpring Investment Partners VII
1.0bn*
Held Close
Hamilton Lane Strategic Opportunities Fund IX
900m*
Held Close
MC Credit Fund IV
415m*
Held Close
LBC Credit Partners VI
287m*
Held Close
Brightwood Capital Fund VI
TBD*
Held Close
MGG SF Drawdown Unlevered Fund IV
TBD*
Held Close
NXT Capital Senior Loan Fund VII
TBD*
Held Close
Tree Line Direct Lending IV
TBD*
Held Close
Veritas Capital Credit Opportunities Fund III
TBD*
Held Close
Barings North American Private Loan Fund IV
3.0bn*
Raising
Crescent Direct Lending Fund IV
1.7bn*
Raising
Perceptive Credit Opportunities Fund V
1.5bn*
Raising
Stellus Credit Fund IV
1.0bn*
Raising
Confirmed in market
Projected
"
UBS PFG - Global Funds Coming to Market_Q1 2026.pdf,43,"42
North American Direct Lending Universe Cont.
Source: 
Preqin, UBS projections for fund sizes
Notes: 
Projections based on UBS estimates, % of capital called
 
* Represents target fund size for funds currently in the market
 
Bolded names indicate current UBS mandates
Fund Size ($)
Status/Vintage
2026
2027 and Beyond
SJC Capital Finance Fund IV
690m*
Raising
OSP Value Fund IV-B 
250m*
Raising
Chatham Investment Fund VI
200m*
Raising
HD Credit Opportunities IV
150m*
Raising
ABRY Secured Credit Opportunity Fund
TBD*
Raising
ACM Alameda
TBD*
Raising
Apollo Accord Fund VII
TBD*
Raising
Elm Park Credit Opportunities Fund III
300m
2018
Pharos Capital Partners IV-A
204m
2019
H.I.G. WhiteHorse Direct Lending II
1.7bn
2020
Kayne Senior Credit Fund IV
1.6bn
2020
Silver Lake Waterman Fund III
1.0bn
2020
KKR Lending Partners IV Levered
1.1bn
2021
Summit Partners Credit Fund IV
313m
2021
Capitala SBIC Fund VI 
231m
2021
AG Direct Lending Fund V
3.9bn
2022
TCW Direct Lending VIII
1.3bn
2022
New Mountain Guardian IV BDC
1.2bn
2022
PennantPark Credit Opportunities Fund IV
610m
2022
Ares Senior Direct Lending Fund III
15.3bn
2023
HPS Specialty Loan Fund VI
10.4bn
2023
Confirmed in market
Projected
"
UBS PFG - Global Funds Coming to Market_Q1 2026.pdf,44,"43
North American Direct Lending Universe Cont.
Source: 
Preqin, UBS projections for fund sizes
Notes: 
Projections based on UBS estimates, % of capital called
 
* Represents target fund size for funds currently in the market
 
Bolded names indicate current UBS mandates
Fund Size ($)
Status/Vintage
2026
2027 and Beyond
Oaktree Lending Partners
10.0bn
2023
Deerpath Capital VII
2.0bn
2023
Carlyle Direct Lending Fund IV
1.5bn
2023
Freeport First Lien Loan Fund VI
1.2bn
2023
Brevet Direct Lending - Intermediate Duration Fund
1.0bn
2017
Innovatus Flagship Fund I
500m
2018
Lateral U.S. Credit Opportunities Fund
148m
2018
White Oak Yield Spectrum Fund V
2.3bn
2019
Benefit Street Partners Senior Secured Opportunities Fund II
1.0bn
2019
AIC Credit Opportunities Partners Fund II
440m
2019
Silver Point Specialty Credit Fund III
4.0bn
2023
NB Private Equity Credit Opportunities Fund II
2.5bn
2023
Thoma Bravo Credit Fund III
1.8bn
2023
Cerberus Levered Loan Opportunities Fund V 
1.1bn
2023
Bain Capital Global Direct Lending 2021 (Levered)
1.0bn
2023
Sagard Senior Lending Partners
501m
2023
Ironsides Opportunities Fund II
325m
2023
Oak Hill Advisors Senior Private Lending Fund
17.7bn
2025
Monroe Capital Private Credit Fund V
6.1bn
2025
Crestline Direct Lending Fund IV
3.5bn
2025
Pathlight Capital Fund IV
1.9bn
2025
Confirmed in market
Projected
"
UBS PFG - Global Funds Coming to Market_Q1 2026.pdf,45,"44
North American Asset Backed Lending Universe 
Source: 
Preqin, UBS projections for fund sizes
Notes: 
Projections based on UBS estimates, % of capital called
 
* Represents target fund size for funds currently in the market
 
Bolded names indicate current UBS mandates
Fund Size ($)
Status/Vintage
2026
2027 and Beyond
Overland Advantage
5.0bn*
Evergreen
Apollo Asset Backed Credit Co
3.0bn*
Evergreen
i80 Group Asset Based Finance
925m*
Evergreen
TCW Star Direct Lending
TBD*
Evergreen
Blue Owl Asset Special Opportunities Fund IX
2.5bn*
Held Close
Star Mountain Strategic Credit Income Fund V
1.0bn*
Held Close
H.I.G. Whitehorse FSBA
TBD*
Held Close
VPC Asset Backed Opportunistic Credit Fund II 
TBD*
Held Close
Waterfall Silver Spring Fund
TBD*
Held Close
Parabellum Partners IV
750m*
Raising
Vista Credit Partners Fund IV
TBD*
Raising
Lynstone Special Situations Fund II
2.4bn
2022
Ares Pathfinder Fund II
6.6bn
2023
Raven Asset Based Credit Fund II
333m
2020
NB Credit Opportunities Fund II
2.5bn
2021
Värde Asset Lending Fund II
1.5bn
2021
White Oak Specialized ABL
250m
2021
Crayhill Principal Strategies Fund III
1.3bn
2023
400 Capital Asset Based Onshore Term Fund IV
1.4bn
2024
KKR Asset-Based Finance Partners II
5.6bn
2025
Confirmed in market
Projected
"
UBS PFG - Global Funds Coming to Market_Q1 2026.pdf,46,"45
North American Real Estate Universe (Select GPs)
Source: 
Preqin, UBS projections for fund sizes
Notes: 
Projections based on UBS estimates, % of capital called
 
* Represents target fund size for funds currently in the market
 
Bolded names indicate current UBS mandates
Debt
Fund Size ($)
Status/Vintage
2026
2027 and Beyond
Pretium Residential Credit Fund III
2.5bn*
Held Close
BlackRock Global CRE Debt Fund - C8
2.0bn*
Held Close
TCI Real Estate Partners Fund IV
2.0bn*
Held Close
PCCP Credit XI
1.3bn*
Held Close
KKR Opportunistic Real Estate Credit Fund II
1.0bn*
Held Close
Madison Realty Capital Debt Fund VI
2.3bn*
Raising
ACORE Credit Partners III
2.0bn*
Raising
BDT & MSD Real Estate Credit Opportunity Fund III
TBD*
Raising
Brookfield Real Estate Finance VII
TBD*
Raising
AllianceBernstein Commercial Real Estate Debt Fund IV
1.3bn
2021
Rockwood Income and Credit Partners VI
901m
2021
Blackstone Real Estate Debt Strategies V
8.0bn
2022
Kayne Anderson Real Estate Debt IV
1.9bn
2022
Torchlight Debt Fund VIII
1.2bn
2022
Oaktree Real Estate Debt Fund IV
3.5bn
2023
Bridge Debt Strategies Fund V
2.2bn
2023
Berkshire Bridge Loan Investors-MF1 III
2.0bn
2023
JP Morgan Real Estate Credit Opportunity Fund
2.0bn
2020
West Street Real Estate Credit Partners IV
7.0bn
2022
Cerberus Real Estate Debt Fund II
4.0bn
2022
Canyon US Real Estate Debt Fund III
1.2bn
2022
Square Mile Credit Partners III
1.2bn
2022
RRA Real Estate Debt Fund III
225m
2023
Heitman Real Estate Debt Partners III
806m
2024
VWH Partners IV
1.3bn
2025
Confirmed in market
Projected
"
UBS PFG - Global Funds Coming to Market_Q1 2026.pdf,47,"46
North American Real Estate Universe (Select GPs) Cont. 
Source: 
Preqin, UBS projections for fund sizes
Notes: 
Projections based on UBS estimates, % of capital called
 
* Represents target fund size for funds currently in the market
 
Bolded names indicate current UBS mandates
Opportunistic
Fund Size ($)
Status/Vintage
2026
2027 and Beyond
KKR Real Estate Partners Americas IV
4.5bn*
Held Close
PCCP Equity X
2.3bn*
Held Close
DIV Industrial Fund I
2.0bn*
Held Close
Pretium Single Family Rental Fund VII
1.0bn*
Held Close
Starwood Distressed Opportunity Fund XIII
10.0bn*
Raising
Cerberus Institutional Real Estate Partners VII
3.0bn*
Raising
Harrison Street Real Estate Partners X
3.0bn*
Raising
Macquarie Real Estate Partners US II
1.0bn*
Raising
Oaktree Real Estate Opportunities Fund XI
TBD*
Raising
Walton Street Real Estate Fund IX
1.0bn
2020
North Haven Real Estate Fund X Global
3.1bn
2021
King Street Real Estate Fund III
1.0bn
2021
TPG Real Estate Partners IV
6.8bn
2022
Ares US Real Estate Opportunity Fund IV
3.3bn
2022
Rockpoint Real Estate Fund VII
2.7bn
2022
Dermody Properties Industrial Fund IV
1.0bn
2022
Centerbridge Partners Real Estate Fund II
2.3bn
2021
KSL Capital Partners VI
2.0bn
2023
AEW Partners Real Estate Fund X
1.8bn
2023
Brookfield Strategic Real Estate Partners V
16.0bn
2024
Carlyle Realty Partners X
9.0bn
2024
Sculptor Real Estate Fund V
4.6bn
2024
Amazon Housing Equity Fund
3.6bn
2024
Lone Star Real Estate Fund VII
2.7bn
2024
PGIM Real Estate Global Data Center US Fund
2.0bn
2025
Confirmed in market
Projected
"
UBS PFG - Global Funds Coming to Market_Q1 2026.pdf,48,"47
North American Real Estate Universe (Select GPs) Cont. 
Source: 
Preqin, UBS projections for fund sizes
Notes: 
Projections based on UBS estimates, % of capital called
 
* Represents target fund size for funds currently in the market
 
Bolded names indicate current UBS mandates
Value Added
Fund Size ($)
Status/Vintage
2026
2027 and Beyond
AG Realty Value Fund XI
3.3bn*
Held Close
Kayne Anderson Real Estate Partners VII
3.0bn*
Held Close
Heitman Value Partners VI
2.0bn*
Held Close
Bridge Logistics Value Fund II
1.5bn*
Held Close
Carmel Partners Investment Fund IX
1.5bn*
Held Close
Rockwood Capital Real Estate Partners Fund XII
1.4bn*
Held Close
LaSalle Value Partners U.S. IX
1.3bn*
Held Close
American Landmark Fund V
1.0bn*
Held Close
Blue Owl Real Estate Fund VII
6.5bn*
Raising
IPI Data Center Partners Fund III
4.0bn*
Raising
Almanac Realty Securities X
2.0bn*
Raising
TA Realty Value-Add Fund XIV
2.0bn*
Raising
Cabot Industrial Value Fund VIII
1.8bn*
Raising
Artemis Real Estate Partners Fund V
TBD*
Raising
Crow Holdings Realty Partners XI
TBD*
Raising
Prime Storage Fund III
2.5bn
2021
Greystar Equity Partners XI
1.9bn
2022
Waterton Residential Property Venture XV
1.7bn
2022
Pennybacker VI
1.6bn
2022
Dermody Properties Industrial Fund IV
1.0bn
2022
Westbrook Real Estate Fund XII
3.0bn
2023
Cortland Enhanced Value Fund VI
1.5bn
2023
FCP Realty Fund VI
1.1bn
2023
Fairfield U.S. Multifamily Value Add Fund IV
1.5bn
2023
Mesirow Financial Real Estate Value Fund V
1.2bn
2024
Bain Capital Real Estate III
3.4bn
2026
Confirmed in market
Projected
"
UBS PFG - Global Funds Coming to Market_Q1 2026.pdf,49,"48
North American Real Estate Universe (Select GPs) Cont. 
Source: 
Preqin, UBS projections for fund sizes
Notes: 
Projections based on UBS estimates, % of capital called
 
* Represents target fund size for funds currently in the market
 
Bolded names indicate current UBS mandates
Core
Fund Size ($)
Status/Vintage
2026
2027 and Beyond
Housing Platform Fund
2.0bn*
Held Close
Cabot Industrial Core Fund III
1.0bn*
Held Close
NorthPoint Industrial Fund VII
1.0bn*
Held Close
LCN North American Fund IV
800m*
Held Close
Sealy Industrial Partners IV
750m*
Held Close
Peachtree Strategic Opportunity Fund
500m*
Held Close
O'Connor Retail Fund II
500m
2019
Greystar US Develop to Core
2.0bn
2020
Bell Core Fund I
930m
2021
Pretium Residential Acquisition Fund
1.0bn
2023
Rose Affordable Housing Preservation Fund VI
660m
2023
Town Lane Real Estate Opportunities Fund I
1.3bn
2024
Core Plus
Fairfield U.S. Multifamily Core Plus Fund III
1.8bn*
Held Close
FPA Core Plus Fund VI
1.0bn*
Held Close
EMPIRA Residential Invest US
600m*
Held Close
High Street Real Estate Fund VIII
500m*
Held Close
Republic Fund II
500m*
Raising
EQT Exeter US Industrial Core-Plus IV
3.0bn
2022
West Street Real Estate Investment Partners
3.5bn
2021
First Hospitality Group - Hotel Investment Fund
1.0bn
2024
Confirmed in market
Projected
"
UBS PFG - Global Funds Coming to Market_Q1 2026.pdf,50,"49
Secondaries Universe 
Source: 
Preqin, UBS projections for fund sizes
Notes: 
Projections based on UBS estimates, % of capital called
 
* Represents target fund size for funds currently in the market
 
Bolded names indicate current UBS mandates
Fund Size ($)
Status/Vintage
2026
2027 and Beyond
Fortress Credit Opportunities Fund VI
8.0bn*
Held Close
Glendower Capital Secondary Opportunities Fund VI
7.0bn*
Held Close
Pomona Capital XI
3.5bn*
Held Close
Portfolio Advisors Secondary Fund V
3.5bn*
Held Close
Newbury Equity Partners VI
2.5bn*
Held Close
ACP Secondaries 6
2.0bn*
Held Close
Blue Owl Strategic Equity Partners Fund
2.0bn*
Held Close
LSV Special Opportunities VII
1.8bn*
Held Close
Apogem PA Secondary Fund VII
1.3bn*
Held Close
Schroders Capital PE Continuation Opportunities III
1.0bn*
Held Close
SQ Capital Fund I
1.0bn*
Held Close
Sweetwater Secondaries Fund IV
650m*
Held Close
Committed Advisors GP Strategies Fund II
500m*
Held Close
Patria Secondaries Opportunities Fund V
500m*
Held Close 
Timber Bay Fund III
400m*
Held Close
Churchill Secondary Partners II
TBD*
Held Close
Goldman Sachs Vintage Fund X
TBD*
Held Close
TPG GP Solutions II
TBD*
Held Close
Lexington Capital Partners XI
25.0bn*
Raising
Strategic Partners Fund X
22.0bn*
Raising
Dover Street XII
20.0bn*
Raising
Partners Group Secondary VIII
10.0bn*
Raising
Hamilton Lane Secondary Fund VII
7.0bn*
Raising
Confirmed in market
Projected
"
UBS PFG - Global Funds Coming to Market_Q1 2026.pdf,51,"50
Secondaries Universe Cont. 
Source: 
Preqin, UBS projections for fund sizes
Notes: 
Projections based on UBS estimates, % of capital called
 
* Represents target fund size for funds currently in the market
 
Bolded names indicate current UBS mandates
Fund Size ($)
Status/Vintage
2026
2027 and Beyond
StepStone Secondary Opportunities Fund VI
6.0bn*
Raising
Clipway Secondary Fund 
3.0bn*
Raising
Kline Hill Partners Fund V
2.7bn*
Raising
NorthSands Opportunities II
1.0bn*
Raising
W Capital Partners VI
1.0bn*
Raising
Fort Washington Private Equity Opportunities Fund V
400m*
Raising
Auldbrass Partners Secondary Opportunity Fund IV
350m*
Raising
Essling Global GP-Led I
208m*
Raising
AB Value Bridge VIII
200m*
Raising
Capital Dynamics Global Secondaries VII
TBD*
Raising
Felicitas Secondary Fund III
TBD*
Raising
Headlands Capital Secondary Fund V
TBD*
Raising
Mesirow Financial Private Equity Partnership Fund IX
TBD*
Raising
New 2nd Capital Fund IV
TBD*
Raising
Pantheon Global Secondary Fund VIII
TBD*
Raising
Quilvest Secondaries Fund
TBD*
Raising
Flexstone Mid-Market Secondaries Fund III
154m
2022
eQ PE SF V
99m
2024
Idinvest Secondary Fund IV
1.1bn
2021
c
Foundation Private Equity Fund 1
119m
2021
Ardian Secondary Fund IX
30.0bn
2022
NewQuest Asia Fund V
987m
2022
Headway Investment Partners V
653m
2022
Confirmed in market
Projected
"
UBS PFG - Global Funds Coming to Market_Q1 2026.pdf,52,"51
Secondaries Universe Cont. 
Source: 
Preqin, UBS projections for fund sizes
Notes: 
Projections based on UBS estimates, % of capital called
 
* Represents target fund size for funds currently in the market
 
Bolded names indicate current UBS mandates
Fund Size ($)
Status/Vintage
2026
2027 and Beyond
TR Capital V
600m
2022
AlpInvest Secondaries Program VIII
20.2bn
2023
ICG Strategic Equity Fund V
11.0bn
2023
Apollo S3 Equity & Hybrid Solutions Fund 
5.4bn
2023
NB Strategic Capital II
4.0bn
2023
c
BlackRock Secondaries & Liquidity Solutions II
3.1bn
2023
Private Equity Strategic Opportunities Fund V
1.2bn
2023
c
Commonfund Secondary Partners IV
1.1bn
2023
Dorchester Credit Secondaries VI
900m
2023
Golding Secondaries 2022
603m
2023
c
Morningside Vintage Secondary Fund 2023
TBD
2023
Coller International Partners IX
12.5bn
2024
c
Crown Global Secondaries VI
7.5bn
2024
Unigestion Secondary VI
2.0bn
2024
Arcano Secondary Fund V
987m
2024
Cubera X
934m
2024
Aquilius Investment Partners Secondary Fund II
750m
2024
Nova Private Equity Partners IV
635m
2024
Abbott Secondaries Opportunities III
380m
2024
mcp Opportunity Secondary Program Fund VI
TBD
2024
Hollyport Secondary Opportunities IX
4.3bn
2025
Banner Ridge Secondary Fund VI
4.2bn
2025
LGP Sage Equity Investors
3.6bn
2026
Confirmed in market
Projected
"
UBS PFG - Global Funds Coming to Market_Q1 2026.pdf,53,"EMEA Funds Coming to Market
Section 2
"
UBS PFG - Global Funds Coming to Market_Q1 2026.pdf,54,"53
Pan European Mega Cap Buyout Funds 
Source: 
Preqin, UBS projections for fund sizes
Notes: 
Projections based on UBS estimates, % of capital called
 
* Represents target fund size for funds currently / expected to be in the market
 
Bolded names indicate current UBS mandates
Fund Size
Status/Vintage
2026
2027 and Beyond
Nordic Capital Fund XII
€10.0bn*
Held Close
Advent International GPE XI
$26.0bn*
Held Close
Permira IX
€17.0bn*
Held Close
Hg Saturn 4
$12.0bn*
Held Close
ICG Europe Fund IX 
€10.0bn*
Held Close
Carlyle Europe Partners VI
€7.5bn*
Held Close
EQT XI
€23.0bn*
Raising
Hg Genesis 11
€7.5bn*
Raising
Apax Partners XII
$12.0bn*
2026
PAI Partners IX
€8.0bn*
2026
Vitruvian Investment Partners VI
€8.0bn*
2026
KKR Europe Fund VI
$7.3bn
2022
CVC Capital Partners IX
€26.8bn
2023
Bridgepoint Europe VII
€7.0bn
2024
Cinven VIII
€13.3bn
2024
Confirmed in market
Projected
"
UBS PFG - Global Funds Coming to Market_Q1 2026.pdf,55,"54
Pan European Large Cap Buyout Funds 
Source: 
Preqin, UBS projections for fund sizes
Notes: 
Projections based on UBS estimates, % of capital called
 
* Represents target fund size for funds currently / expected to be in the market
 
Bolded names indicate current UBS mandates
Fund Size
Status/Vintage
2026
2027 and Beyond
Triton Fund 6
€5.5bn*
Held Close
CapVest Fund VI
€3.9bn*
Held Close
BC Partners Fund XII
$5.2bn*
Held Close
Montagu VII
€3.5bn*
Held Close
Keensight Nova VII
€3.0bn*
Held Close
Med – Platform III
€5.0bn*
Raising
Astorg IX
€4.5bn*
Raising
Waterland Private Equity Fund X
€4.0bn*
Raising
Inflexion Buyout Fund VII
€3.5bn*
Raising
Five Arrows Principal Investments V
€3.5bn*
Raising
PSG Europe III
€3.3bn*
Raising
Ardian Buyout VII
€6.5bn
2019
Bain Capital Europe VI
€6.4bn
2023
TDR Capital V
€4.3bn
2023
Carlyle Europe Technology Partners V
€3.1bn
2023
EMK Capital Partners III
€3.0bn
2023
TowerBrook Investors VI
$4.1bn
2024
Oakley Capital VI
€4.5bn
2025
Investindustrial VIII
€4.0bn
2025
IK X Fund
€3.3bn
2025
Ardian Expansion Fund VI
€3.2bn
2025
Eurazeo Capital V
€3.0bn
2025
Bridgepoint Development Capital V
£2.8bn
2025
Confirmed in market
Projected
"
UBS PFG - Global Funds Coming to Market_Q1 2026.pdf,56,"55
Pan European Mid-market Buyout Funds
Source: 
Preqin, UBS projections for fund sizes
Notes: 
Projections based on UBS estimates, % of capital called
 
* Represents target fund size for funds currently / expected to be in the market
 
Bolded names indicate current UBS mandates
Fund Size
Status/Vintage
2026
2027 and Beyond
Bregal Milestone III
€800m*
Held Close
Fremman II
€750m*
Held Close
PAI Mid-Market Fund II
€1.2bn*
Held Close
Riverside Europe Fund VII
€600m*
Held Close
Argos Mid-Market IX
€600m*
Held Close
A3C Fund I
€600m*
Held Close
Hg Mercury 5
€2.5bn*
Raising
Livingbridge 8
€1.5bn*
Raising
Seven2 MidMarket XI
€1.6bn*
Raising
One Peak Growth IV
$1.0bn*
Raising
G Square Capital V
€800m*
Raising
Preservation Capital Partners Fund III
€700m*
Raising
Med – MED IV
€650m*
Raising
Eurazeo PME IV
€1.0bn
2021
Trilantic Europe VI
€925m
2021
Triton Smaller Mid-Cap Fund II
€817m
2021
Freshstream Fund II
€762m
2021
Astorg Mid-Cap I
€1.3bn
2022
Investindustrial Growth III
€1.1bn
2022
Inflexion Partnership Capital III
£1.8bn
2023
Ambienta IV
€1.6bn
2023
Summit Partners Europe Growth Equity Fund IV
€1.4bn
2023
Charme Fund IV
€780m
2023
Epiris Fund III
£1.0bn
2022
MML Partnership Capital Fund VIII
€1.0bn
2023
Castik Capital III
€2.0bn
2024
Nordic Capital Evolution Fund II
€2.0bn
2024
Main Capital VIII
€1.9bn
2024
Confirmed in market
Projected
"
UBS PFG - Global Funds Coming to Market_Q1 2026.pdf,57,"56
Pan European Mid-market Buyout Funds Cont.
Source: 
Preqin, UBS projections for fund sizes
Notes: 
Projections based on UBS estimates, % of capital called
 
* Represents target fund size for funds currently / expected to be in the market
 
Bolded names indicate current UBS mandates
Fund Size
Status/Vintage
2026
2027 and Beyond
BlackFin Financial Services Fund IV
€1.9bn
2024
Chequers Capital XVIII
€1.2bn
2024
STAR IV
€1.0bn
2024
KLAR Partners II
€870m
2024
Volpi Capital Fund III
€428m
2024
GHO Capital IV
€2.5bn
2025
Ufenau Fund VIII
€2.1bn
2025
IK Small Cap IV Fund
€2.0bn
2025
Thoma Bravo Europe Fund
€1.8bn
2025
Rivean Capital Fund VII
€1.6bn
2025
H.I.G. Europe Capital Partners IV
€1.6bn
2025
Stirling Square Capital Partners Fifth Fund
€1.6bn
2025
Charterhouse Capital Partners XII
€1.5bn
2025
Marlin Heritage Europe III
€1.0bn
2025
Exponent Private Equity Partners V
£900m
2025
Aspirity Partners I
€875m
2025
L Catterton Europe V
€800m
2025
Apheon MidCap Buyout VI
€1.3bn
2026
Confirmed in market
Projected
"
UBS PFG - Global Funds Coming to Market_Q1 2026.pdf,58,"57
Fund Size
Status/Vintage
2026
2027 and Beyond
TPG Rise Climate II
$8.0bn*
Held Close
Trill Impact Private Equity II
€1.2bn*
Held Close
Bain Capital Double Impact Fund III
$1.0bn*
Held Close
Eurazeo Planetary Boundaries
€750m*
Held Close
LeapFrog Climate Fund
$500m*
Held Close
Partners Group Life II
$500m*
Held Close
IMPACT Growth V
€400m*
Held Close
Nuveen Climate Inclusion Fund II
$400m*
Held Close
T2Y Capital I
€200m*
Held Close
Swen Blue Ocean II
€170m*
Held Close
2150 Urban Tech Sustainability Fund II
Not disclosed
Held Close
General Atlantic BeyondNetZero II
$5.0bn*
Raising
Tikehau Decarbonization Fund II
€2500m*
Raising
OGCI Decarbonization Acceleration Fund
$750m*
Raising
Vertevis Impact Investment Fund I
€200m*
Raising
Horizon Environment and Climate Solutions Fund 2
Not disclosed
Raising
Adjuvant Global Health Technology Fund
$300m
2019
RAISE Impact
€257m
2019
Summa Equity III
€2.3bn
2021
Generation IM Sustainable Solutions Fund IV
$1.7bn
2022
Environment Technologies Fund 4
€285m
2022
responsAbility Access to Clean Power Fund
$159m
2020
Allianz Impact Investment Fund
€130m
2020
Mirabaud Lifestyle Impact & lnnovation
€112m
2020
Capricorn Technology Impact Fund II
$510m
2021
Confirmed in market
Projected
Source: 
Preqin, UBS projections for fund sizes
Notes: 
Projections based on UBS estimates, % of capital called
 
* Represents target fund size for funds currently in the market
 
Bolded names indicate current UBS mandates
EMEA Impact Funds
"
UBS PFG - Global Funds Coming to Market_Q1 2026.pdf,59,"58
Fund Size
Status/Vintage
2026
2027 and Beyond
Zouk Growth Fund III
£420m
2021
Ambienta IV
€1.6bn
2022
Apollo Impact Mission Fund
$1.0bn
2022
Lightrock Climate Impact Fund
€835m
2022
Cibus Fund II
$510m
2022
World Fund II
€300m
2022
Palatine Impact Fund II
£150m
2022
Partners Capital 15 Degrees Fund
$143m
2022
KKR Global Impact Fund II
$3.0bn
2023
Ara Fund III
$2.8bn
2023
Apax Global Impact
$900m
2023
Planet First Partners I
€450m
2023
Astanor Ventures II
£360m
2023
Alder Fund III
SEK 3.1bn
2023
EQT Future
€3.0bn
2024
Verdane Idun II
€700m
2024
Vidia Climate Fund I
€415m
2024
FSN Capital Compass I
€400m
2024
TowerBrook Delta
$400m
2024
Algebris Green Transition Fund
€380m
2024
TiLT Capital Fund I
€320m
2024
2150 Tech Sustainability Fund II
€210m
2024
Miura Expansion Fund I
€135m
2024
Blue Horizon Growth II
$750m
2025
ABC Impact Fund II
$600m
2025
Confirmed in market
Projected
EMEA Impact Funds Cont.
Source: 
Preqin, UBS projections for fund sizes
Notes: 
Projections based on UBS estimates, % of capital called
 
* Represents target fund size for funds currently in the market
 
Bolded names indicate current UBS mandates
"
UBS PFG - Global Funds Coming to Market_Q1 2026.pdf,60,"59
Fund Size
Status/Vintage
2026
2027 and Beyond
Cow Corner Fund 2
£250m*
Held Close
Horizon Capital III
£245m*
Held Close
Harwood Private Equity VI
£200m*
Held Close
Key Capital Partners III
£125m*
Held Close
Hayfin PES III
€750m*
Raising
Graphite Capital Partners X
£600m*
Raising
Cutting Edge Fund II
$500m*
Raising
Osprey Fund I
€400m*
Raising
Livingbridge Enterprise 4
£400m*
Raising
Blixt Fund II
£300m*
Raising
Mobeus Fund III
£250m*
Raising
FPE Fund IV
£250m*
Raising
Alcuin Fund VI
£200m*
Raising
Pollen Street Capital Fund VI
€1.8bn*
2026
ECI 13
£1.3bn*
2026
Tenzing Private Equity IV
£909m*
2026
Synova Capital Fund VI
£875m*
2026
Phoenix Insight Fund III
£500m*
2026
Sovereign Capital VI
£400m*
2026
Scottish Equity Partners VII
£350m*
2026
Elysian Capital III
£325m*
2026
MML Enterprise Fund II
£250m*
2026
Vespa Capital III
£151m
2020
NorthEdge Capital Fund III
£250m
2021
Apiary Capital Fund II
£240m
2022
Aliter Capital II 
£134m
2022
Piper Private Equity VII
£105m
2022
Balderton Capital IX
$615m
2023
Confirmed in market
Projected
UK Funds
Source: 
Preqin, UBS projections for fund sizes
Notes: 
Projections based on UBS estimates, % of capital called
 
* Represents target fund size for funds currently / expected to be in the market
 
Bolded names indicate current UBS mandates
"
UBS PFG - Global Funds Coming to Market_Q1 2026.pdf,61,"60
Fund Size
Status/Vintage
2026
2027 and Beyond
Limerston Capital III
£350m*
2026
Cairngorm Capital Fund IV
£350m*
2026
BlueGem IV
€400m*
2026
Apposite Healthcare IV
£300m*
2026
Ansor Fund III
£250m*
2026
Bowmark Capital Partners VII
£900m
2023
Mayfair Equity Partners Fund III
£500m
2023
Inflexion Enterprise Fund VI
£975m
2024
Palatine Private Equity Fund V
£250m
2024
Hypha Fund I
£118m
2024
CBPE Capital Partners XI
£714m
2025
Kester Capital Fund IV
£425m
2025
Growth Capital Partners Fund VI
£411m
2025
Goldenpeak Fund I
£375m
2025
August Equity Partners VI
£350m
2025
Queen's Park Equity Partners II
£305m
2025
Rubicon Partners VI
£250m
2025
Beech Tree Private Equity Partners IV
£175m
2025
WestBridge Fund III
£220m
2026
Confirmed in market
Projected
UK Funds Cont.
Source: 
Preqin, UBS projections for fund sizes
Notes: 
Projections based on UBS estimates, % of capital called
 
* Represents target fund size for funds currently / expected to be in the market
 
Bolded names indicate current UBS mandates
"
UBS PFG - Global Funds Coming to Market_Q1 2026.pdf,62,"61
DACH Funds
Source: 
Preqin, UBS projections for fund sizes
Notes: 
Projections based on UBS estimates, % of capital called
 
* Represents target fund size for funds currently in the market
 
Bolded names indicate current UBS mandates
Fund Size
Status/Vintage
2026
2027 and Beyond
Genui Partners III
€1.0bn*
Raising
Capiton VII
€600m*
Raising
Armira III
€520m*
Raising
SHS VI
€500m
Raising
Borromin (fka Steadfast Capital) V
€400m*
Raising
Odewald & Compagnie (KMU) III
€250m*
Raising
Nord Holding Mittelstandsholding III
€600m*
Raising
Bregal Unternehmerkapital IV
€2.65bn
2024
ECM Equity Capital Management VI
€325m
Raising
MTIP III
€220m
2021
DBAG VIII
€1.1bn
2019
KKA Partners III
€230m*
Raising
Deutsche Private Equity (DPE) IV
€1.0bn
2020
Afinum Management IX
€420m
2021
Auctus Capital Partners V
€250m
2019
EMH Partners II
€650m
2020
Evoco TSE IV
€275m
2020
Premium Equity Partners III
€134m
2020
Novum II
€150m
2021
Pinova Capital III
€163m
2021
Paragon Partners IV
€1.2bn
2022
Confirmed in market
Projected
"
UBS PFG - Global Funds Coming to Market_Q1 2026.pdf,63,"62
DACH Funds Cont. 
Source: 
Preqin, UBS projections for fund sizes
Notes: 
Projections based on UBS estimates, % of capital called
 
* Represents target fund size for funds currently in the market
 
Bolded names indicate current UBS mandates
Fund Size
Status/Vintage
2026
2027 and Beyond
Quadriga Capital VI
€500m
2022
Maxburg Capital Partners IV
€450m
2022
Yttrium (fka Digital+) II
€403m
2022
Maguar Capital II
€306m
2022
Adiuva III
€300m
2022
Nordwind Growth Fund II
€200m
2022
Palero Capital IV
€100m
2022
Invision VII
€550m
2023
Vidia Climate Fund I
€452m
2023
EMERAM Capital Partners II
€400m
2023
Eevolve I
€372m
2023
Bid Equity III
€310m
2023
Flex Capital III
€300m
2023
EOS Capital Partners II
€300m
2023
Sophora II
€200m
2023
Beyond Capital Partners III
€181m
2023
Marondo Small Cap
€100m
2023
Castik Capital III
€2.00bn
2024
Elvaston Capital Management VI
€663m
2024
Confirmed in market
Projected
"
UBS PFG - Global Funds Coming to Market_Q1 2026.pdf,64,"63
DACH Funds Cont. 
Source: 
Preqin, UBS projections for fund sizes
Notes: 
Projections based on UBS estimates, % of capital called
 
* Represents target fund size for funds currently in the market
 
Bolded names indicate current UBS mandates
Fund Size
Status/Vintage
2026
2027 and Beyond
LEA Partners III
€565m
2024
Capmont Mid-Cap II
€500m
2024
Endeavour Medtech Growth III
CHF375m
2024
DBAG Expansion Capital Fund IV
€350m
2024
Orlando Management Special Situations VI
€320m
2024
Crosslantic III
€200m
2024
Cadence Growth II
€200m
2024
Constellation Capital VI
€85m
2024
Ufenau VIII
€2.1bn
2025
Aurelius European Opportunities V
€750m
2025
Greenpeak III
€300m
2025
Confirmed in market
Projected
"
UBS PFG - Global Funds Coming to Market_Q1 2026.pdf,65,"64
Fund Size
Status/Vintage
2026
2027 and Beyond
IceLake Capital Fund III
€700m*
Held Close
Bencis Buyout Fund VII
€625m*
Held Close
H2 Equity Partners Fund VII
€300m*
Held Close
NewPort Buyout Fund III
€200m*
Held Close
One Two Capital
€100m*
Held Close
365 Capital Fund II
€255m*
Held Close
Foreman Capital Fund II
TBD*
Raising
HPE Growth Fund III
€350m*
Raising
Nyver Capital Management 
€250m*
Raising
Fields Fund III
€140m*
Raising
Lexar Partners Fund II
€120m*
Raising
Capital A Fund IV
€358m
2021
Main Capital VIII
€1,900m
2024
Main Foundation II
€507m
2024
Quadrum Investment Fund IV
€425m
2024
Gilde Healthcare VI
€740m
2023
Waterland Private Equity Fund IX 
€3500m
2023
Avedon IV
€600m
2020
Nordian Fund III
€320m
2020
M80 Capital Comm. V
€210m
2021
Apheon (Ergon Capital Partners V)
€800m
2022
Mentha Capital VII
€264m
2022
Sofindev VI
€250m
2022
Torqx Capital Partners Fund II
€230m
2022
Synergia Capital Fund VI
€200m
2022
Connected Capital & Partners Fund II
€154m
2022
Parcom Buyout Fund VII
€960m
2023
Confirmed in market
Projected
Benelux
Source: 
Preqin, UBS projections for fund sizes
Notes: 
Projections based on UBS estimates, % of capital called
 
* Represents target fund size for funds currently in the market
 
Bolded names indicate current UBS mandates
"
UBS PFG - Global Funds Coming to Market_Q1 2026.pdf,66,"65
Fund Size
Status/Vintage
2026
2027 and Beyond
Gilde Healthcare VI
€740m
2023
Fortino Capital PE II
€377m
2023
Strada Partners Fund I
€200m
2023
Rivean Capital Fund VII
€1,650m
2024
Delta Equity Partners Technology & Health Fund II
TBD*
2022
Holland Capital Growth & Buyout Fund V
€225m
2024
Syntagma Capital I
€200m
2024
D2E III
€170m
2024
Vortex Capital Partners Buyout Fund IV
€145m
2024
Gilde Equity Management Benelux VI
€600m
2025
Vendis Capital IV
€525m
2025
Gilde Healthcare Climate Solutions Fund
€300m
2025
365 Capital Fund II
€235m
2025
Confirmed in market
Projected
Benelux contd.
Source: 
Preqin, UBS projections for fund sizes
Notes: 
Projections based on UBS estimates, % of capital called
 
* Represents target fund size for funds currently in the market
 
Bolded names indicate current UBS mandates
"
UBS PFG - Global Funds Coming to Market_Q1 2026.pdf,67,"66
France
Source: 
Preqin, UBS projections for fund sizes
Notes: 
Projections based on UBS estimates, % of capital called
 
* Represents target fund size for funds currently in the market
 
Bolded names indicate current UBS mandates
Fund Size
Status/Vintage
2026
2027 and Beyond
Ardabelle Capital
500m*
Held Close
Motion Equity Partners V
450m*
Held Close
Andera Expansion 4
400m*
Held Close
Cathay Capital Growth Fund II
385m*
Held Close
Apax Development Fund II
350m*
Held Close
Xagne 5
250m*
Held Close
Initiative & Finance PME IV
230m*
Held Close
Capital Santé 3
200m*
Held Close
FNB Europe Fund II 
200m*
Held Close
21 Invest Healthcare
150m*
Held Close
Abénex Small Cap Fund II
150m*
Held Close
Prudentia Capital 2
120m*
Held Close
IXO PME II
100m*
Held Close
Naxicap Investment Opportunities III
1.2bn*
Raising
Sagard MidCap V
1.0bn*
Raising
Siparex Midcap VI
750m*
Raising
Sagard NewGen II
400m*
Raising
Latour Small Cap I
TBD*
Raising
NiXEN II
200m
2018
Ekkio Capital IV
161m
2018
Vivalto Capital I
690m
2021
Abénex Mid-Cap Fund VI
600m
2021
Mérieux Participations 4
570m
2021
Argos Wityu Mid-Market VIII
450m
2021
MBO+ Capital 5
320m
2021
Azulis Capital Middle Market Fund VI
280m
2021
Activa Capital Fund IV
200m
2021
Confirmed in market
Projected
"
UBS PFG - Global Funds Coming to Market_Q1 2026.pdf,68,"67
France Cont.
Source: 
Preqin, UBS projections for fund sizes
Notes: 
Projections based on UBS estimates, % of capital called
 
* Represents target fund size for funds currently in the market
 
Bolded names indicate current UBS mandates
Fund Size
Status/Vintage
2026
2027 and Beyond
Eurazeo Planetary Boundaries Fund
1.0bn
2021
Vespa Capital France III
122m
2022
Extens Fund 3
106m
2022
Adagia Capital Europe
1.1bn
2022
Hivest II
300m
2022
Arev I
307m
2022
Montefiore Investment VI
1.4bn
2023
Qualium Fund III
535m
2023
Parquest Capital 3
414m
2023
RB Capital France 2 (B& Capital)
315m
2023
Meanings Fund IV
300m
2023
21 Invest France VI
250m
2023
Ciclad 7
190m
2023
Momentum Invest II
158m
2023
Aldebaran Transformation Fund I
150m
2023
Andera MidCap 5
752m
2023
UI Investissement Cap 7
120m
2023
Ardian Expansion Fund VI
3.2bn
2024
Chequers Capital XVIII
1.2bn
2024
Demea Invest III
300m
2024
Weinberg Capital Partners IV
215m
2024
FCDE Fund III
400m
2025
Lauxera Growth II
400m
2025
Verto Growth II
330m
2025
Sparring Capital Fund 3
280m
2025
Galiena Capital III
165m
2025
LT Capital IV
144m
2025
Confirmed in market
Projected
"
UBS PFG - Global Funds Coming to Market_Q1 2026.pdf,69,"68
Southern Europe - Italy
Source: 
Preqin, UBS projections for fund sizes
Notes: 
Projections based on UBS estimates, % of capital called
 
* Represents target fund size for funds currently in the market
 
Bolded names indicate current UBS mandates
Fund Size
Status/Vintage
2026
2027 and Beyond
Armonia Italy Fund II
350m*
Held Close
Green Arrow Private Equity Fund 4
350m*
Held Close
Aliante IV
300m*
Held Close
NB Renaissance Partners IV
1.2bn*
Raising
Clessidra Capital Partners V
600m*
Raising
Style Capital III
500m*
Raising
Hyle Capital Partners Fund II
300m*
Raising
Aksia Capital V
275m*
Raising
Star V
200m*
Raising
Equinox III
360m
2019
Taste of Italy Fund 2
330m
2020
Consilium Private Equity Fund IV
110m
2022
21 Invest Italy VI
316m
2023
Alto Capital V
273m
2023
Xenon VIII
500m
2024
Wisequity VI
400m
2024
Progressio Investimenti IV
300m
2024
Gradiente III
209m
2024
Bravo Capital Partners III
226m
2025
Confirmed in market
Projected
"
UBS PFG - Global Funds Coming to Market_Q1 2026.pdf,70,"69
Southern Europe - Iberia
Source: 
Preqin, UBS projections for fund sizes
Notes: 
Projections based on UBS estimates, % of capital called
 
* Represents target fund size for funds currently in the market
 
Bolded names indicate current UBS mandates
Fund Size
Status/Vintage
2026
2027 and Beyond
Portobello Capital Fund V
600m*
Held Close
Nazca Aeroespacial y Defensa I
600m*
Held Close
Alantra Private Equity Fund IV
300m*
Held Close
GPF Capital IV
300m*
Held Close
Buenavista Buyout III
250m*
Held Close
ABE Private Equity Fund II
200m*
Held Close
Blackpearl Fund III
150m*
Held Close
MCH Iberian Capital Fund VI
500m*
Raising
Magnum Partners IV
475m*
Raising
Buenavista Buyout III
250m*
Raising
Aleos Capital Fund I
150m*
Raising
Suma Capital Growth Fund II
160m
2019
Vallis Sustainable Investments II
151m
2019
Abac Sustainable Value II
350m
2022
Aurica IV
300m
2022
Espiga Equity Fund II
165m
2022
Artá Capital III
404m
2023
Diana Capital III
181m
2023
Explorer Growth Fund VI
100m
2023
ProA Capital Iberian Buyout Fund IV
655m
2024
Miura Fund IV
475m
2024
Nexxus Iberia Fund II
241m
2024
Henko Capital Partners II
175m
2024
Corpfin Capital VI
300m
2025
Sherpa Operational Value V
260m
2025
Axon Partners Innovation Growth III
250m
2025
Queka Real Partners PEF 2
209m
2025
Confirmed in market
Projected
"
UBS PFG - Global Funds Coming to Market_Q1 2026.pdf,71,"70
Nordics
Source: 
Preqin, UBS projections for fund sizes
Notes: 
Projections based on UBS estimates, % of capital called
 
* Represents target fund size for funds currently in the market
 
Bolded names indicate current UBS mandates
Fund Size
Status/Vintage
2026
2027 and Beyond
Solix IV
€500m*
Held Close
GRO Capital IV
DKK 5.0bn
Raising
Polaris VI
TBC*
Raising
eEquity Fund V
TBC*
Raising
Norvestor X
TBC*
Raising
Altor Fund VII
TBC*
Raising
Axcel VIII
TBC*
Announced
Intera Fund V
TBC*
Announced
DevCo IV
€260m
2021
MB Equity Fund VI
€173m
2021
Blue Equity III
DKK 750m
2021
Amplio I
SEK 667m
2021
Verdane Edda III
€1.1bn
2022
Vaaka Partners Buyout IV
€250m
2022
Valedo Partners Fund IV
SEK 2.0bn
2022
Standout Capital II
SEK 1.65bn
2022
FSN Capital VI
€1.8bn
2020
CapMan Buyout XI
€190m
2020
Summa Equity Fund III
€2.3bn
2022
Procuritas Capital Investors VII
€407m
2022
Fidelio Capital III
€1.1bn
2023
Confirmed in market
Projected
"
UBS PFG - Global Funds Coming to Market_Q1 2026.pdf,72,"71
Nordics Cont.
Source: 
Preqin, UBS projections for fund sizes
Notes: 
Projections based on UBS estimates, % of capital called
 
* Represents target fund size for funds currently in the market
 
Bolded names indicate current UBS mandates
Fund Size
Status/Vintage
2026
2027 and Beyond
Alder Fund III
SEK 3.2bn
2023
Equip Capital Fund II
NOK 3.0bn
2023
Accent Equity Fund VII
SEK 2.25bn
2023
Catacap III
€190m
2023
Longship Fund III
NOK 2.1bn
2023
Capidea Kapital IV
€168m
2023
Ceder Capital 3
SEK 1.5bn
2023
Adelis Equity Partners IV
€1.6bn
2024
Impilo II
€700m
2024
Verdane Idun II (Impact Fund)
€700m
2024
Creandum VII
€500m
2024
FSN Compass I
€410m
2024
Priveq Investment Fund VII
SEK 3.0bn
2024
Celero Capital I
€275m
2024
VIA Equity Fund V
€250m
2024
Sponsor Fund VI
€231m
2024
Systematic Growth Fund IV
€215m
2024
Consolid Equity III
€210m
2024
Gro Generation I
€150m
2024
Verdane Capital Freya XII
€2.0bn
2025
HitecVision New Energy Fund 2
€1.5bn
2025
Monterro V
€1.4bn
2025
Monterro G2
€350m
2025
MVI Fund III
SEK 2.0bn
2025
Confirmed in market
Projected
"
UBS PFG - Global Funds Coming to Market_Q1 2026.pdf,73,"72
Infrastructure—Generalist (Core+ & Value-Add)
Source: 
Preqin, UBS projections for fund sizes
Notes: 
* Represents target fund size for funds currently in the market
 
Bolded names indicate current UBS mandates
 
Fund Size
Status/Vintage
2026
2027 and Beyond
KKR Global Infrastructure Investors V
$20.0bn*
Held Close
Stonepeak Infrastructure Partners V
$15.0bn*
Held Close
Partners Group Direct Infrastructure IV
$8.0bn*
Held Close
InfraVia European Fund VI
€7.5bn*
Held Close
Apollo Infrastructure Opportunities Fund III
$2.3bn*
Held Close
Tiger Infrastructure Partners Fund IV
$1.5bn*
Held Close
Infracapital Partners IV
€1.2bn*
Held Close
Swiss Life Funds (Lux) Global Infrastructure Opportunities 
Growth II
€1.0bn*
Held Close
PATRIZIA European Infrastructure Fund III
€600m*
Held Close
Meanings Infrastructure Fund
€400m*
Held Close
DWS Pan-European Infrastructure Fund IV
$4.3bn*
Held Close
DIF Value-Add IV
TBC*
Held Close
ISQ Global Infrastructure Fund IV
$15.0bn*
Raising
Igneo European Diversified Infrastructure Fund IV
€4.0bn*
Raising
Investcorp Corsair Infrastructure Partners Fund I
$1.5bn*
Raising
InfraRed Infrastructure Fund VII
$1.5bn*
Raising
Cube Infrastructure Fund IV
TBC*
Raising
Carlyle Global Infrastructure Opportunity Fund II
TBC*
Raising
Infracapital Greenfield Infrastructure Fund II
£1.3bn
2019
UBS Archmore International Infrastructure III
$1.0bn
2019
Confirmed in market
Projected
"
UBS PFG - Global Funds Coming to Market_Q1 2026.pdf,74,"73
Infrastructure—Generalist (Core+ & Value-Add) Cont.
Source: 
Preqin, UBS projections for fund sizes
Notes: 
* Represents target fund size for funds currently in the market
 
Bolded names indicate current UBS mandates
 
Fund Size
Status/Vintage
2026
2027 and Beyond
Union Investment Infrastructure Fund II
€442m
2019
Alinda Infrastructure Fund IV
$1.0bn
2020
West Street Infrastructure Partners IV
$4.0bn
2021
Antin Infrastructure Mid Cap I
€2.2bn
2021
Brookfield Infrastructure Fund V
$28.0bn
2022
Macquarie European Infrastructure Fund VII
€8.0bn
2022
Macquarie Infrastructure Partners VI
$6.8bn
2022
North Haven Infrastructure Partners IV
$4.1bn
2022
Stonepeak Opportunities Fund
$3.2bn
2022
Basalt Infrastructure Partners IV
$2.7bn
2022
Ancala Infrastructure Fund III
€1.4bn
2022
Ara Infrastructure Fund I
$500m
2022
CapMan Nordic Infrastructure II
€375m
2022
Aberdeen Global Infrastructure Partners III
$368m
2022
Antin Infrastructure Partners V
€10.2bn
2022
Global Infrastructure Partners V
$25.2bn
2023
EQT Infrastructure VI
€21.5bn
2023
Northleaf Infrastructure Capital Partners IV
$2.6bn
2023
Quaero European Infrastructure Fund III
€1.4bn
2023
Marguerite III
€700m
2023
Confirmed in market
Projected
"
UBS PFG - Global Funds Coming to Market_Q1 2026.pdf,75,"74
Source: 
Preqin, UBS projections for fund sizes
Notes: 
* Represents target fund size for funds currently in the market
 
Bolded names indicate current UBS mandates
 
Infrastructure—Generalist (Core+ & Value-Add) Cont.
Fund Size
Status/Vintage
2026
2027 and Beyond
Ardian Infrastructure Fund VI
€11.5bn
2024
Asterion Industrial Infra Fund III
€3.4bn
2024
iCON Infrastructure Partners VII
$3.7bn
2025
ICG Infrastructure Fund II
€3.2bn
2025
Arcus European Infrastructure Fund 4
€3.0bn
2026
DSE Infratech II
$10.0bn
Open Ended
Confirmed in market
Projected
"
UBS PFG - Global Funds Coming to Market_Q1 2026.pdf,76,"75
Source: 
Preqin, UBS projections for fund sizes
Notes: 
* Represents target fund size for funds currently in the market
 
Bolded names indicate current UBS mandates
 
Infrastructure—Generalist (Core)
Fund Size
Status/Vintage
2026
2027 and Beyond
DIF Infrastructure VIII
€6.0bn*
Held Close
Equitix Fund VII
£1.5bn*
Held Close
Equitix European Infrastructure II
€1.0bn*
Held Close
Global Infrastructure Partners Core Fund
$5.0bn*
Raising
Vauban Core Infrastructure Fund V
€2.5bn*
Raising
Swiss Life Funds (lux) Global Infrastructure Opportunities IV
€2.5bn*
Raising
Arjun Infrastructure Alliance Europe 3
€2.5bn*
Raising
MEAG European Infrastructure I
€600m*
Raising
RiverRock Brownfield Infrastructure Fund II
€400m*
Raising
Macquarie Super Core Infrastructure Fund Series 3
TBC
Raising
Schroders Mid Infra Equity II
€500m
Announced
Infranode II
€1.2bn
2019
Reichmuth Infrastructure II CIP
₣320m
2019
Fondo ANIA F2i
€516m
2020
Wren House Infrastructure LP
$5.0bn
2021
Meridiam Infrastructure Europe IV
€2.3bn
2021
Allianz European Infrastructure Equity Fund II
€1.5bn
2022
Aberdeen Standard Core Infrastructure III
€585m
2022
ACIF Infrastructure II
€396m
2022
Federated Hermes Diversified Infrastructure Fund
£1.4bn
2023
Confirmed in market
Projected
"
UBS PFG - Global Funds Coming to Market_Q1 2026.pdf,77,"76
Infrastructure—Generalist (Core) Cont.
Source: 
Preqin, UBS projections for fund sizes
Notes: 
* Represents target fund size for funds currently in the market
 
Bolded names indicate current UBS mandates
 
Fund Size
Status/Vintage
2026
2027 and Beyond
IFM Global Infrastructure
$57.2bn
Open Ended
Blackstone Infrastructure Partners
$48.6bn
Open Ended
JP Morgan Infrastructure Investments
$38.4bn
Open Ended
KKR Diversified Core Infrastructure Fund
$10.2bn
Open Ended
Igneo Global Diversified Infrastructure Fund 
$10.0bn
Open Ended
Brookfield Super-Core Infrastructure Partners
$10.0bn
Open Ended
Stonepeak Core Fund
$5.0bn
Open Ended
The Morrison & Co Infrastructure Partnership
$3.0bn
Open Ended
Harrison Street Infrastructure Fund
$2.5bn
Open Ended
Fiera EagleCrest Infrastructure
$2.2bn
Open Ended
EQT Active Core Infrastructure II
TBC
Open Ended
Confirmed in market
Projected
"
UBS PFG - Global Funds Coming to Market_Q1 2026.pdf,78,"77
Infrastructure—Renewables and Energy Transition 
(Core+ & Value-Add)
Source: 
Preqin, UBS projections for fund sizes
Notes: 
* Represents target fund size for funds currently in the market
 
Bolded names indicate current UBS mandates
 
Fund Size
Status/Vintage
2026
2027 and Beyond
TPG Rise Climate II
$8.0bn*
Held Close
KKR Global Climate Fund
$7.0bn*
Held Close
BlackRock Global Renewable Power Fund IV
$7.0bn*
Held Close
Copenhagen Infrastructure Growth Markets Fund II
$3.0bn*
Held Close
Vision Ridge Sustainable Asset Fund IV
$2.5bn*
Held Close
ISQ Energy Transition Fund
$2.0bn*
Held Close
Carlyle Renewable and Sustainable Energy Fund II
$1.6bn*
Held Close
NextPower V ESG
$1.5bn*
Held Close
Foresight Energy Infrastructure Partners II
€1.3bn*
Held Close
Infragreen V
€1.2bn*
Held Close
EIG Energy Transition Fund II
€1.0bn*
Held Close
Vesper Next Generation Infrastructure Fund I
€800m*
Held Close
Slate Cities and Communities Infrastructure Fund
$550m*
Held Close
Alantra Titan Fund
€525m*
Held Close
White Summit Capital Decarbonisation Infrastructure Fund II 
€500m*
Held Close
Reichmuth Next Gen Mobility
€500m*
Held Close
Tikehau Green Assets I
€500m*
Held Close
Octopus Energy Transition Fund (OETF)
£500m*
Held Close
FIEE Italian Energy Efficiency Fund III
€400m*
Held Close
Serena Infra II
€300m*
Held Close
Confirmed in market
Projected
"
UBS PFG - Global Funds Coming to Market_Q1 2026.pdf,79,"78
Source: 
Preqin, UBS projections for fund sizes
Notes: 
* Represents target fund size for funds currently in the market
 
Bolded names indicate current UBS mandates
 
Infrastructure—Renewables and Energy Transition 
(Core+ & Value-Add) Cont.
Fund Size
Status/Vintage
2026
2027 and Beyond
KGAL ESPF 6
€250m*
Held Close
EOS Next Transition Fund II
€200m*
Held Close
Apollo Clean Transition Equity Partners II
TBC
Held Close
BlackRock Global Energy Transition Megatrend Fund
$7.5bn*
Raising
ECP VI
$5.0bn*
Raising
Qualitas Energy VI
€3.3bn*
Raising
Sandbrook Climate Infrastructure Fund II
$2.0bn*
Raising
Equitix Sustainable Greenfield Fund
€1.0bn*
Raising
Frontier Renewables European Fund I
€1.0bn*
Raising
Zouk Capital Fund IV
€500m*
Raising
Equitix UK Electricity Storage Fund
€500m*
Raising
Actis Energy 6
TBC
Raising
EQT Transition Infrastructure
TBC
Raising
Blackstone Energy Transition Partners V
TBC
Raising
Greencoat Bioenergy I
£500m
Announced
Eurazeo Transition Infrastructure Fund II
TBC
Announced
VLC Renewables Fund 1
€200m
2018
Infranode II
€1.2bn
2019
Everwood Photovoltaic V
€500m
2020
Crédit Mutuel Siloé Infrastructures
€350m
2020
Confirmed in market
Projected
"
UBS PFG - Global Funds Coming to Market_Q1 2026.pdf,80,"79
Source: 
Preqin, UBS projections for fund sizes
Notes: 
* Represents target fund size for funds currently in the market
 
Bolded names indicate current UBS mandates
 
Infrastructure—Renewables and Energy Transition 
(Core+ & Value-Add) Cont.
Fund Size
Status/Vintage
2026
2027 and Beyond
Crédit Mutuel Siloé Infrastructures
€350m
2020
Capital Dynamics Clean Energy Infrastructure Fund X
$315m
2020
CI Energy Transition Fund I
€3.0bn
2021
Andera Smart Infra
€233m
2021
Niam Infrastructure I
€133m
2021
Hy24 Clean H2 Infra Fund
€2.0bn
2022
Nuveen Clean Energy Fund Europe IV
€2.0bn
2022
Omnes Capenergie 5
€1.4bn
2022
Antin Infrastructure NextGen Fund I
€1.2bn
2022
Copenhagen Infrastructure Advanced Bioenergy Fund I
€750m
2022
Algebris Green Transition Fund
€380m
2022
SC Climate Impact Fund III
€300m
2022
Asper Dhuk
£220m
2022
Copenhagen Infrastructure V
€12.0bn
2023
Ares Climate Infrastructure Partners II
$3.0bn
2023
Just Climate Fund I
$1.5bn
2023
Glentra Fund I
€565m
2023
ALTÉRRA Acceleration
$30.0bn
2024
Brookfield Global Transition Fund 2
$20.0bn
2024
HitecVision New Energy Fund II
€1.5bn
2024
Confirmed in market
Projected
"
UBS PFG - Global Funds Coming to Market_Q1 2026.pdf,81,"80
Source: 
Preqin, UBS projections for fund sizes
Notes: 
* Represents target fund size for funds currently in the market
 
Bolded names indicate current UBS mandates
 
Infrastructure—Renewables and Energy Transition 
(Core+ & Value-Add) Cont.
Fund Size
Status/Vintage
2026
2027 and Beyond
Altor ACT I
€1.1bn
2024
Rockland Power Partners V
$1.2bn
2025
Pioneer Infrastructure Partners II
€1.1bn
2025
SUSI Energy Transition Fund (OECD)
€800m
Open Ended
Confirmed in market
Projected
"
UBS PFG - Global Funds Coming to Market_Q1 2026.pdf,82,"81
Source: 
Preqin, UBS projections for fund sizes
Notes: 
* Represents target fund size for funds currently in the market
 
Bolded names indicate current UBS mandates
 
Infrastructure—Renewables and Energy Transition (Core)
Fund Size
Status/Vintage
2026
2027 and Beyond
EIP Energy Infrastructure III
€4.0bn*
Held Close
Octopus Energy Offshore Wind Fund (Vector)
£3.0bn*
Held Close
AIP V
€3.0bn*
Held Close
Mirova Energy Transition 6
€2.2bn*
Held Close
Greencoat Renewable Income Fund
£1.0bn*
Held Close
Taaleri SolarWind III
€600m*
Held Close
Reichmuth Sustainable Infrastructure
€500m*
Held Close
Sustainable Growth Infrastructure Fund
€500m*
Held Close
Épopée Infra Climat I
€300m*
Held Close
Modus Clean Energy Infrastructure Fund
€200m*
Held Close
Stonepeak Global Renewables Fund II
$5.0bn*
Raising
Luxcara Flaveo V
€2.0bn*
Raising
Reed Sustainable Infrastructure Fund I
€1.5bn*
Raising
Gresham House British Sustainable Infrastructure Fund III LP
£750m*
Raising
Encavis Infrastructure Fund V
€600m*
Raising
Conquest Infrastructure Sustainable 2
€250m*
Raising
NTR Renewable Energy Income Fund II
€306m
2018
ABN AMRO Energy Transition Fund
€200m
2018
Macquarie GIG Global Renewables Fund II
$1.9bn
2020
Aquila Energy Infrastructure Fund I
€750m
2020
Confirmed in market
Projected
"
UBS PFG - Global Funds Coming to Market_Q1 2026.pdf,83,"82
Source: 
Preqin, UBS projections for fund sizes
Notes: 
* Represents target fund size for funds currently in the market
 
Bolded names indicate current UBS mandates
 
Infrastructure—Renewables and Energy Transition (Core) Cont.
Fund Size
Status/Vintage
2026
2027 and Beyond
CR Institutional Infrastructure Multi-Asset Fund II
€500m
2020
Helia Renovables IV
€213m
2020
SWEN Impact Fund for Transition 2
€583m
2021
Impax New Energy Investors IV
€459m
2021
Vortex Energy IV
$400m
2021
Glenmont Clean Energy Fund Europe IV
€2.0bn
2022
Demeter Climate Infrastructure Fund
€250m
2022
Macquarie Green Energy Transition Solutions
$2.4bn
2023
CMA CGM Pulse
$1.5bn
2023
Prime Green Energy Infrastructure Fund II
€1.0bn
2023
SDCL Green Energy Solutions Fund
€650m
2023
L&G NTR Clean Power (Europe) Fund
€584m
2023
Tages Helios Net Zero
€554m
2023
ABN AMRO Sustainable Impact Fund
€425m
2023
Quinbrook Infrastructure Partners III - Net Zero Power Fund
$3.0bn
2024
IFM Core Energy Transition Fund
$3.0bn
Open Ended
Ardian Clean Energy Evergreen Fund
€1.0bn
Open Ended
HIH Green Energy Invest
€750m
Open Ended
Confirmed in market
Projected
"
UBS PFG - Global Funds Coming to Market_Q1 2026.pdf,84,"APAC Funds Coming to Market
Section 3
"
UBS PFG - Global Funds Coming to Market_Q1 2026.pdf,85,"84
Selected GPs — Pan-Asia / Regional
Source: 
Preqin, UBS projections for fund sizes
Notes: 
Projections based on UBS estimates, % of capital called
 
1. USD unless otherwise stated
 
* Represents target fund size for funds currently in the market
Most Recent
Fund Size ($)1
Type
Status / Vintage
2026
2027 and Beyond
Advantage Partners Asia Fund II
600m*
Buyout
Raising
Bain Capital Asia VI
9.0bn*
Buyout
Raising
Baring Asia Private Equity Fund IX
12.5bn*
Buyout
Raising
Blackstone Capital Partners Asia III
10.0bn*
Buyout
Raising
CBC Fund VI
1.5bn*
Buyout
Raising
CDIB Buyout Partner
TBD
Buyout
Raising
L Catterton Asia II
600m*
Buyout
Raising
LYFE Capital Fund V
1.0bn*
Buyout
Raising
OrbiMed Asia Partners VI
850m*
Growth
Raising
Hillhouse Fund VI
8.0bn*
Buyout
Raising
KKR Asian Fund V
15.0bn*
Buyout
Raising
ShawKwei Asia Value Fund 2017
812m
Buyout 
2017
Affinity Asia Pacific Fund V
6.0bn
Buyout
2018
Warburg Pincus China-Southeast Asia II
4.5bn
Growth
2019
Gateway Fund II
541m
Growth
2021
PAG Asia IV
4.0bn
Buyout
2022
TPG Asia VIII
5.3bn
Buyout
2022
Olympus Capital Asia V
330m
Growth
2015
ADV Opportunities Fund II
637m
Growth
2018
North Haven Private Equity Asia V
800m
Buyout
2018
CVC Capital Partners Asia Pacific VI
6.8bn
Buyout
2022
NewQuest Asia Fund V
981m
Secondaries
2022
TR Capital Fund V
401m
Secondaries
2022
Confirmed in market
Projected
"
UBS PFG - Global Funds Coming to Market_Q1 2026.pdf,86,"85
Selected GPs — Pan-Asia / Regional (cont’d)
Source: 
Preqin, UBS projections for fund sizes
Notes: 
Projections based on UBS estimates, % of capital called
 
1. USD unless otherwise stated
 
* Represents target fund size for funds currently in the market
Most Recent
Fund Size ($)1
Type
Status / Vintage
2026
2027 and Beyond
Capital Square Partners Fund II
700m
Buyout
2023
Carlyle Asia Partners VI
3.0bn
Buyout
2023
MBK Partners VI
5.5bn
Buyout
2023
Confirmed in market
Projected
"
UBS PFG - Global Funds Coming to Market_Q1 2026.pdf,87,"86
Selected GPs — Australia / New Zealand
Source: 
Preqin, UBS projections for fund sizes
Notes: 
Projections based on UBS estimates, % of capital called
 
1. USD unless otherwise stated
 
* Represents target fund size for funds currently in the market
Most Recent
Fund Size ($)1
Type
Status / Vintage
2026
2027 and Beyond
Advent Partners Fund IV
A$600m*
Buyout
Raising
Allegro Fund V
A$900m*
Buyout
Raising
Five V Fund VI
TBD
Buyout
Raising
Goldstone Private Equity Fund II
A$250m*
Buyout
Raising
Next Capital VI
A$400m*
Buyout
Raising
Potentia Capital III
A$750m*
Buyout
Raising
Tasman Capital Partners IV
A$400m*
Growth
Raising
Whiteoak Growth Fund II
A$200m*
Growth
Raising
Quadrant Private Equity No. 7
A$1.2bn
Buyout
2020
Armitage Associates Fund IV
A$300m
Buyout
2022
Adamantem Capital Fund II
A$795m
Buyout
2021
CPE Capital 9
A$750m
Buyout
2022
Crescent Capital Partners VII
A$1.0bn
Buyout
2022
Anchorage Capital Partners IV
A$505m
Turnaround
2023
Pemba Capital Partners Fund III
A$625m
Buyout
2023
Seidler Equity Australia Fund II
A$260m
Buyout
2021
BGH Capital Fund II
A$3.6bn
Buyout
2022
Riverside Australia Fund IV
A$300m
Buyout
2023
Colinton Capital Partners Fund II
A$200m
Buyout
2024
Genesis Capital Fund II
A$350m
Buyout
2024
Nash Capital Fund I
A$100m
Growth
2024
Pacific Equity Partners Fund VII
A$3.2bn
Buyout
2024
Anacacia Private Equity V
A$280m
Buyout
2025
Confirmed in market
Projected
"
UBS PFG - Global Funds Coming to Market_Q1 2026.pdf,88,"87
Selected GPs — Australia / New Zealand VC
Source: 
Preqin, UBS projections for fund sizes
Notes: 
Projections based on UBS estimates, % of capital called
 
1. USD unless otherwise stated
 
* Represents target fund size for funds currently in the market
Most Recent
Fund Size ($)1
Type
Status / Vintage
2026
2027 and Beyond
Blackbird Ventures 2025
TBD
Venture
Raising
Square Peg Capital 2025 Fund 6
350m*
Early Stage
Raising
Five V VC Fund II
A$71m
Early Stage
2023
Brandon Capital Partners BB6
A$439m
Early Stage / Seed
2024
AirTree Core Fund V Partnership
A$650m
Early Stage
2025
Confirmed in market
Projected
"
UBS PFG - Global Funds Coming to Market_Q1 2026.pdf,89,"88
Selected GPs — Greater China
Source: 
Preqin, UBS projections for fund sizes
Notes: 
Projections based on UBS estimates, % of capital called
 
1. USD unless otherwise stated
 
* Represents target fund size for funds currently in the market
Most Recent
Fund Size ($)1
Type
Status / Vintage
2026
2027 and Beyond
AGIC Fund III
1.2bn*
Buyout
Raising
BA Capital USD Fund II
150m*
Growth
Raising
Firstlight Capital Fund I
1.0bn*
Buyout
Raising
Hopu Fund IV
2.5bn*
Buyout
Raising
Ascendent Capital Partners III
950m
Buyout
2019
Boyu Capital Fund V
5.0bn
Growth
2021
Centurium Capital Partners Fund II
1.5bn
Buyout
2021
CPE China Fund IV
3.2bn
Buyout
2021
GL Capital China Opportunities Fund IV
483m
Buyout
2021
GenBridge Fund II
400m
Growth
2023
Lunar Capital Partners IV
300m
Buyout
2015
Hony Capital Fund VIII
2.6bn
Buyout
2016
Welkin Capital Partners Fund II
160m
Growth
2016
Yunfeng Fund III
2.5bn
Growth
2016
Ally Bridge Group Flagship
300m
Buyout
2017
BioVeda China Fund IV
158m
Growth
2017
CMC Capital Partners Fund III
950m
Growth
2018
ClearVue Partners III
360m
Growth
2019
Ocean Link Partners II
580m
Growth
2019
Oceanpine USD Fund II
400m
Growth
2019
Auster Fund I
650m
Buyout
2020
CDH Fund VI
1.5bn
Buyout
2020
DCP Capital Partners II
2.6bn
Buyout
2020
Confirmed in market
Projected
"
UBS PFG - Global Funds Coming to Market_Q1 2026.pdf,90,"89
Selected GPs — Greater China (cont’d)
Source: 
Preqin, UBS projections for fund sizes
Notes: 
Projections based on UBS estimates, % of capital called
 
1. USD unless otherwise stated
 
* Represents target fund size for funds currently in the market
Most Recent
Fund Size ($)1
Type
Status / Vintage
2026
2027 and Beyond
Hosen Private Equity Fund III
800m
Buyout / Growth
2020
Loyal Valley Capital Advantage Fund III
1.0bn
Growth
2020
Trustbridge Partners VII
1.7bn
Growth
2020
Eastern Bell Capital USD Fund II
800m
Growth
2021
Forebright New Opportunities Fund III
520m
Growth
2021
Gaocheng Fund II
968m
Growth
2021
Genesis Capital Fund III
630m
Growth
2021
Huaxing Growth Capital Fund IV
797m
Growth
2021
Maison Capital Fund V
RMB1.5bn
Growth
2021
Nexus Point Partners II
600m
Buyout
2021
Orchid Asia VIII
1.6bn
Growth
2021
Primavera Capital Fund IV
4.1bn
Buyout / Growth
2021
CLSA Asia Growth Fund
500m
Growth
2022
FountainVest Capital Partners Fund IV
2.9bn
Buyout / Growth
2022
Highlight Capital USD Fund IV
650m
Growth
2022
Principle Capital Fund V
180m
Growth
2023
Trustar Capital Partners V
1.3bn
Buyout
2024
Confirmed in market
Projected
"
UBS PFG - Global Funds Coming to Market_Q1 2026.pdf,91,"90
Selected GPs — Greater China VC
Source: 
Preqin, UBS projections for fund sizes
Notes: 
Projections based on UBS estimates, % of capital called
 
1. USD unless otherwise stated
 
* Represents target fund size for funds currently in the market
Most Recent
Fund Size ($)1
Type
Status / Vintage
2026
2027 and Beyond
Capital Today China Growth Fund III
500m*
Venture
Raising
Lightspeed China Partners Fund VI
400m*
Venture
Raising
Qiming USD Fund IX
600m*
Venture
Raising
Aulis Capital Fund I 
300m*
Early Stage
Raising
INCE USD Fund
200m*
Venture
Raising
Shunwei China Internet Fund V
1.8bn*
Venture
Raising
XVC Fund IV
250m*
Venture
Raising
VitalBridge Fund II
275m
Venture
2021
Zhen USD Fund VII
399m
Early Stage
2022
6 Dimensions Capital Fund I
533m
Venture
2017
DCM Fund IX
780m
Venture
2019
Joy Capital Fund III
391m
Early Stage
2019
Legend Capital Fund VIII
500m
Venture
2019
MSA China Venture Fund II
224m
Venture
2019
Hony Ventures Fund I
130m
Venture
2020
B Capital China Fund I
235m
Venture
2021
Enlight Growth Partners Fund II
135m
Venture
2021
GSR Ventures Fund VII
450m
Early Stage
2021
K2 Partners Fund V
117m
Early Stage
2021
Long Hill Capital Venture Partners Fund 3
300m
Early Stage
2021
NIO EVE One Fund II
380m
Venture
2021
Northern Light Venture Fund VI
354m
Early Stage
2021
ORI Healthcare Fund II
261m
Venture
2021
Confirmed in market
Projected
"
UBS PFG - Global Funds Coming to Market_Q1 2026.pdf,92,"91
Selected GPs — Greater China VC (cont’d)
Source: 
Preqin, UBS projections for fund sizes
Notes: 
Projections based on UBS estimates, % of capital called
 
1. USD unless otherwise stated
 
* Represents target fund size for funds currently in the market
Most Recent
Fund Size ($)1
Type
Status / Vintage
2026
2027 and Beyond
Quan Venture Fund III
116m
Venture
2021
`
SBCVC AI Fund
152m
Venture
2021
Sky 9 Capital Fund V
178m
Early Stage
2021
Source Code Venture Fund V
420m
Venture
2021
Vertex Ventures China Fund V
390m
Venture
2021
Gaorong Partners Fund VI
1.7bn
Venture
2022
Vision Plus Capital USD Fund IV
238m
Early Stage
2022
YuanBio Venture Capital Fund II
250m
Venture
2022
Blue Lake Capital Fund IV
300m
Venture
2023
Decheng Capital Global Life Sciences Fund IV
650m
Venture
2023
H Capital VII
700m
Venture
2023
Hillhouse Life Science Fund
RMB1.0bn
Venture
2023
IDG China Venture Capital Fund VII
900m
Venture
2023
Matrix Partners China Fund VII
1.4bn
Venture
2023
Sequoia Capital China Venture Fund VIII
TBD
Early Stage
2023
Yun Qi Partners Fund IV
250m
Early Stage
2023
LAV Fund VII
700m
Venture
2024
Sinovation Fund V
153m
Early Stage
2024
Monolith Venture Fund II
289m
Venture
2025
Confirmed in market
Projected
"
UBS PFG - Global Funds Coming to Market_Q1 2026.pdf,93,"92
Selected GPs — India
Most Recent
Fund Size ($)1
Type
Status / Vintage
2026
2027 and Beyond
Convergent Finance Fund II
150m*
Growth
Raising
CX Partners Fund 3
300m*
Growth
Raising
Everstone Capital Partners V
800m*
Buyout
Raising
Filter Capital Fund II
98m*
Growth
Raising
Madison India Capital Partners V
TBD
Growth
Raising
Motilal Oswal India Business Excellence Fund V
800m*
Growth
Raising
Phi Capital Growth Fund II
250m*
Growth
Raising
Samara Capital Fund III
400m*
Buyout
Raising
Somerset Indus Healthcare Fund III
275m*
Growth
Raising
Tata Capital Growth Fund III
INR3.0bn*
Growth
Raising
True North Fund VII
800m*
Buyout
Raising
Faering Capital Growth Fund III
346m
Growth
2021
Lighthouse India Fund IV
475m
Growth
2023
Avataar Ventures Partners Fund II
225m
Growth
2024
Baring India Private Equity Fund IV
INR4.0bn
Growth
2017
Sealink Capital Fund
250m
Growth
2017
Sanaka Capital Growth Fund
200m
Growth
2019
Gaja Capital Fund IV
250m
Growth
2020
Paragon Partners Growth Fund II
90m
Growth
2020
Arpwood Partners Fund I
300m
Buyout
2021
EPIQ Capital II
225m
Growth
2021
ICICI India Advantage Fund Series 5
400m
Growth
2022
Creaegis Fund II
425m
Growth
2023
Confirmed in market
Projected
Source: 
Preqin, UBS projections for fund sizes
Notes: 
Projections based on UBS estimates, % of capital called
 
1. USD unless otherwise stated
 
* Represents target fund size for funds currently in the market
"
UBS PFG - Global Funds Coming to Market_Q1 2026.pdf,94,"93
Selected GPs — India (cont’d)
Most Recent
Fund Size ($)1
Type
Status / Vintage
2026
2027 and Beyond
InvAscent Capital Partners India Life Sciences Fund IV
304m
Growth
2023
Multiples IV
811m
Growth
2023
Kedaara Capital IV
1.7bn
Growth
2024
Amicus Capital Partners II
214m
Growth
2025
ChrysCapital X
2.2bn
Growth
2025
TVS Shriram Growth Fund IV
INR35.4bn
Growth
2025
Confirmed in market
Projected
Source: 
Preqin, UBS projections for fund sizes
Notes: 
Projections based on UBS estimates, % of capital called
 
1. USD unless otherwise stated
 
* Represents target fund size for funds currently in the market
"
UBS PFG - Global Funds Coming to Market_Q1 2026.pdf,95,"94
Selected GPs — India VC
Source: 
Preqin, UBS projections for fund sizes
Notes: 
Projections based on UBS estimates, % of capital called
 
1. USD unless otherwise stated
 
* Represents target fund size for funds currently in the market
Most Recent
Fund Size ($)1
Type
Status / Vintage
2026
2027 and Beyond
Arkam Ventures Fund II
180m*
Venture
Raising
Ascent Capital Growth Trust
INR24.0bn*
Early Stage
Raising
Athera Venture Partners Fund IV
120m*
Early Stage
Raising
Chiratae Ventures V
250m*
Early Stage
Raising
Fireside Ventures Fund IV
250m*
Early Stage
Raising
HealthQuad Fund III
300m*
Early Stage
Raising
India Quotient Fund V 
129m*
Early Stage
Raising
Iron Pillar Fund III
450m*
Late Stage
Raising
Kalaari Capital Partners IV
200m*
Early Stage
Raising
Lightbox Ventures IV
250m*
Early Stage
Raising
Marathon Edge India Fund I
INR7.5bn*
Venture
Raising
MegaDelta Capital Fund II
250m*
Late Stage
Raising
Nexus Ventures Partners VIII
700m*
Early Stage
Raising
Peak Venture Partners Sustainability Venture Fund I
INR7.5bn*
Early Stage
Raising
SIDBI Venture Capital Ubharte Sitaare Fund
INR5.0bn*
Venture
Raising
Sixth Sense India Opportunities IV
300m*
Venture
Raising
Unicorn India Ventures Fund III
INR10.0bn*
Early Stage
Raising
WaterBridge Ventures Fund III Trust
INR14.0bn*
Early Stage
Raising
Saama Capital IV
100m
Venture
2018
Fulcrum Venture India Fund III
100m
Venture
2020
Blume Ventures Fund IV
282m
Early Stage
2021
Aavishkaar India Fund VI
150m
Venture
2022
Elevation Capital Fund VIII
670m
Early Stage
2022
Confirmed in market
Projected
"
UBS PFG - Global Funds Coming to Market_Q1 2026.pdf,96,"95
Selected GPs — India VC (cont’d)
Most Recent
Fund Size ($)1
Type
Status / Vintage
2026
2027 and Beyond
Lok Capital Growth Fund IV
160m
Venture
2022
Matrix Partners India IV
550m
Venture
2022
Sequoia Capital India Fund VIII
750m
Venture
2022
Sorin Investment Fund
161m
Early Stage
2023
Stellaris Fund III
350m
Early Stage
2024
A91 Partners Emerging Fund III
665m
Venture
2025
Accel India VIII
650m
Early Stage
2025
Confirmed in market
Projected
Source: 
Preqin, UBS projections for fund sizes
Notes: 
Projections based on UBS estimates, % of capital called
 
1. USD unless otherwise stated
 
* Represents target fund size for funds currently in the market
"
UBS PFG - Global Funds Coming to Market_Q1 2026.pdf,97,"96
Selected GPs — Japan
Source: 
Preqin, UBS projections for fund sizes
Notes: 
Projections based on UBS estimates, % of capital called
 
1. USD unless otherwise stated
 
* Represents target fund size for funds currently in the market
Most Recent
Fund Size ($)1
Type
Status / Vintage
2026
2027 and Beyond
Bain Capital Japan Middle Market Fund II
2.0bn*
Buyout
Raising
New Horizon Capital Fund IV
¥25.0bn*
Buyout
Raising
Polaris Private Equity Fund VI
¥150.0bn*
Buyout
Raising
Advantage Fund VIII
¥250.0bn*
Buyout
Raising
Basic Capital Management Fund VI
¥40.0bn*
Buyout
Raising
Bluepass Capital Dolphin Fund II
¥20.0bn
Buyout
Raising
Endeavour United Fund IV
¥70.0bn*
Buyout
Raising
NSSK Fund IV
¥200.0bn*
Buyout
Raising
Patience Capital Group Japan Private Equity Fund I
¥30.0bn*
Buyout
Raising
Rising Japan Equity IV
¥50.0bn*
Buyout
Raising
Trustar Capital Japan Partners IV
¥50.0bn*
Buyout
Raising
Unison Capital V
¥80.0bn*
Buyout
Raising
T Capital Partners Fund VI
¥81.1bn
Buyout
2020
Yukon No. II Investment LP
¥11.2bn
Buyout
2020
Ant Catalyzer VI Private Equity Investment LP
¥50.0bn
Buyout
2021
IA Partners I
¥30.0bn
Buyout
2022
J-STAR No. 5
¥76.8bn
Buyout
2022
Mercuria Japan Industrial Growth Fund No.2
¥43.9bn
Buyout
2022
Nippon Mirai Capital Fund IV
¥22.5bn
Buyout
2021
Growth Capital of Japan Growth Fund V
¥20.1bn
Buyout
2022
Japan Industrial Partners VI
¥300.0bn
Buyout
2022
RBG Partners Fund II
¥15.5bn
Buyout
2022
CSRI Fund I
¥25.0bn
Buyout
2023
Confirmed in market
Projected
"
UBS PFG - Global Funds Coming to Market_Q1 2026.pdf,98,"97
Selected GPs — Japan (cont’d)
Most Recent
Fund Size ($)1
Type
Status / Vintage
2026
2027 and Beyond
iSigma Business Advancement Fund IV
¥50.0bn
Buyout
2023
Longreach Capital Partners Fund IV
¥78.0bn
Buyout
2023
Marunouchi Capital Fund III
¥100.8bn
Buyout
2023
REVA Fund I
¥33.7bn
Buyout
2023
Aspirant Group IV Series Funds
¥86.7bn
Buyout
2024
Carlyle Japan Partners V
¥430.0bn
Buyout
2024
Integral Fund V
¥250.0bn
Buyout
2024
JGIA Fund III
¥65.0bn
Buyout
2024
L Catterton Asia Fund II (Japan)
¥43.0bn
Buyout
2024
Nippon Investment Company Japan Fund III
¥63.0bn
Buyout
2024
Sunrise Capital Partners V
500m
Buyout
2024
D Capital Fund II
¥67.0bn
Buyout
2025
J-Inc Fund I
¥60.0bn
Buyout
2025
Marathon Capital Partners Fund II
¥35.0bn
Buyout
2025
Confirmed in market
Projected
Source: 
Preqin, UBS projections for fund sizes
Notes: 
Projections based on UBS estimates, % of capital called
 
1. USD unless otherwise stated
 
* Represents target fund size for funds currently in the market
"
UBS PFG - Global Funds Coming to Market_Q1 2026.pdf,99,"98
Selected GPs — Japan VC
Most Recent
Fund Size ($)1
Type
Status / Vintage
2026
2027 and Beyond
Boost Capital Fund I
¥15.0bn*
Venture
Raising
ICMG Co-Creation Fund II
100m*
Venture
Raising
MPower Partners Fund II
153m*
Venture
Raising
One Capital Fund II
¥20.0bn*
Venture
Raising
University of Tokyo Edge Capital Partners Fund V
¥30.4bn
Venture
2021
JAFCO SV7
¥97.8 bn
Venture
2022
Catalys Pacific Fund II
225m
Venture
2025
Dimension Fund II
¥10.2bn
Venture
2022
Eight Roads Ventures Japan III
¥28.0bn
Venture
2022
SBI Digital Space Fund
¥100.0bn
Venture
2023
Coral Capital IV
¥25.0bn
Venture
2024
Global Brain IX Growth Fund
¥32.5bn
Venture
2024
Globis Fund VII
¥73.0bn
Venture
2024
Incubate Fund VI
¥25.0bn
Venture
2024
Z Venture Capital Fund II
¥30.0bn
Venture
2025
Confirmed in market
Projected
Source: 
Preqin, UBS projections for fund sizes
Notes: 
Projections based on UBS estimates, % of capital called
 
1. USD unless otherwise stated
 
* Represents target fund size for funds currently in the market
"
UBS PFG - Global Funds Coming to Market_Q1 2026.pdf,100,"99
Selected GPs – South Korea
Source: 
Preqin, UBS projections for fund sizes
Notes: 
Projections based on UBS estimates, % of capital called
 
1. USD unless otherwise stated
 
* Represents target fund size for funds currently in the market
Most Recent
Fund Size ($)1
Type
Status / Vintage
2026
2027 and Beyond
Crescendo Private Equity Fund IV
900m*
Buyout
Raising
Praxis Value Creation Private Equity Fund III
KRW800.0bn*
Buyout
Raising
Premier Partners Fund VI
KRW1.0tn*
Buyout 
Raising
Reverent Partners I
200m*
Growth
Raising
VIG Partners V
1.0bn*
Buyout
Raising
BRV Lotus Fund III
850m*
Buyout 
Raising
Genesis Private Equity Fund II
KRW700.0bn*
Buyout
Raising
H&Q Asia Pacific KHQ PEF V
KRW800.0bn*
Buyout / Growth
Raising
Neos Equity Partners Fund I
800m*
Buyout
Raising
Ark & Partners Fund I
150m
Buyout / Growth
2024
EastBridge Korea Plus Fund I
KRW53.7bn
Buyout
2020
Anchor Equity Partners Fund IV
1.6bn
Buyout / Growth
2021
Hahn & Company IV
3.4bn
Buyout
2023
IMM Investment Petra 9 PEF
KRW909.2bn
Buyout / Growth
2023
JKL Partners 6th Blind PEF
KRW1.0tn
Buyout
2023
STIC Investment Special Opportunity III
2.0bn
Buyout / Growth
2023
Stonebridge Capital Equity Fund II
488m
Buyout
2023
UCK Partners Fund III
KRW1.1tn
Buyout
2023
Affirma Capital Ascenta VI
KRW500.0bn
Buyout
2024
IMM Rosegold V
1.6bn
Buyout
2024
Glenwood Korea Private Equity Fund III
1.1bn
Buyout
2025
Confirmed in market
Projected
"
UBS PFG - Global Funds Coming to Market_Q1 2026.pdf,101,"100
Selected GPs – South Korea VC
Source: 
Preqin, UBS projections for fund sizes
Notes: 
Projections based on UBS estimates, % of capital called
 
1. USD unless otherwise stated
 
* Represents target fund size for funds currently in the market
Most Recent
Fund Size ($)1
Type
Status / Vintage
2026
2027 and Beyond
Altos Korea Opportunity Fund 6
500m*
Venture
Raising
Forest Partners Pine Tree Fund IV
100m*
Venture
Raising
SBVA Alpha Intelligence Fund
130m*
Early Stage
Raising
Strong Ventures V
80m*
Early Stage
Raising
Atinum Growth Fund 2023
660m
Venture
2023
Primer Sazze Fund II
135m
Early Stage
2021
BonAngels Pacemaker Fund IV
KRW1.2tn
Venture
2022
Intervest Next G Fund
KRW55.0bn
Venture
2024
SBVA 2023 Alpha Korea Fund
KRW188.7bn
Venture
2024
LB Next Future Fund
KRW303.0bn
Venture
2025
Confirmed in market
Projected
"
UBS PFG - Global Funds Coming to Market_Q1 2026.pdf,102,"101
Selected GPs — Southeast Asia
Source: 
Preqin, UBS projections for fund sizes
Notes: 
Projections based on UBS estimates, % of capital called
 
1. USD unless otherwise stated
 
* Represents target fund size for funds currently in the market
Most Recent
Fund Size ($)1
Type
Status / Vintage
2026
2027 and Beyond
10 Bridge Fund IV
250m*
Growth
Raising
Altair Capital II
160m*
Buyout
Raising
Capsquare Asia Partners III
250m*
Buyout
Raising
Hildrics Asia Growth Fund I
S$250m*
Growth
Raising
Lakeshore Capital Fund III
250m*
Growth
Raising
Navegar Fund III
250m*
Growth
Raising
PENM Partners Private Equity New Markets V
150m*
Growth
Raising
Vietnam Investments Fund IV
150m*
Growth
Raising
KV Asia Capital Fund III
300m*
Buyout / Growth
Raising
Navis Asia Fund IX
1.0bn*
Buyout
Raising
Tower Capital PE Fund II
500m*
Buyout
Raising
Morgan Stanley North Haven Thai Private Equity
442m
Growth 
2017
AIGF Advisors Fund II
126m
Growth
2022
Growtheum Capital Partners SEA Fund I
567m
Growth
2022
Creador VI
930m
Growth
2023
Falcon House Partners Fund II
400m
Growth
2016
Sierra Madre Philippines I
70m
Growth
2017
Southern Capital Fund IV
300m
Buyout
2018
Mekong Enterprise Fund IV
246m
Growth
2019
pelago Asia Focus Fund II
150m
Buyout
2020
Northstar Equity Partners V
590m
Growth
2020
UOB Venture Management ASEAN China Investment Fund V 260m
Growth
2021
Dymon Asia Private Equity Fund III
650m
Buyout / Growth
2022
Confirmed in market
Projected
"
UBS PFG - Global Funds Coming to Market_Q1 2026.pdf,103,"102
Selected GPs — Southeast Asia (cont’d)
Source: 
Preqin, UBS projections for fund sizes
Notes: 
Projections based on UBS estimates, % of capital called
 
1. USD unless otherwise stated
 
* Represents target fund size for funds currently in the market
Most Recent
Fund Size ($)1
Type
Status / Vintage
2026
2027 and Beyond
PrimeMovers Equity Fund I
130m
Buyout
2022
Exacta Asia Investment III
320m
Growth
2023
Lombard Asia V
130m
Growth
2023
Novo Tellus PE Fund 3
510m
Buyout
2023
Ikhlas Capital Fund II
250m
Growth
2024
Quadria Capital Fund III
1.1bn
Buyout 
2025
Confirmed in market
Projected
"
UBS PFG - Global Funds Coming to Market_Q1 2026.pdf,104,"103
Selected GPs — Southeast Asia VC
Source: 
Preqin, UBS projections for fund sizes
Notes: 
Projections based on UBS estimates, % of capital called
 
1. USD unless otherwise stated
 
* Represents target fund size for funds currently in the market
Most Recent
Fund Size ($)1
Type 
Status / Vintage
2026
2027 and Beyond
Cocoon Capital III
50m*
Early Stage
Raising
Jungle Ventures V
600m*
Early Stage / Growth Raising
Qualgro Fund III
150m*
Early Stage
Raising
Wavemaker SEA Fund V
150m*
Early Stage
Raising
EV Seed Fund X
100m*
Early Stage
Raising
Peak XV India and SEA Fund I
1.2bn*
Venture
Raising
Alpha JWC Ventures III
459m
Early Stage
2021
AC Ventures V
210m
Early Stage
2022
Provident Growth Fund II
250m
Venture
2019
Quest Ventures Asia Fund II
50m
Early Stage
2019
Vickers Venture Fund VI
256m
Early Stage
2019
500 Southeast Asia III
100m
Early Stage
2020
Altara Ventures I
130m
Early Stage
2020
Venturra Discovery
50m
Early Stage
2020
Integra Partners Fund II
90m
Early Stage
2021
Monk’s Hill Ventures Fund III
200m
Early Stage
2021
Asia Partners II
474m
Venture
2022
Insignia Ventures Partners Fund III
388m
Early Stage
2022
Northstar Ventures I
140m
Early Stage
2022
Golden Gate Ventures Fund IV
120m
Venture
2023
Openspace Ventures IV
163m
Early Stage / Venture 2023
Vertex Ventures Southeast Asia & India V
540m
Early Stage
2023
Confirmed in market
Projected
"
UBS PFG - Global Funds Coming to Market_Q1 2026.pdf,105,"Market Maps
"
UBS PFG - Global Funds Coming to Market_Q1 2026.pdf,106,"105
North American Market Map
Notes:
1
Not comprehensive
2
Fund sizes in millions
3
Amounts represent size of last closed fund / target size of current fundraise
4
Based on market intelligence and UBS estimates
Red
Fund in the market
Bold   Current UBS Mandate
Mega Buyout
•
Blackstone Group 
          $28,000 
•
Clayton Dubilier & Rice 
          $23,550 
•
Hellman & Friedman 
          $22,300 
•
KKR 
          $20,000 
•
Warburg Pincus 
          $17,308 
•
New Mountain Capital 
          $15,400 
•
Carlyle Group 
          $14,800
•
Veritas Capital 
          $13,300
•
Genstar Capital Partners 
          $12,733 
•
Apax Partners 
          $12,000 
•
Brookfield Asset Management 
          $12,000 
•
GTCR 
          $11,500
•
Bain Capital 
          $10,000 
•
Onex 
            $8,000
•
Berkshire Partners 
            $7,800 
•
The Jordan Company 
            $6,850
•
K1 Investment 
            $6,250
•
Ares Management 
            $6,000 
•
H.I.G. Capital 
            $5,500 
•
Harvest Partners 
            $5,340
•
Audax Private Equity 
            $5,250 
•
American Industrial Partners 
            $5,125
•
Welsh, Carson, Anderson & Stowe                 $5,040 
•
H.I.G. Capital 
            $5,000
•
Roark Capital Group 
            $5,000
•
Arlington Capital Partners 
            $4,750
•
TowerBrook 
            $4,750
•
Alpine Investors                                              $4,500
•
Arcline Investment Management 
            $4,500
•
Nautic Partners 
            $4,500
•
Parthenon Capital 
            $4,500 
•
Accel-KKR 
            $4,400 
•
Arsenal Capital Partners 
            $4,323
•
Kohlberg & Company 
            $4,300
•
Sentinel Capital Partners 
            $4,300
•
Symphony Technology Group                        $4,200 
•
Charlesbank Capital Partners 
            $4,080
•
Altas Partners 
            $4,000 
•
Lindsay Goldberg 
            $4,000 
•
Searchlight Capital Partners 
            $4,000
•
Siris Capital                                                    $4,000 
•
GI Partners 
            $3,900 
•
Leonard Green & Partners 
            $3,600
•
Littlejohn & Co.                                              $3,500
•
Olympus Partners 
            $3,500 
•
The Sterling Group 
            $3,500 
•
Wynnchurch Capital 
            $3,500 
•
Oak Hill Capital 
            $3,485 
•
Greenbriar Equity Group 
            $3,476 
•
AEA Investors 
            $3,385
•
Levine Leichtman Capital Partners 
            $3,300 
•
Kelso & Company 
            $3,283 
•
Odyssey Investment Partners 
            $3,250 
•
One Rock Capital Partners 
            $3,250 
•
Cortec Group 
            $3,200 
•
Silver Lake 
            $3,147
•
26North Partners 
            $3,000
•
American Securities Partners 
            $3,000
•
Court Square 
            $3,000
•
TCV                                                               $3,000 
•
Trilantic North America 
            $3,000 
•
The Vistria Group 
            $3,000 
•
SK Capital 
            $2,950
•
Quantum Capital Group 
            $2,800
•
Kinderhook                                                    $2,750
•
One Equity Partners 
            $2,750 
•
Gryphon Investors 
            $2,700
•
Trive Capital                                                   $2,700
•
Apollo Global Management 
                 TBD
•
Goldman Sachs Asset Management 
                 TBD
•
TPG 
                 TBD 
•
M
•
 
•
m
 
 
Large Mid-Cap Buyout 
•
Flexpoint Ford                                                $2,500
•
HGGC 
            $2,500 
•
Ridgemont Equity Partners 
            $2,350 
•
Frazier Healthcare Partners 
            $2,300
•
Wind Point Partners 
            $2,270
•
Alvarez & Marsal Capital 
            $2,250
•
Morgan Stanley 
            $2,250
•
J.F. Lehman & Company 
            $2,230
•
BayPine                                                          $2,153 
•
Gridiron Capital 
            $2,100
•
Aurora Capital 
            $2,000
•
Certares Management 
            $2,000
•
Freeman Spogli & Co 
            $2,000
•
KSL Capital Partners 
            $2,000
•
Tailwind Capital 
            $1,980
•
Cove Hill Partners 
            $1,900 
•
*
Large Mid-Cap Buyout (Cont.) 
•
Leeds Equity Partners 
            $1,800
•
Veritas Capital 
            $1,800
•
BV Investment Partners 
            $1,750
•
Integrum 
            $1,750
•
Pamlico Capital                                              $1,750
•
Cornell Capital 
            $1,700
•
Gemspring Capital                                         $1,700
•
Mill Road Capital 
            $1,700 
•
Paine Schwartz Partners 
            $1,700
•
Recognize Partners 
            $1,700
•
Rubicon Technology Partners 
            $1,700
•
Quad-C 
            $1,677
•
Percheron Capital 
            $1,550
•
Mainsail Partners 
            $1,540
•
TorQuest Partners 
            $1,530
•
Avista Healthcare Partners                              $1,500
•
Gurnet Point Capital 
            $1,500
•
Kingswood Capital                                         $1,500 
•
Metalmark Capital 
            $1,500 
•
MidOcean Partners 
            $1,500
•
Palladium Equity Partners 
            $1,500
•
Thompson Street Capital Partners 
            $1,500 
•
Gauge Capital 
            $1,400
•
Levine Leichtman Capital Partners 
            $1,378
•
Falfurrias Capital Partners 
            $1,350
•
AEA Investors                                                 $1,300
•
Lee Equity Partners 
            $1,300
•
ONCAP                                                          $1,300 
•
Trivest Partners                                               $1,300
•
Windjammer Capital Investors                        $1,300
•
Shamrock Capital 
            $1,298
•
Brightstar Capital Partners                              $1,260
•
Sterling Investment Partners 
            $1,250 
•
Seidler Equity Partners 
            $1,250
•
Amulet Capital Partners 
            $1,200
•
EagleTree Capital 
            $1,200
•
Garnett Station Partners 
            $1,200 
•
Industrial Growth Partners 
            $1,200 
•
MiddleGround Capital 
            $1,200
•
CenterOak Partners 
            $1,100 
•
Serent Capital 
            $1,100
•
TruArc Partners 
            $1,100 
•
Arsenal Capital Partners                                 $1,096
•
Vestar Capital Partners 
            $1,080 
•
LightBay Capital 
            $1,040 
•
SkyKnight Capital 
            $1,003
•
Greenbelt Capital Partners 
            $1,000 
•
Newlight Partners 
            $1,000 
•
Northsands Capital                                         $1,000
•
Norwest Equity Partners 
            $1,000 
•
Waud Capital Partners 
            $1,000
•
WestView Capital Partners 
            $1,000 
•
ABRY Partners 
                 TBD
•
Birch Hill Equity Partners 
                 TBD 
Mid-Cap Buyout
•
Trivest Partners 
              $950 
•
MSouth Equity Partners 
              $940 
•
Capitol Meridian Fund I                                    $900
•
Coalesce Capital 
              $900 
•
Frontenac Company 
              $900
•
JLL Partners 
              $900
•
Thomas H. Lee Partners 
              $900 
•
Comvest Partners 
              $881 
•
Excellere Partners 
              $875 
•
CIVC Partners 
              $870 
•
GHK Capital Partners 
              $870 
•
McCarthy Capital 
              $870
•
Consonance Capital                                         $856 
•
Blue Point Capital Partners 
              $850
•
Carousel Capital 
              $850
•
Citation Capital Management 
              $850 
•
Clearview Capital 
              $850 
•
Endeavour Capital 
              $850
•
L Squared Capital Partners 
              $840
•
DFW Capital Partners 
              $800
•
Dunes Point Capital                                          $800 
•
GenNx360 Capital Partners 
              $800 
•
Hidden Harbor Capital Partners                        $800
•
Roundtable Capital Partners                             $800 
•
SK Capital 
              $800
•
NexPhase Capital 
              $795
•
Vance Street Capital 
              $775
Mid-Cap Buyout (Cont.) 
•
Mason Wells 
              $767
•
Haveli Investment Management 
              $760
•
Atlantic Street Capital                                      $750
•
Brynwood Partners 
              $750
•
Center Rock Capital Partners 
              $750
•
DC Capital Partners                                          $750
•
ICV Partners 
              $750
•
Influence Media Partners                                  $750 
•
Tower Arch Capital 
              $750
•
Yellow Wood Partners 
              $750
•
Mainpost Partners                                            $736
•
Rotunda Capital Partners 
              $735
•
Gamut Capital Management 
              $719 
•
CIP Capital 
              $700 
•
Clarion Capital Partners 
              $677 
•
Industrial Opportunity Partners 
              $650 
•
Align Capital Partners 
              $620
•
Blue Sea Capital 
              $618 
•
Graycliff Partners 
              $600 
•
Clearhaven Partners 
              $580
•
New Mainstream Capital                                  $570
•
Mountaingate Capital 
              $570
•
Seaside Equity Partners 
              $568 
•
The Beekman Group 
              $550 
•
Angeles Equity Partners 
              $540 
•
Access Holdings 
              $525 
•
CapStreet Group 
              $500 
•
CCMP Capital Advisors 
              $500 
•
Juggernaut Capital Partners 
              $500
•
May River Capital 
              $500
•
ShoreView 
              $500 
•
Silver Oak Service Partners 
              $500 
•
Sorenson Capital 
              $500
•
Riordan, Lewis & Haden Equity Partners            $496 
•
Vector Capital 
              $490 
•
Huron Capital Partners 
              $450 
•
Prairie Capital 
              $450 
•
Shoreline Equity Partners 
              $450 
•
Soundcore Capital Partners 
             $450 
•
Pfingsten Partners 
             $435
•
Saw Mill Capital 
             $435
•
Baird Capital Partners 
             $425
•
*
•
*Harbour 
* 
 
 
 
Mid-Cap Buyout (Cont.) 
•
HCI Equity Partners 
             $405
•
Peloton Capital Management 
             $405 
•
Gainline Capital Partners 
             $400 
•
North Castle Partners 
             $400
•
Interlock Equity                                               $390 
•
Quad Partners 
             $388 
•
Charger Investment Partners 
             $376 
•
Hammond, Kennedy, Whitney & Co.              $365
•
GCP Capital Partners 
             $337
•
Edgewater Funds 
             $330 
•
Astara Capital Partners 
             $312 
•
LFM Capital 
             $307 
•
Rainier Partners 
             $300 
•
SFW Capital Partners 
             $300 
•
Housatonic Partners 
             $241 
•
Milestone Partners 
             $240
•
TriWest Capital Partners 
             $237 
•
Calera Capital 
               TBD 
•
Centre Partners 
               TBD 
•
CI Capital Partners 
               TBD 
•
Equality Asset Management 
               TBD 
•
FFL Partners 
               TBD
•
Guardian Capital Partners 
               TBD 
•
Lincolnshire Management 
               TBD
•
 
•
 Northlane 
•
Capital 
•
Partners 
               TBD
 
•
TA Associates
$16,500
•
General Atlantic
$8,000
•
TPG
$4,800
•
RedBird Capital Partners
$4,700
•
Vista Equity Partners
$4,000
•
JMI Equity
$3,100
•
TCV
$3,000
•
Ara Partners
$2,800
•
Bregal Sagemount
$2,651
•
Motive Partners
$2,540
•
Bond Capital
$2,500
•
Greenoaks Capital
$2,500
•
US Innovative Technology
$2,500
Growth Equity
•
LLR Partners
$2,452
•
Westcap
$2,154
•
Spectrum Equity
$2,000
•
Valor Equity Partners
$2,000
•
Lead Edge Capital
$1,997
•
Apax Partners
$1,957
•
Thoma Bravo
$1,884
•
Brighton Park Capital
$1,800
•
Riverwood Capital
$1,800
•
Silversmith Capital Partners
$1,700
•
Sequoia Capital
$1,631
•
Bonaccord Capital Partners
$1,600
•
Anthos Capital
$1,570
•
Addition
$1,500
•
Bertram Capital
$1,500
•
CIBC Innovation Banking
$1,500
•
Accel
$1,350
•
TCG
$1,300
•
Clairvest Group
$1,202
•
Ampersand Capital Partners
$1,200
•
Chicago Pacific Founders
$1,200
•
Level Equity
$1,200
•
Sightway Capital
$1,200
•
Evolution Equity Partners
$1,100
•
Five Elms Capital
$1,090
•
Andros Capital Partners
$1,000
•
Avance Investment Management
$1,000
•
Azimuth Capital Management
$1,000
•
L Catterton
$1,000
•
WestView Capital Partners
$1,000
•
H.I.G. Growth Partners
$970
•
Georgian
$900
•
Headline
$865
•
PeakSpan Capital
$800
•
Updata Partners
$800
•
Avenir Growth Capital
$794
•
The Raine Group
$763
•
Banneker Partners
$750
•
GPI Capital
$750
•
Primus Capital
$750
•
Sverica
$750
•
Sageview Capital
$710
•
GreyLion Partners
$562
•
Haun Ventures
$500
•
Smash Capital
$500
•
The Halifax Group
$445
•
Agellus Capital
$400
•
Crosslink Capital
$350
•
Ten Coves Capital
$350
•
10T
$346
•
ABS Capital Partners
$250
•
Long Arc Capital
$225
•
B Capital Group
TBD
•
Crosspoint Capital Partners
TBD
•
Ethos Capital
TBD
•
Guidepost Growth Equity
TBD
•
Stripes
TBD
•
Summit Partners
TBD
•
Transformation Capital
TBD
Growth Equity (Cont.)
Venture Capital
Blackstone Group
$28,000
Advent International
$26,000
Clayton Dubilier & Rice
$26,000
Apollo Global Management
$25,000
Hellman & Friedman
$22,300
KKR
$20,000
Warburg Pincus
$17,000
New Mountain Capital
$15,400
Carlyle Group
$14,800
Veritas Capital
$14,400
Bain Capital
$14,000
TPG
$13,000
Genstar Capital Partners
$12,733
Brookfield Asset Management
$12,500
Apax Partners
$12,000
GTCR
$11,500
Onex
$8,000
Berkshire Partners
$7,800
The Jordan Company
$6,850
K1 Investment Management
$6,250
Arcline Investment Management
$6,000
Ares Management
$6,000
Arlington Capital Partners
$6,000
Certares Management
$5,500
H.I.G. Capital
$5,500
Welsh, Carson, Anderson & Stowe
$5,500
Harvest Partners
$5,340
Audax Private Equity
$5,250
Goldman Sachs Asset Management
$5,240
American Industrial Partners
$5,125
H.I.G. Capital
$5,000
Lindsay Goldberg
$4,900
Alpine Investors
$4,500
Nautic Partners
$4,500
Parthenon Capital 
$4,500
Accel-KKR
$4,400
26North Partners
$4,330
Arsenal Capital Partners
$4,323
Kohlberg & Company
$4,300
Sentinel Capital Partners
$4,300
Greenbriar Equity Group
$4,250
Symphony Technology Group
$4,200
Altas Partners
$4,000
Charlesbank Capital Partners
$4,000
Searchlight Capital Partners
$4,000
TowerBrook
$4,000
Ridgemont Equity Partners
$3,975
Court Square
$3,940
GI Partners
$3,900
Oak Hill Capital
$3,750
Leonard Green & Partners
$3,600
Levine Leichtman Capital Partners
$3,600
Littlejohn & Co.
$3,500
The Sterling Group
$3,500
Wynnchurch Capital
$3,500
Olympus Partners
$3,482
AEA Investors
$3,385
Odyssey Investment Partners
$3,250
One Equity Partners
$3,250
One Rock Capital Partners
$3,250
Cortec Group
$3,200
Morgan Stanley
$3,200
Silver Lake
$3,147
The Vistria Group
$3,000
Thomas H. Lee
$3,000
Trilantic North America
$3,000
SK Capital
$2,967
Quantum Capital Group
$2,800
Kinderhook Industries
$2,750
Gryphon Investors
$2,700
Trive Capital
$2,700
American Securities
$2,650
Birch Hill Equity Partners
$2,570
Kelso & Company
TBD
HGGC
$2,500 
Integrum
$2,500 
Wind Point Partners
$2,500 
BV Investment Partners
$2,465 
Frazier Healthcare Partners
$2,300 
Alvarez & Marsal Capital
$2,250 
J.F. Lehman & Company
$2,230 
BayPine
$2,153 
Aurora Capital Partners
$2,100 
Flexpoint Ford
$2,025 
Freeman Spogli & Co
$2,000 
KSL Capital Partners
$2,000 
OceanSound Partners
$2,000 
Tailwind Capital
$1,980 
Cove Hill Partners
$1,900 
Incline Equity Partners
$1,900 
The Riverside Company
$1,872 
Graham Partners
$1,800 
Leeds Equity Partners
$1,800 
Veritas Capital
$1,800 
Pamlico Capital
$1,750 
Cornell Capital
$1,700 
Gemspring Capital
$1,700 
Mill Point Capital
$1,700 
Mill Road Capital
$1,700 
Paine Schwartz Partners
$1,700 
Recognize Partners
$1,700 
Rubicon Technology Partners
$1,700 
Quad-C
$1,667 
Sterling Investment Partners
$1,600 
Percheron Capital
$1,550 
Mainsail Partners
$1,535 
TorQuest Partners
$1,527 
Kingswood Capital
$1,500 
Metalmark Capital
$1,500 
MidOcean Partners
$1,500 
Palladium Equity Partners
$1,500 
Thompson Street Capital Partners
$1,500 
Gauge Capital
$1,400 
Levine Leichtman
$1,378 
Falfurrias Capital Partners
$1,350 
Lightyear Capital
$1,350 
AEA Investors
$1,300 
Lee Equity Partners
$1,300 
ONCAP
$1,300 
Trivest Partners
$1,300 
Windjammer Capital Investors
$1,300 
Shamrock Capital
$1,280 
Brightstar Capital Partners
$1,260 
MiddleGround Capital
$1,250 
Seidler Equity Partners
$1,250 
Amulet Capital Partners
$1,200 
EagleTree Capital
$1,200 
Garnett Station Partners
$1,200 
Industrial Growth Partners
$1,200 
CenterOak Partners
$1,100 
Serent Capital
$1,100 
TruArc Partners
$1,100 
Arsenal Capital Partners
$1,096 
Vestar Capital Partners
$1,080 
LightBay Capital
$1,040 
SkyKnight Capital
$1,003 
Greenbelt Capital Partners
$1,000 
Newlight Partners
$1,000 
Norwest Equity Partners
$1,000 
Waud Capital Partners
$1,000 
WestView Capital Partners
$1,000 
ABRY Partners
TBD
Gridiron Capital
TBD
JC Flowers & Co
TBD
Wellspring Capital Management
TBD
Trivest Partners
$950 
MSouth Equity Partners
$940 
JLL Partners
$906 
Capitol Meridian Partners
$900 
Coalesce Capital
$900 
Frontenac Company
$900 
Comvest Partners
$881 
Excellere Partners
$875 
CIVC Partners
$870 
GHK Capital Partners
$870 
McCarthy Capital
$870 
Consonance Capital
$856 
Blue Point Capital Partners
$850 
Carousel Capital
$850 
Citation Capital Management
$850 
Clearview Capital
$850 
Endeavour Capital
$850 
L Squared Capital Partners
$840 
GenNx360 Capital Partners
$800 
Hidden Harbor Capital Partners
$800 
RoundTable Healthcare Partners
$800 
SK Capital
$800 
NexPhase Capital
$795 
Vance Street Capital
$775 
Mason Wells
$767 
Haveli Investment Management
$760 
Atlantic Street Capital
$750 
Brynwood Partners
$750 
Center Rock Capital Partners
$750 
DC Capital Partners
$750 
ICV Partners
$750 
Influence Media Partners
$750 
Kinderhook Industries
$750 
Northlane Capital Partners
$750 
Tower Arch Capital
$750 
Vector Capital
$750 
Yellow Wood Partners
$750 
Main Post Partners
$736 
Rotunda Capital Partners
$735 
Gamut Capital Management
$719 
CIP Capital
$700 
CORE Industrials Partners
$685 
Clarion Capital Partners
$677 
Industrial Opportunity Partners
$650 
Align Capital Partners
$620 
Blue Sea Capital
$618 
Graycliff Partners
$600 
Clearhaven Partners
$580 
Mountaingate Capital
$570 
Seaside Equity Partners
$568 
Soundcore Capital Partners
$550 
The Beekman Group
$550 
Angeles Equity Partners
$540 
Access Holdings
$525 
DFW Capital Partners
TBD
Dunes Point Capital
TBD
FFL Partners
TBD
New MainStream Capital
TBD
True Wind Capital
TBD
Calera Capital
TBD
CI Capital Partners
TBD
AEA Investors
$500
CapStreet Group
$500
CCMP Capital Advisors
$500
May River Capital
$500
ShoreView
$500
Silver Oak Services Partners
$500
Sorenson Capital
$500
Riordan, Lewis & Haden Equity Partners
$496
LFM Capital
$462
Huron Capital Partners
$450
Prairie Capital
$450
Shoreline Equity Partners
$450
Pfingsten Partners
$435
Saw Mill Capital
$435
Baird Capital Partners
$425
Harbour Group
$424
HCI Equity Partners
$405
Peloton Capital Management
$405
Gainline Capital Partners
$400
North Castle Partners
$400
Interlock Equity
$390
Quad Partners
$388
Charger Investment Partners
$376
Hammond, Kennedy, Whitney & Co.
$365
GCP Capital Partners
$340
Siris Capital
$339
Edgewater Funds
$330
Platte River Equity
$321
Astara Capital Partners
$312
Rainier Partners
$300
SFW Capital Partners
$300
Swan Investment Partners
$300
Housatonic Partners
$241
Milestone Partners
$240
TriWest Capital Partners
$237
Equality Asset Management
TBD
Guardian Capital Partners
TBD
Lincolnshire Management
TBD
•
General Catalyst Partners
$8,000
•
Andreessen Horowitz
$4,500
•
Bessemer Venture Partners
$3,850
•
Lightspeed Venture Partners
$3,280
•
New Enterprise Associates
$3,250
•
Battery Ventures
$3,200
•
ARCH Venture Partners
$3,000
•
Norwest Venture Partners
$3,000
•
Flagship Pioneering
$2,600
•
Lightspeed Venture Partners
$2,180
•
G Squared
$2,000
•
Oak HC / FT Partners
$2,000
•
Lightspeed Venture Partners
$1,740
•
Spark Capital
$1,540
•
Lux Capital
$1,500
•
Vivo Capital
$1,500
•
Bain Capital
$1,400
•
Deerfield Management
$1,400
•
Frazier Healthcare Partners
$1,300
•
Andreessen Horowitz
$1,250
•
DFJ Growth
$1,200
•
Third Rock Ventures
$1,105
•
Meritech Capital Partners
$1,100
•
Emergence Capital Partners
$1,000
•
Greylock Partners
$1,000
•
Social Capital
$1,000
•
Summit Partners
$1,000
•
Y Combinator
$1,000
•
8VC
$998
•
Foresite Capital
$900
•
Scale Venture Partners
$900
•
Canaan Partners
$850
•
Kleiner Perkins 
$825
•
Matrix Partners
$800
•
NovaQuest Capital Management
$800
•
Menlo Ventures
$700
•
Columbia Capital
$655
•
Accel
$650
•
Redpoint Ventures
$650
•
Venrock
$650
•
DBL Partners
$600
•
Longitude Capital
$600
•
Pfizer Venture Investments
$600
•
The Column Group
$600
•
Versant Ventures
$600
•
Mayfield Fund
$580
•
Sofinnova Investments
$550
•
6 Dimensions Capital
$533
•
Foundry Group
$519
•
Polaris Partners
$500
•
Revolution Ventures
$500
•
Coral Tree Partners
$470
•
Benchmark 
$425
•
Trinity Ventures
$400
•
MPM BioImpact
$351
•
NEXT Investors
$300
•
Upfront Ventures
$280
•
SV Health Investors
$265
•
Iconiq Capital
TBD
•
Thrive Capital
TBD
"
UBS PFG - Global Funds Coming to Market_Q1 2026.pdf,107,"106
North American Market Map Cont.
Notes:
1
Not comprehensive
2
Fund sizes in millions
3
Amounts represent size of last closed fund / target size of current fundraise
4
Based on market intelligence and UBS estimates
Red
Fund in the market
Bold   Current UBS Mandate
Healthcare
Healthcare (Cont.)
Infrastructure & Diversified 
Energy
Infrastructure & Diversified 
Energy (Cont.)
Distressed / Turnaround /
Special Situations
Consumer Products
Financial Institutions
Energy
Exploration and Production
•
EnCap Investments 
$5,250
•
Quantum Energy Partners 
$5,250
•
NGP 
$2,300
•
Carnelian Energy Capital 
$1,024
•
Kayne Anderson Capital Advisors 
$1,000
•
Pearl Energy Investments 
$1,000
•
Waterous Energy 
$1,000
•
Tailwater Capital 
$968
•
Old Ironsides Energy 
$843
•
Warwick Investment Group 
$750
•
Bayou City Energy 
$679
•
Edge Natural Resources 
$650
•
Juniper Capital 
$650
•
Post Oak Energy Capital 
$600
•
White Deer 
$557
•
Vortus Investments 
$508
•
Ridgewood 
$506
•
Merit Energy Company 
$485
•
Denham Capital 
$407
•
Energy Trust Partners 
$367
•
Scout Energy Partners 
$353
•
ARC Financial Corp. 
$144
•
Trace Capital Management 
TBD
Energy Services
•
CSL Capital Management 
$500
•
Black Bay Energy Capital 
$300
•
SCF Partners 
$300
•
Pelican Energy Partners 
$233
•
Lime Rock Resources 
TBD
Generation and Transmission
•
BlackRock 
$7,000
•
Oaktree Capital Management 
$5,070
•
LS Power Group 
$3,000
•
Hull Street Energy 
$2,200
•
Rockland Capital 
$1,200
•
Ara Partners 
$800
•
Denham Capital 
TBD
•
Encap Investments 
TBD
Energy (Cont.)
Midstream
•
EnCap Investments 
$3,000
•
Five Point Energy 
$1,250
•
Energy Spectrum Capital 
$945
•
Clearstream Capital Partners 
$750
•
Junction Capital Partners 
$400
•
Cresta Fund Management 
$291
•
Yorktown Partners 
$145
 
Mining
•
Appian Capital Advisory 
$2,060
•
Sprott Resource Lending 
$1,500
•
Apollo Global Management 
$1,400
•
Denham Capital 
$558
•
Amberjack Capital Partners 
TBD
Energy Debt
•
Blackstone Group 
$6,480
•
Orion Infrastructure Capital 
$1,100
•
EIG Global Energy Partners 
$1,075
•
Avenue Capital Group 
$748
•
Mountain Capital Management 
$650
•
Chambers Energy Capital 
$605
•
Cibolo Energy Partners 
$279
•
Riverstone Holdings 
TBD
•
Oaktree Capital Management
$16,000 
•
Clearlake Capital Group
$15,000 
•
Platinum Equity
$12,400 
•
Fortress Investment Group
$8,000 
•
KPS Capital Partners
$8,000 
•
Blackstone Group
$7,356 
•
Ares Management
$7,000 
•
Strategic Value Partners
$6,500 
•
Atlas Holdings
$6,450 
•
TPG Angelo Gordon
$6,200 
•
Bain Capital
$5,740 
•
Kennedy Lewis Investment Management
$5,000 
•
Lone Star Funds
$5,000 
•
Monarch Alternative Capital
$4,743 
•
Sixth Street
$4,053 
•
Cerberus Capital Management
$4,000 
•
PIMCO
$4,000 
•
Centerbridge Partners
$3,583 
•
Stellex Capital Management
$3,000 
•
AB CarVal Investors
$2,500 
•
KKR
$2,500 
•
Marlin Equity Partners
$2,500 
•
Peak Rock Capital
$2,500 
•
Oak Hill Advisors
$2,300 
•
Alvarez & Marsal Capital
$2,250 
•
Monomoy Capital Partners
$2,250 
•
General Atlantic
$2,100 
•
Värde Partners
$2,000 
•
Arbour Lane Capital Management
$1,910 
•
Tenex Capital Management
$1,900 
•
Bayside Capital
$1,750 
•
Charlesbank Capital Partners
$1,750 
•
Crestline Investors
$1,650 
•
Pacific Avenue Capital Partners
$1,650 
•
Anchorage Capital Group
$1,500 
•
Balbec Capital
$1,469 
•
Sun Capital Partners
$1,417 
•
Glendon Capital Management
$1,330 
•
Benefit Street Partners
$850 
•
Aterian Investment Partners
$834 
•
AS Birch Grove
$825 
•
York Capital Management
$800 
•
Castlelake
$734 
•
MB Global Partners
$610 
•
Origami Capital Partners
$600 
•
Turning Rock Partners
$600 
•
Staple Street Capital
$520 
•
Littlejohn & Co.
$518 
•
Gallant Capital Partners
$406 
•
OpenGate Capital
$400 
•
Lantern Asset Management
$383 
•
CenterGate Capital
$375 
•
Merced Capital
$269 
•
Insight Equity
$225 
•
Atalaya Capital Management
TBD
•
Black Diamond Capital Management
TBD
•
Blue Wolf Capital Partners
TBD
•
Centerbridge Partners
TBD
•
Crestview Partners
TBD
•
Z Capital Group
TBD
•
Patient Square Capital
$6,000
•
Linden Capital Partners
$5,200
•
MED
$5,000
•
KKR
$3,648
•
Altaris
$3,500
•
ARCH Venture Partners
$3,000
•
Frazier Healthcare Partners
$2,300
•
Flexpoint Ford
$2,025
•
OrbiMed Advisors
$1,860
•
Brighton Park Capital
$1,800
•
Revelstoke Capital Partners
$1,750
•
Avista Capital Partners
$1,500
•
Cressey & Company
$1,500
•
Gurnet Point Capital
$1,500
•
Water Street Healthcare Partners
$1,400
•
Avesi Partners
$1,350
•
Frazier Healthcare Partners
$1,300
•
Amulet Capital Partners
$1,200
•
Chicago Pacific Founders
$1,200
•
Third Rock Ventures
$1,105
•
Waud Capital Partners
$1,000
•
Consonance Capital
$856
•
Invidia Capital Management
$850
•
EW Healthcare Partners
$800
•
Hildred Capital Partners
$800
•
RoundTable Healthcare Partners
$800
•
Martis Capital
$779
•
Assured Healthcare Partners
$759
•
Sagard
$725
•
InTandem Capital Partners
$715
•
Varsity Healthcare Partners
$700
•
HealthQuest Capital
$675
•
DW Healthcare Partners
$650
•
Shore Capital Partners
$625
•
Redmile Group
$610
•
Deerfield Management
$600
•
Longitude Capital
$600
•
WM Partners
$600
•
Sheridan Capital Partners
$575
•
Beecken Petty O'Keefe & Company
$550
•
MVM Partners
$516
•
QHP Capital
$509
•
Great Point Partners
$506
•
HealthPointCapital
$500
•
Lorient Capital
$500
•
Revival Healthcare Capital
$500
•
Whistler Capital Partners
$500
•
RiverGlade Capital
$453
•
Atlas Venture
$450
•
Accelmed
$400
•
Denali Growth Partners
$400
•
Nexa Equity
$393
•
3 Boomerang Capital
$376
•
Heritage Group
$370
•
Havencrest Healthcare Partners
$356
•
1315 Capital
$350
•
Spindletop Capital
$350
•
Latticework Capital Management
$345
•
37celsius Capital Partners
$300
•
Health Velocity Capital
$300
•
Signet Healthcare Partners
$300
•
Avego Healthcare Capital
$278
•
Iron Path Capital
$273
•
Ascend Partners
$250
•
Concord Health Partners
$250
•
Health Enterprise Partners
$250
•
RFE Investment Partners
$250
•
Galen Partners
$200
•
Grant Avenue Capital
$192
•
DFW Capital Partners
TBD
•
Elements Health Investors
TBD
•
GreatPoint Ventures
TBD
•
InnovaHealth Partners
TBD
•
TPG
TBD
•
Transformation Capital
TBD
•
Vesey Street Capital Partners
TBD
•
Webster Equity Partners
TBD
•
WindRose Health Investors
TBD
•
Global Infrastructure Partners
$25,200
•
EQT
$21,500
•
Brookfield Asset Management
$20,000
•
KKR
$20,000
•
I Squared Capital
$15,000
•
Stonepeak
$15,000
•
Ardian
$13,600
•
Macquarie Asset Management
$8,660
•
DigitalBridge Investment Mgmt
$8,000
•
Partners Group
$8,000
•
BlackRock
$7,000
•
Blackstone Group
$5,600
•
Manulife Investment Management
$5,500
•
Energy Capital Partners
$5,000
•
Oaktree Capital Management
$4,500
•
Morgan Stanley
$4,100
•
Goldman Sachs Asset Management
$4,000
•
Grain Management
$4,000
•
Quinbrook Infrastructure Partners
$4,000
•
ArcLight Capital Partners
$3,000
•
I Squared Capital
$3,000
•
Ara Partners 
$2,800
•
Basalt Infrastructure Partners
$2,700
•
Northleaf Capital Partners
$2,600
•
InfraBridge
$2,500
•
Palistar Capital
$2,500
•
Vision Ridge Partners
$2,500
•
Carlyle Group
$2,300
•
Apollo Global Management
$2,250
•
Ardian
$2,100
•
Argo Infrastructure Partners
$2,100
•
SDC Capital Partners
$2,100
•
DigitalBridge Investment Management
$2,000
•
Sandbrook Capital
$2,000
•
Equitix
$1,945
•
CIM Group
$1,760
•
Carlyle Group
$1,600
•
Digital Alpha Advisors
$1,500
•
Grain Management
$1,500
•
Tiger Infrastructure Partners
$1,500
•
Neos Partners
$1,400
•
Upper Bay Infrastructure Partners
$1,250
•
Ridgewood 
$1,200
•
Instar Asset Management
$1,180
•
Fengate Capital Management
$1,100
•
Peppertree Capital Management
$1,100
•
3i
$1,000
•
Astatine Investment Partners
$1,000
•
GI Partners
$1,000
•
Novacap
$1,000
•
Kimmeridge
$947
•
JLC Infrastructure
$925
•
Ember Infrastructure
$831
•
Energy & Minerals Group
$803
•
Riverstone Holdings
$750
•
Tikehau Capital
$700
•
Arroyo Energy Group
$670
•
Lotus Infrastructure Partners
$649
•
Bluescape Group
$600
•
Harbert Management Corporation
$521
•
Yorktown Partners
$500
•
First Reserve
$465
•
Trilantic North America
$437
•
Lime Rock Partners
$400
•
Climate Adaptive Infrastructure
$375
•
Terramont Infrastructure Partners
$160
•
Brookfield Asset Management
TBD
•
Carlyle Group
TBD
•
True Green Capital Management
TBD
•
Leonard Green & Partners
$15,000
•
L Catterton
$6,500
•
TSG Consumer Partners
$5,900
•
Roark Capital Group
$5,000
•
Sycamore Partners
$4,750
•
Freeman Spogli & Co
$2,000
•
Bansk Group
$1,450
•
Brentwood Associates
$1,250
•
Arbor Private Investment Company
$1,200
•
Butterfly Equity
$1,000
•
Kainos Capital
$1,000
•
Knox Lane
$1,000
•
VMG Partners
$1,000
•
Brynwood Partners
$750
•
Yellow Wood Partners
$750
•
AUA Private Equity Partners
$525
•
Stride Consumer Partners
$420
•
North Castle Partners
$400
•
Cavu Consumer Partners
$325
•
Bookend Capital Partners
$300
•
Sandbridge Capital
$200
•
Swander Pace Capital
$129
•
Encore Consumer Capital
TBD
•
TZP Group
TBD
•
Stone Point Capital
$11,500
•
FTV Capital
$3,400
•
Integrum
$2,500
•
Aquiline Capital Partners
$2,300
•
Gallatin Point Capital
$2,000
•
Lightyear Capital
$2,000
•
Reverence Capital Partners
$1,867
•
Carlyle Group
$1,100
•
Ford Financial
$1,100
•
Lovell Minnick Partners
$1,100
•
Atlas Merchant Capital
$1,000
•
Corsair Capital
$1,000
•
Further Global Capital Management
$835
•
BharCap
$652
•
1st & Main Growth Partners
$650
•
Long Ridge Equity Partners
$650
•
Estancia Capital Management
$350
•
Novacap
$350
•
Castle Creek Capital Partners
TBD
•
JC Flowers & Co
TBD
"
UBS PFG - Global Funds Coming to Market_Q1 2026.pdf,108,"107
North American Market Map Cont.
Notes:
1
Not comprehensive
2
Fund sizes in millions
3
Amounts represent size of last closed fund / target size of current fundraise
4
Based on market intelligence and UBS estimates
Red
Fund in the market
Bold   Current UBS Mandate
Secondaries
•
Ardian 
$30,000
•
Lexington Partners 
$22,700
•
Blackstone Strategic Partners 
$22,200
•
HarbourVest Partners 
$15,100
•
Goldman Sachs Asset Management 
$14,200
•
Coller Capital 
$12,500
•
AlpInvest Partners 
$10,000
•
Partners Group 
$10,000
•
Fortress Investment Group 
$8,000
•
Glendower Capital 
$7,500
•
LGT Capital Partners 
$6,873
•
ICG 
$6,000
•
Hamilton Lane 
$5,600
•
Apollo Global Management 
$5,400
•
StepStone 
$4,800
•
BlackRock 
$4,000
•
Clipway 
$4,000
•
Hollyport Capital                                       $4,000
•
Neuberger Berman                                    $4,000
•
Pomona Capital 
$3,500
•
Portfolio Advisors 
$3,500
•
Kline Hill Partners 
$2,700
•
Newbury Partners 
$2,500
•
Banner Ridge Partners 
$2,158
•
TPG 
$1,860
•
LSV Advisors 
$1,750
•
AltamarCAM Partners 
$1,669
•
Unigestion 
$1,560
•
Leonard Green & Partners 
$1,500
•
TPG NewQuest 
$1,500
•
Apogem Capital                                        $1,300
•
Commonfund 
$1,115
•
Capital Dynamics 
$1,100
•
Schroders Capital 
$1,047
•
SQ Capital 
$1,000
•
Churchill Asset Management 
$956
•
Dorchester Capital Advisors 
$900
•
New 2nd Capital 
$875
•
50 South Capital Advisors 
$750
•
Eurazeo 
$728
•
Aquilius Capital 
$700
•
Headway Capital Partners 
$653
•
Sweetwater Capital Partners 
$650
•
Jasper Ridge Capital Partners 
$635
•
TR Capital 
$600
•
Arcano Partners 
$521
•
Golding Capital Partners 
$521
•
Committed Advisors 
$500
•
Patria Investimentos 
$500
•
W Capital Partners 
$500
•
Abbott Capital Management 
$450
•
Headlands Capital Management 
$400
•
Timber Bay Partners 
$400
•
Essling Capital 
$208
•
Auldbrass Partners 
$203
•
AB Value Capital Partners 
$200
•
Flexstone Partners 
$154
•
Foundation Private Equity 
$119
•
eQ Asset Management 
$88
•
Blue Owl Capital 
TBD
•
Felicitas Global Partners 
TBD
•
Fort Washington Capital Partners 
TBD
•
Mesirow Financial 
TBD
•
Montana Capital Partners 
TBD
•
Morningside Capital 
TBD
•
Pantheon 
TBD
•
*
•
*
•
*
Mezzanine
Direct Lending
Direct Lending (Cont.)
Real Estate
Tech-Media-Telecom (TMT)
Real Estate (Cont.)
•
Goldman Sachs Asset Management
$11,700 
•
Blackstone Group
$10,000 
•
HPS Investment Partners
$10,000 
•
Oaktree Capital Management
$3,000 
•
Brookfield
$2,880 
•
Morgan Stanley
$2,000 
•
Audax Private Debt
$1,850 
•
Crescent Capital Group
$1,670 
•
Brown Brothers Harriman
$1,180 
•
ABRY Partners
$1,160 
•
Penfund
$1,160 
•
TA Associates
$1,100 
•
Bain Capital
$1,000 
•
Onex Falcon
$1,000 
•
Newstone Capital Partners
$852 
•
Yukon Partners
$765 
•
Praesidian Capital
$752 
•
VSS Capital Partners
$700 
•
AEA Investors
$592 
•
Merit Capital Partners
$550 
•
Northstar Capital
$550 
•
Ironwood Capital
$516 
•
Norwest Mezzanine Partners
$400 
•
Peninsula Capital Partners
$400 
•
Caltius Capital Management
$395 
•
Brookside Capital Partners
$393 
•
Arrowhead Investment Management
$296 
•
Balance Point Capital
TBD
•
Cyprium Partners
TBD
•
Cyprium Partners
TBD
•
GMB Capital Partners
TBD
•
Golub Capital
TBD
•
Harvest Partners
TBD
•
Patriot Capital
TBD
•
Ares Management
$6,600 
•
KKR
$5,600 
•
Crayhill Capital Management
$5,000 
•
Apollo Global Management
$3,000 
•
Blue Owl 
$2,500 
•
Neuberger Berman
$2,500 
•
JP Morgan Asset Management
$2,400 
•
Värde Partners
$1,500 
•
400 Capital Management
$1,390 
•
Crayhill Capital Management
$1,310 
•
Star Mountain Capital
$1,000 
•
i80 Group
$925 
•
Parabellum Capital
$750 
•
Raven Capital Management
$333 
•
White Oak Global Advisors
$250 
•
H.I.G. Capital
TBD
•
TCW Group
TBD
•
Victory Park Capital
TBD
•
Vista Equity Partners
TBD
•
Waterfall Asset Management
TBD
Asset Backed Lending
•
Oak Hill Advisors
$17,700
•
Ares Management
$15,300
•
HPS Investment Partners
$10,400
•
Oaktree Capital Management
$10,000
•
Monroe Capital
$6,100
•
Audax Private Equity
$5,000
•
Silver Point Capital
$4,000
•
Twin Brook Capital Partners
$3,900
•
Crestline Investors
$3,500
•
5C Investment Partners
$3,000
•
Adams Street Partners
$3,000
•
Barings
$3,000
•
Blue Torch Capital
$3,000
•
Guggenheim Investments
$3,000
•
Comvest Partners
$2,500
•
Fortress Investment Group
$2,500
•
Neuberger Berman
$2,500
•
White Oak Global Advisors
$2,300
•
Deerpath Capital Management
$2,000
•
Pathlight Capital
$1,900
•
Thoma Bravo
$1,750
•
WhiteHorse Capital
$1,700
•
Crescent Capital Group
$1,680
•
Kayne Anderson Capital Advisors
$1,600
•
Carlyle Group
$1,500
•
Perceptive Advisors
$1,500
•
AEA Investors
$1,300
•
TCW Group
$1,275
•
New Mountain Capital
$1,222
•
Freeport Financial Partners
$1,200
•
Cerberus Capital Management
$1,080
•
KKR
$1,078
•
Benefit Street Partners
$1,040
•
Silver Lake
$1,030
•
Bain Capital
$1,000
•
Brevet Capital Management
$1,000
•
CapitalSpring
$1,000
•
Stellus Capital Management
$1,000
•
Hamilton Lane
$900
•
Czech Asset Management
$690
•
PennantPark 
$610
•
Sagard
$501
•
Innovatus Capital Partners
$500
•
Angel Island Capital
$440
•
MC Credit Partners
$415
•
Constitution Capital Partners
$325
•
Summit Partners
$313
•
Elm Park Capital
$300
•
LBC Credit Partners
$287
•
O'Brien-Staley Partners
$250
•
Capitala Group
$231
•
Pharos Capital Group
$204
•
Chatham Capital
$200
•
Hunting Dog Capital
$150
•
Lateral Investment Management 
$148
•
ABRY Partners
TBD
•
Apollo Global Management
TBD
•
Blue Owl
TBD
•
Brightwood
TBD
•
MGG Investment Group
TBD
•
NXT Capital
TBD
•
Tree Line Capital Partners
TBD
•
Veritas Capital
TBD
•
Thoma Bravo
$24,300
•
Silver Lake
$20,500
•
Vista Equity Partners
$17,952
•
Francisco Partners
$13,500
•
Insight Partners
$11,500
•
Thoma Bravo
$8,100
•
Symphony Technology Group
$4,200
•
Novacap
$3,765
•
Francisco Partners
$3,300
•
TCV
$3,000
•
BV Investment Partners
$2,465
•
Spectrum Equity
$2,000
•
Thoma Bravo
$1,839
•
Riverwood Capital
$1,800
•
Sumeru Equity Partners
$1,300
•
Charlesbank Capital Partners
$1,275
•
Thomas H. Lee Partners
$900
•
Lone View Capital
$850
•
ZMC
$752
•
Clearhaven Partners
$580
•
Brookfield Asset Management
$547
•
Spire Capital
$375
•
Aquiline Capital Partners
$365
•
9Yards Capital
$250
•
Siris Capital
$250
•
Cohere Capital
$215
•
Sequoia Capital
TBD
•
True Wind Capital
TBD
Debt
•
Blackstone Group
$8,000
•
Goldman Sachs Asset Management
$7,000
•
Cerberus Capital Management
$4,000
•
Oaktree Capital Management
$3,500
•
Pretium Partners
$2,500
•
Madison Realty Capital
$2,250
•
Bridge Investment Group
$2,150
•
ACORE Capital
$2,000
•
BlackRock
$2,000
•
JP Morgan Asset Management
$2,000
•
The Children's Invtmnt. Fund
$2,000
•
Berkshire Residential Investments
$1,990
•
Kayne Anderson Real Estate
$1,875
•
AllianceBernstein
$1,300
•
PCCP
$1,250
•
VWH Capital Management
$1,250
•
Torchlight Investors
$1,225
•
Affinius Capital
$1,200
•
Canyon Partners
$1,200
•
KKR
$1,000
•
Rockwood Capital
$901
•
Heitman
$806
•
RRA Capital
$225
•
BDT & MSD Partners
TBD
•
Brookfield Asset Management
TBD
Opportunistic
•
Brookfield Asset Management
$16,000
•
Starwood Capital Group
$10,000
•
Carlyle Group
$9,000
•
TPG
$6,800
•
Sculptor Capital Management
$4,600
•
KKR
$4,500
•
Amazon
$3,600
•
Ares Management
$3,300
•
Morgan Stanley
$3,100
•
Cerberus Capital Management
$3,000
•
Rockpoint Group
$2,700
•
Lone Star Funds
$2,668
•
Harrison Street
$2,500
•
Centerbridge Partners
$2,265
•
PCCP
$2,250
•
DIV Industrial
$2,000
•
KSL Capital Partners
$2,000
•
PGIM Fixed Income
$2,000
•
AEW Capital Management
$1,770
•
Dermody Properties
$1,043
•
King Street Capital Management
$1,000
•
Macquarie Asset Management
$1,000
•
Pretium Partners
$1,000
•
Walton Street Capital
$1,000
•
Oaktree Capital Management
TBD
Value Add
•
Blue Owl Capital
$6,500
•
Blue Owl Capital
$4,000
•
Bain Capital
$3,400
•
TPG Angelo Gordon
$3,250
•
Kayne Anderson Real Estate
$3,000
•
Westbrook Partners
$2,950
•
Prime Group Holdings
$2,500
•
Almanac Realty Investors
$2,000
•
Heitman
$2,000
•
TA Realty
$2,000
•
Greystar Real Estate Partners
$1,900
•
Cabot Properties
$1,750
•
Waterton
$1,730
•
Pennybacker Capital
$1,600
•
Bridge Investment Group
$1,500
•
Carmel Partners
$1,500
•
Cortland
$1,500
•
Fairfield Residential
$1,470
•
Rockwood Capital
$1,400
•
Lasalle Investment Management
$1,250
•
Mesirow Financial Real Estate
$1,245
•
FCP
$1,062
•
Dermody Properties
$1,043
•
American Landmark Apartments
$1,000
•
Artemis Real Estate Partners
TBD
•
Crow Holdings Capital
TBD
Core/Core+
•
Goldman Sachs Asset Management
$3,500
•
EQT
$3,041
•
Affinius Capital
$2,000
•
Greystar Real Estate Partners
$2,000
•
Fairfield Residential
$1,800
•
Town Lane
$1,250
•
Cabot Properties
$1,000
•
First Hospitality Group
$1,000
•
FPA Multifamily
$1,000
•
NorthPoint Development
$1,000
•
Pretium Partners
$1,000
•
Bell Partners
$930
•
LCN Capital Partners
$800
•
Sealy & Company
$750
•
Jonathan Rose Companies
$660
•
Empira Group
$600
•
High Street Logistics Properties
$500
•
O'Connor Capital Partners
$500
•
Peachtree Group
$500
•
Republic Investment Group
$500
Ardian
$30,000 
Lexington Partners
$25,000 
Blackstone Group
$22,000 
AlpInvest Partners
$20,200 
HarbourVest Partners
$20,000 
Coller Capital
$12,500 
ICG
$11,000 
Partners Group
$10,000 
Fortress Investment Group
$8,000 
LGT Capital Partners
$7,500 
CVC Secondary Partners
$7,000 
Hamilton Lane
$7,000 
StepStone
$6,000 
Apollo Global Management
$5,400 
Hollyport Capital
$4,300 
Banner Ridge Partners
$4,200 
Neuberger Berman
$4,000 
Leonard Green & Partners
$3,600 
Pomona Capital
$3,500 
Portfolio Advisors
$3,500 
BlackRock
$3,100 
Clipway
$3,000 
Kline Hill Partners
$2,700 
Newbury Partners - Bridge
$2,500 
Blue Owl Capital
$2,000 
Unigestion
$2,000 
AltamarCAM Partners
$1,980 
LSV Advisors
$1,750 
Apogem Capital
$1,300 
50 South Capital Advisors
$1,200 
Commonfund
$1,115 
Eurazeo
$1,100 
Schroders Capital
$1,047 
SQ Capital
$1,047 
Northsands Capital
$1,000 
W Capital Partners
$1,000 
Arcano Partners
$987 
TPG NewQuest
$987 
Cubera Private Equity
$934 
Dorchester Capital Advisors
$900 
Aquilius Capital
$750 
Headway Capital Partners
$653 
Sweetwater Capital Partners
$650 
Jasper Ridge Partners
$635 
Golding Capital Partners
$603 
TR Capital
$600 
Committed Advisors
$500 
Patria Investimentos
$500 
Fort Washington Capital Partners
$400 
Timber Bay Partners
$400 
Abbott Capital Management
$380 
Auldbrass Partners
$350 
Essling Capital
$208 
AB Value Capital Partners
$200 
Flexstone Partners
$154 
Foundation Private Equity
$119 
eQ Asset Management
$99 
Capital Dynamics
TBD
Churchill Asset Management
TBD
Felicitas Global Partners
TBD
Goldman Sachs Asset Management
TBD
Headlands Capital Management
TBD
Mesirow Financial
TBD
Montana Capital Partners
TBD
Morningside Capital
TBD
New 2nd Capital
TBD
Pantheon 
TBD
Quilvest Capital Partners
TBD
TPG
TBD
"
UBS PFG - Global Funds Coming to Market_Q1 2026.pdf,109,"108
European Market Map
Pan European Mega Cap 
Buyout Funds
CVC Capital Partners IX
€26.8bn
Advent International GPE XI
$26.0bn
EQT XI
€23.0bn
Permira IX
€17.0bn
Cinven VIII
€13.3bn
Hg Saturn 4
$12.0bn
Apax Partners XII
$12.0bn
Nordic Capital Fund XII
€10.0bn
ICG Europe Fund IX
€10.0bn
Vitruvian Investment Partners VI
€8.0bn
PAI Partners IX
€8.0bn
Carlyle Europe Partners VI
€7.5bn
Hg Genesis 11
€7.5bn
KKR Europe Fund VI
$7.3bn
Bridgepoint Europe VII
€7.0bn 
Pan European Large Cap 
Buyout Funds
Ardian Buyout VII
€6.5bn
Bain Capital Europe VI
€6.4bn
Triton Fund 6
€5.5bn
Med – Platform III
€5.0bn
BC Partners Fund XII
$5.2bn
Astorg IX
€4.5bn
Oakley Capital VI
€4.5bn
TDR Capital V
€4.3bn
Waterland Private Equity Fund X
€4.0bn
Investindustrial VIII
€4.0bn
CapVest Fund VI
€3.9bn
Inflexion Buyout Fund VII
€3.5bn
Montagu VII
€3.5bn
Five Arrows Principal Investments V
€3.5bn
TowerBrook Investors VI
$4.1bn
PSG Europe III
€3.3bn
IK X Fund
€3.3bn
Ardian Expansion Fund VI
€3.2bn
Carlyle Europe Technology Partners V
€3.1bn
Keensight Nova VII
€3.0bn
EMK Capital Partners III
€3.0bn
Eurazeo Capital V
€3.0bn
Bridgepoint Development Capital V
£2.8bn 
UK
Pollen Street Capital Fund VI
€1.8bn
ECI 13
£1.3bn
Inflexion Enterprise Fund VI
£975m
Tenzing Private Equity IV
£909m
Bowmark Capital Partners VII
£900m
Synova Capital Fund VI
£875m
Hayfin PES III
€750m
CBPE Capital Partners XI
£714m
Balderton Capital IX
$615m
Graphite Capital Partners X
£600m
Phoenix Insight Fund III
£500m
Mayfair Equity Partners Fund III
£500m
Cutting Edge Fund II
$500m
Kester Capital Fund IV
£425m
Growth Capital Partners Fund VI
£411m
Livingbridge Enterprise 4
£400m
Sovereign Capital VI
£400m
BlueGem IV
€400m
Osprey Fund I
€400m
Goldenpeak Fund I
£375m
Elysian Capital III
£325m
Queen's Park Equity Partners II
£305m
Apposite Healthcare IV
£300m
Blixt Fund II
£300m
Scottish Equity Partners VII
£276m
Mobeus Fund III
£250m
FPE Fund IV
£250m
Cow Corner Fund 2
£250m
Ansor Fund III
£250m
MML Enterprise Fund II
£250m
NorthEdge Capital Fund III
£250m
Rubicon Partners VI
£250m
Palatine Private Equity Fund V
£250m
Horizon Capital III
£245m
Apiary Capital Fund II
£240m
WestBridge Fund III
£220m
Harwood Private Equity VI
£200m
Alcuin Fund VI
£200m
Beech Tree Private Equity IV
£175m
Vespa Capital III
£151m
Aliter Capital II
£134m
Key Capital Partners III
£125m
Hypha Fund I
£118m
Piper Private Equity VII
£105m
Pan European Mid Cap Buyout 
Funds
Hg Mercury 5
€2.5bn
GHO Capital IV
€2.5bn
Ufenau Fund VIII
€2.1bn
Castik Capital III
€2.0bn
Nordic Capital Evolution Fund II
€2.0bn
IK Small Cap IV Fund
€2.0bn
Main Capital VIII
€1.9bn
BlackFin Financial Services Fund IV
€1.9bn
Thoma Bravo Europe Fund
€1.8bn
Inflexion Partnership Capital III
£1.8bn
Seven2 MidMarket XI
€1.6bn
Ambienta IV
€1.6bn
Rivean Capital Fund VII
€1.6bn
H.I.G. Europe Capital Partners IV
€1.6bn
Stirling Square Fifth Fund
€1.6bn
Livingbridge 8
€1.5bn
Charterhouse Capital Partners XII
€1.5bn
Summit Partners Europe Growth IV
€1.4bn
Astorg Mid-Cap I
€1.3bn
Apheon MidCap Buyout VI
€1.3bn
PAI Mid-Market Fund II
€1.2bn
Chequers Capital XVIII
€1.2bn
Investindustrial Growth III
€1.1bn
Eurazeo PME IV
€1.0bn
STAR IV
€1.0bn
MML Partnership Capital Fund VIII
€1.0bn
Marlin Heritage Europe III
€1.0bn
Epiris Fund III
£1.0bn
One Peak Growth IV
$1.0bn
Trilantic Europe VI
€925m
Exponent Private Equity Partners V
£900m
Aspirity Partners I
€875m
KLAR Partners II
€870m
Triton Smaller Mid-Cap Fund II
€817m
Bregal Milestone III
€800m
G Square Capital V
€800m
L Catterton Europe V
€800m
Charme Fund IV
€780m
Freshstream Fund II
€762m
Fremman II
€750m
Preservation Capital Partners Fund III
€700m
Med – MED IV
€650m
Riverside Europe Fund VII
€600m
Argos Mid-Market IX
€600m
A3C Fund I
€600m
Volpi Capital Fund III
€428m 
Benelux
Main Capital VIII
€1,900m
Rivean Capital Fund VII
€1,650m
Apheon MidCap Buyout Fund VI
€1,250m
Parcom Buyout Fund VII
€960m
Apheon (Ergon Capital Partners V)
€800m
Gilde Healthcare VI
€740m
Gilde Healthcare VI
€740m
IceLake Capital Fund III
€700m
Bencis Buyout Fund VI
€625m
Avedon IV
€600m
Gilde Equity Management Benelux VI
€600m
Vendis Capital IV
€525m
Main Foundation II
€507m
Quadrum Investment Fund IV
€425m
Fortino Capital PE II
€377m
Capital A Fund IV
€358m
HPE Growth Fund III
€350m
Nordian Fund III
€320m
Gilde Healthcare Climate Solutions Fund
€300m
H2 Equity Partners Fund VII
€300m
Mentha Capital VII
€264m
365 Capital Fund II
€255m
Sofindev VI
€250m
Nyver Capital Management
€250m
Torqx Capital Partners Fund II
€230m
Holland Capital Growth & Buyout Fund V
€225m
M80 Capital Comm. V
€210m
Synergia Capital Fund VI
€200m
Strada Partners Fund I
€200m
Syntagma Capital I
€200m
NewPort Buyout Fund III
€200m
D2E III
€170m
Connected Capital & Partners Fund II
€154m
Vortex Capital Partners Buyout Fund IV
€145m
Fields Fund III
€140m
Lexar Partners Fund II
€120m
One Two Capital
€100m
Foreman
TBD
France
Equistone VI
2.8bn
Montefiore Investment VI
1.4bn
Latour Small Cap I
TBD*
Chequers Capital XVIII
1.2bn
Naxicap Investment Opportunities III
1.2bn*
Adagia Capital Europe
1.1bn
Sagard MidCap V
1.0bn*
Siparex Midcap VI
750m*
Vivalto Capital I
690m
Mérieux Participations 4
570m
Qualium Fund III
535m
Ardabelle Capital
500m*
Motion Equity Partners V
450m*
Parquest Capital 3
414m
Sagard NewGen II
400m*
Lauxera Growth II
400m
Andera Expansion 4
400m*
Cathay Capital Growth Fund II
385m*
Apax Development Fund II
350m*
FCDE Fund III
350m
MBO+ Capital 5
320m
RB Capital France 2
315m
Arev I
307m
Hivest II
300m
Verto Growth II
300m
Azulis Capital Middle Market Fund VI
280m
Sparring Capital Fund 3
280m
Xagne 5
250m*
Initiative & Finance PME IV
230m*
Weinberg Capital Partners IV
215m
NiXEN II
200m
Activa Capital Fund IV
200m
FNB Europe Fund II 
200m*
Capital Santé 3
200m*
Ciclad 7
190m
Galiena III
165m
Ekkio Capital IV
161m
Momentum Invest II
158m
Abénex Small Cap Fund II
150m*
Aldebaran Transformation Fund I
150m
21 Invest Healthcare
150m*
LT Capital IV
144m
UI Investissement Cap 7
120m
Prudentia Capital 2
120m*
IMO PME II
100m*
Impact Funds
TPG Rise Climate II 
$8.0bn
General Atlantic BeyondNetZero 
$3.5bn
EQT Future 
€3.0bn
KKR Global Impact Fund II 
$3.0bn
Ara Fund III 
$2.8bn
Summa Equity III 
€2.3bn
Generation IM Sustainable Fund IV 
$1.7bn
Ambienta IV 
€1.6bn
Decarbonization Partners Fund I 
$1.4bn
Trill Impact Private Equity II 
€1.2bn
Bain Capital Double Impact Fund III 
$1.0bn
Apollo Impact Mission Fund 
$1.0bn
Apax Global Impact 
$900m
Lightrock Climate Impact Fund 
$835m
Blue Horizon Growth II 
$750m
Eurazeo Planetary Boundaries 
€750m
Investcorp Climate Solutions Partners 
$750m
OGCI Decarbonization Fund 
$750m
Tikehau Growth Impact III 
€750m
Verdane Idun II 
$700m
Capricorn Technology Impact Fund II 
$510m
Cibus Fund II 
$510m
LeapFrog Climate Fund 
$500m
Partners Group Life II 
€500m
Vidia Climate Fund I 
€452m
Planet First Partners I 
€450m
Zouk Growth Fund III 
£420m
FSN Capital Compass I 
€400m
Nuveen Climate Inclusion Fund II 
$400m
TowerBrook Delta 
$400m
Wellington Climate Innovation Fund I 
 $385m
BlueEarth Climate Growth Fund I 
 $378m
Astanor Ventures II 
£360m
Adjuvant Global Health Technology 
$300m
Climate Alpha Opportunity Fund 
$300m
Voyager Partners Fund II 
$300m
World Fund II 
€300m
Environment Technologies Fund 4 
€285m
Tomorrow Private Equity Fund I 
€284m
2150 Tech Fund 
€268m
International Cancer Impact Fund 
$250m
Arcano Impact Private Equity Fund II 
€200m
Snowball Impact Investments 
£200m
Vertevis Impact Investment Fund I 
€200m
Blume Equity Fund I 
€193m
Pictet Environment Fund I 
€178m
IMPACT Growth IV 
€152m
Palatine Impact Fund II 
£150m
Miura Expansion Fund I 
€134m
Allianz Impact Investment Fund 
€130m
Ananda Impact Fund IV 
€108m
Core Sustainability Fund I 
DKK 5.0bn
Alder Fund III 
SEK 3.1bn
2150 Urban Tech Fund II 
Not disclosed
Generation IM PE Fund II 
Not disclosed
Goldman Sachs Horizon Fund 2 
Not disclosed
Hamilton Lane Impact Fund III 
Not disclosed
Italy
NB Renaissance Partners
€1.2bn
Clessidra Group
€600m
Style Capital
€500m
Xenon Private Equity
€500m
Wise SGR
€400m
Equinox
€360m
Armonia
€350m
Green Arrow Capital
€350m
DeA Capital
€330m
21 Invest Italy
€316m
Aliante Partners
€300m
Progressio SGR
€300m
Aksia Group
€275m
Alto Partners
€273m
Synergo Capital
€200m
Star Capital
€200m
Gradiente
€180m
PM&Partners
€113m
Consilium
€110m
Iberia
ProA Capital Iberian Buyout 
Fund IV
€655m
Nazca Defence Fund
€600m
Portobello Capital Fund V
€600m
MCH Iberian Capital Fund VI
€500m
Inveready Innvierte Private Equity 
Fund II
€500m
Magnum Partners IV
€475m
Miura Fund IV
€475m
Artá Capital III
€404m
Abac Sustainable Value II
€350m
GPF Capital IV
€300m
Alantra Private Equity Fund IV
€300m
Aurica IV
€300m
Corpfin Capital VI
€300m
Buenavista Buyout III
€250m
Axon Innovation Growth II
€250m
Sherpa Operational Value V
€250m
Portobello Capital Structured 
Partnerships Fund II 
€247m
Nexxus Iberia Fund II
€241m
Nazca Capital Small Cap II
€200m
ABE Capital Partners Fund II
€200m
Everwood Transport and 
Logistics I
€200m
DACH
Bregal Unternehmerkapital
€2.65bn
Castik Capital
€2.00bn
Paragon Partners
€1.2bn
Deutsche Beteiligungs AG (DBAG)
€1.1bn
Ufenau Capital Partners
€1.1bn
CapVis Equity Partners
€1.0bn
Deutsche Private Equity (DPE)
€1.0bn
Genui Partners
€1.0bn
Elvaston Capital Management
€800m
Aurelius
€750m
EMH Partners
€650m
Nord Holding Mittlestandholding
€600m
Capiton
€600m
LEA Partners
€565m
Invision
€550m
Armira
€520m
Quadriga Capital
€500m
Maxburg Capital Partners 
€450m
Afinum Management
€420m
Vidia 
€415m
Yttrium (fka Digital+)
€403m
Borromin (fka Steadfast Capital)
€400m
EMERAM Capital Partners
€400m
Deutsche Beteiligungs AG (DBAG) Expansion
€350bn
ECM Equity Capital Management
€325m
Orlando Management
€320m
Bid Equity
€310m
HQ Equita
€308m
Adiuva
€300m
Flex Capital
€300m
SHS
€270m
Auctus Capital Partners
€250m
CMP Capital Management
€250m
Novum
€250m
Odewald & Compagnie (KMU)
€250m
CGS Management
CHF 240m
Maguar Capital
€235m
KKA Partners
€230m
MTIP
€220m
Patrimonium (Zurmont)
€200m
Nordwind Growth
€200m
Sophora
€200m
Crosslantic
€200m
Cadence
€200m
Beyond Capital Partners
€180m
Marondo
€175m
Pinova Capital
€165m
Greenpeak 
€160m
Seafort Advisors
€120m
Nordics
Altor Fund VI
€3.0bn
FSN Capital VII
€2.3bn
Verdane Capital Freya XII
€1.95bn
Adelis Equity Partners IV
€1.6bn
HitecVision New Energy Fund 2
€1.5bn
Norvestor IX
€1.5bn
Axcel VII
€1.3bn
Fidelio Capital III
€1.1bn
Verdane Edda III
€1.1bn
Impilo II
€700m
Monterro IV
€700m
Verdane Idun II (Impact Fund)
€700m
Polaris VI
TBC
GRO Capital IV
TBC
Creandum VII
€500m
FSN Compass I
€410m
Procuritas Capital Investors VII
€407m
Intera Fund IV
€335m
Alder Fund III
SEK 3.2bn
Celero Capital I
€275m
Priveq Investment Fund VII
SEK 3.0bn
DevCo IV
€260m
Equip Capital Fund II
NOK 3.0bn
Vaaka Partners Buyout IV
€250m
VIA Equity Fund V
€250m
Solix IV
€500m
Sponsor Fund VI
€231m
Systematic Growth Fund IV
€215m
Accent Equity Fund VII
SEK 2.25bn
Consolid Equity Fund
€200m
CapMan Buyout XI
€190m
Catacap III
€190m
eEquity Fund V
SEK 2.0bn
Longship Fund III
NOK 2.1bn
MVI Equity Fund III
SEK 2.0bn
Valedo Partners Fund IV
SEK 2.0bn
MB Equity Fund VI
€173m
Capidea Kapital IV
€168m
Gro Generation I
€150m
Monterro G1
€150m
Standout Capital II
SEK 1.65bn
Ceder Capital 3
SEK 1.5bn
Blue Equity III
DKK 750m
Ampilo I
SEK 667m
Infrastructure—Generalist (Core)
IFM Global Infrastructure 
$ 57,200
Blackstone Infrastructure Partners 
$ 48,600
JP Morgan Infrastructure Investments 
$ 38,400
KKR Diversified Core Infra Fund 
$ 10,200
Igneo Global Diversified Infra Fund 
$ 10,000
Brookfield Super-Core Infra Partners 
$ 10,000
DIF Infrastructure VIII 
€ 6,000
GIP Core Fund 
$ 5,000
Wren House Infrastructure LP 
$ 5,000
Stonepeak Core Fund 
$ 5,000
The Morrison & Co Infra Partnership 
$ 3,000
Vauban Core Infrastructure Fund V 
€ 2,500
Swiss Life Global Infra Oppss IV 
€ 2,500
Arjun Infrastructure Alliance Europe 3 
€ 2,500
Harrison Street Infrastructure Fund 
$ 2,500
Meridiam Infrastructure Europe IV 
€ 2,300
Fiera EagleCrest Infrastructure 
$ 2,200
Equitix Fund VII 
£ 1,500
Allianz EU Infra Equity Fund II 
€ 1,500
Federated Hermes Diversified Infra Fund 
£ 1,418
Infranode II 
€ 1,220
Equitix European Infrastructure II 
€ 1,000
MEAG European Infrastructure I 
€ 600
Aberdeen Standard Core Infra III 
€ 585
Fondo ANIA F2i 
€ 516
Schroders Mid Infra Equity II 
€ 500
RiverRock Brownfield Infra Fund II 
€ 400
ACIF Infrastructure II 
€ 396
Reichmuth Infrastructure II CIP 
₣ 320
Macquarie Super Core Infra Series 3 
TBC
EQT Active Core Infrastructure II 
TBC
Infrastructure—Generalist (Core+ 
& Value-Add)
Brookfield Infrastructure Fund V 
$ 28,000
Global Infrastructure Partners V 
$ 25,200
EQT Infrastructure VI 
€ 21,500
KKR Global Infrastructure Investors V 
$ 20,000
Stonepeak Infrastructure Partners V 
$ 15,000
ISQ Global Infrastructure Fund IV 
$ 15,000
Ardian Infrastructure Fund VI 
€ 11,500
Antin Infrastructure Partners V 
€ 10,200
DSE Infratech II 
$ 10,000
Partners Group Direct Infrastructure IV 
$ 8,000
Macquarie European Infra Fund VII 
€ 8,000
InfraVia European Fund VI 
€ 7,500
Macquarie Infrastructure Partners VI 
$ 6,800
DWS Pan-European Infra Fund IV 
$ 4,314
North Haven Infrastructure Partners IV 
$ 4,100
Igneo European Diversified Infra Fund IV 
€ 4,000
West Street Infrastructure Partners IV 
$ 4,000
iCON Infrastructure Partners VII 
$ 3,669
Asterion Industrial Infra Fund III 
€ 3,400
Stonepeak Opportunities Fund 
$ 3,150
ICG Infrastructure Fund II 
€ 3,150
Arcus European Infrastructure Fund 4 
€ 3,000
Basalt Infrastructure Partners IV 
$ 2,700
Northleaf Infra Capital Partners IV 
$ 2,600
Apollo Infra Opportunities Fund III 
$ 2,250
Antin Infrastructure Mid Cap I 
€ 2,200
Tiger Infrastructure Partners Fund IV 
$ 1,500
Investcorp Corsair Infra Partners Fund I 
$ 1,500
InfraRed Infrastructure Fund VII 
$ 1,500
Quaero European Infrastructure Fund III 
€ 1,409
Ancala Infrastructure Fund III 
€ 1,400
Infracapital Greenfield Infra Fund II 
£ 1,250
Infracapital Partners IV 
€ 1,200
Swiss Life Global Infra Opps Growth II 
€ 1,000
UBS Archmore International Infra III 
$ 1,000
Alinda Infrastructure Fund IV 
$ 1,000
Marguerite III 
€ 700
PATRIZIA European Infra Fund III 
€ 600
Ara Infrastructure Fund I 
$ 500
Union Investment Infra Fund II 
€ 442
Meanings Infrastructure Fund 
€ 400
CapMan Nordic Infrastructure II 
€ 375
Aberdeen Global Infra Partners III 
$ 368
DIF Value-Add IV 
TBC
Cube Infrastructure Fund IV 
TBC
Carlyle Global Infra Opportunity Fund II 
TBC
Infrastructure—Renewables and 
Energy Transition (Core+ & Value-
Add)   
ALTÉRRA Acceleration 
$ 30,000
Brookfield Global Transition Fund 2 
$ 20,000
CIP V 
€ 12,000
TPG Rise Climate II 
$ 8,000
BlackRock Global ET Megatrend Fund 
$ 7,500
KKR Global Climate Fund 
$ 7,000
BlackRock Global Renewable Power IV 
$ 7,000
ECP VI 
$ 5,000
Qualitas Energy VI 
€ 3,250
CIP Growth Markets Fund II 
$ 3,000
CIP Energy Transition Fund I 
€ 3,000
Ares Climate Infrastructure Partners II 
$ 3,000
Vision Ridge Sustainable Asset Fund IV 
$ 2,500
ISQ Energy Transition Fund 
$ 2,000
Sandbrook Climate InfraFund II 
$ 2,000
Hy24 Clean H2 Infra Fund 
€ 2,000
Nuveen Clean Energy Fund Europe IV 
€ 2,000
Carlyle R&S Energy Fund II 
$ 1,600
NextPower V ESG 
$ 1,500
Ara Energy Fund 
$ 1,500
Just Climate Fund I 
$ 1,500
HitecVision New Energy Fund II 
€ 1,500
Omnes Capenergie 5 
€ 1,350
Foresight Energy Infra Partners II 
€ 1,250
Infranode II 
€ 1,220
Infragreen V 
€ 1,200
Antin Infrastructure NextGen Fund I 
€ 1,200
Rockland Power Partners V 
$ 1,200
Altor ACT I 
€ 1,129
Pioneer Infrastructure Partners II 
€ 1,100
EIG Energy Transition Fund II 
€ 1,000
Equitix Sustainable Greenfield Fund 
€ 1,000
Frontier Renewables European Fund I 
€ 1,000
Vesper Next Gen Infrastructure Fund I 
€ 800
SUSI Energy Transition Fund (OECD) 
€ 800
CIP Advanced Bioenergy Fund I 
€ 750
Glentra Fund I 
€ 565
Slate Cities and Communities Infra Fund 
$ 550
Alantra Titan Fund 
€ 525
White Summit Decarb Infra Fund II 
€ 500
Reichmuth Next Gen Mobility 
€ 500
Tikehau Green Assets I 
€ 500
Octopus Energy Transition Fund (OETF) 
£ 500
Zouk Capital Fund IV 
€ 500
Equitix UK Electricity Storage Fund 
€ 500
Greencoat Bioenergy I 
£ 500
Everwood Photovoltaic V 
€ 500
FIEE Italian Energy Efficiency Fund III 
€ 400
Algebris Green Transition Fund 
€ 380
Crédit Mutuel Siloé Infrastructures 
€ 350
Capital Dynamics Clean Energy Fund X 
$ 315
Serena Infra II 
€ 300
SC Climate Impact Fund III 
€ 300
KGAL ESPF 6 
€ 250
Andera Smart Infra 
€ 233
Asper Dhuk 
£ 220
EOS Next Transition Fund II 
€ 200
VLC Renewables Fund 1 
€ 200
Niam Infrastructure I 
€ 133
Apollo Clean Transition Equity Partners II 
TBC
Actis Energy 6 
TBC
EQT Transition Infrastructure 
TBC
Blackstone Energy Transition Partners V 
TBC
Eurazeo Transition Infrastructure Fund II 
TBC
Infrastructure—Renewables and 
Energy Transition (Core) 
Stonepeak Global Renewables Fund II 
$ 5,000
EIP Energy Infrastructure III 
€ 4,000
Octopus Energy Offshore Wind 
£ 3,000
AIP V 
€ 3,000
Quinbrook Infra III - Net Zero Fund 
$ 3,000
IFM Core Energy Transition Fund 
$ 3,000
Macquarie Green ET Solutions 
$ 2,400
Mirova Energy Transition 6 
€ 2,200
Luxcara Flaveo V 
€ 2,000
Glenmont Clean Energy Europe IV 
€ 2,000
Macquarie GIG Global Renewables II 
$ 1,940
Reed Sustainable Infrastructure Fund I 
€ 1,500
CMA CGM Pulse 
$ 1,500
Greencoat Renewable Income Fund 
£ 1,000
Prime Green Energy Infra Fund II 
€ 1,000
Ardian Clean Energy Evergreen Fund 
€ 1,000
Gresham House British Sustainable III 
£ 750
Aquila Energy Infrastructure Fund I 
€ 750
HIH Green Energy Invest 
€ 750
SDCL Green Energy Solutions Fund 
€ 650
Taaleri SolarWind III 
€ 600
Encavis Infrastructure Fund V 
€ 600
L&G NTR Clean Power (Europe) Fund 
€ 584
SWEN Impact Fund for Transition 2 
€ 583
Tages Helios Net Zero 
€ 554
Reichmuth Sustainable Infrastructure 
€ 500
Sustainable Growth Infrastructure Fund 
€ 500
CR Institutional Infra Multi-Asset Fund II 
€ 500
Impax New Energy Investors IV 
€ 459
ABN AMRO Sustainable Impact Fund 
€ 425
Vortex Energy IV 
$ 400
NTR Renewable Energy Income Fund II 
€ 306
Épopée Infra Climat I 
€ 300
Conquest Infrastructure Sustainable 2 
€ 250
Demeter Climate Infrastructure Fund 
€ 250
Helia Renovables IV 
€ 213
Modus Clean Energy Infrastructure Fund 
€ 200
ABN AMRO Energy Transition Fund 
€ 200
Notes:
1
Not comprehensive
2
Fund sizes in millions
3
Amounts represent size of last closed fund / target size of current fundraise
4
Based on market intelligence and UBS estimates
Red
Fund in the market
Bold   Current UBS Mandate
"
UBS PFG - Global Funds Coming to Market_Q1 2026.pdf,110,"109
South Korea
• Affirma Capital
KRW500.0bn
• Anchor Equity Partners
1.6bn
• Ark & Partners
150m
• BRV Lotus
850m*
• Crescendo Equity Partners
900m*
• EastBridge Partners
KRW53.7bn
• Genesis Private Equity 
KRW700.0bn*
• Glenwood Private Equity
1.1bn
• H&Q Korea
KRW800.0bn*
• Hahn & Company
3.4bn
• IMM Investment
KRW909.2bn
• IMM Private Equity
1.6bn
• JKL Partners
KRW1.0tn
• Neos Equity Partners
800m*
• Praxis Capital Partners
KRW800.0bn*
• Premier Partners
KRW1.0tn*
• Reverent Partners
200m*
• STIC Investments
2.0bn
• Stonebridge Capital 
488m
• UCK Partners
KRW1.1tn
• VIG Partners
1.0bn*
Asia Market Map
Greater China
• AGIC Capital
1.2bn*
• Ally Bridge Group
300m
• Ascendent Capital Partners
950m
• Auster Capital
650m
• BA Capital
150m*
• Boyu Capital
5.0bn
• BVCF Capital
158m
• CDH Investments
1.5bn
• Centurium Capital
1.5bn
• ClearVue Partners
360m
• CLSA Capital Partners
500m
• CMC Capital Partners
950m
• CPE Funds Management
3.2bn
• DCP Capital
2.6bn
• Eastern Bell Capital
800m
• Firstlight Capital
1.0bn*
• Forebright Capital Management
520m
• FountainVest Partners
2.9bn
• Gaocheng Capital
968m
• GenBridge Capital
400m
• Genesis Capital
630m
• GL Capital
483m
• Highlight Capital
650m
• Hony Capital
2.6bn
• Hopu Investment Management 
2.5bn*
• Hosen Capital
800m
• Huaxing Growth Capital
797m
• Loyal Valley Capital
1.0bn
• Lunar Capital Management
300m
• Maison Capital
RMB1.5bn
• Nexus Point
600m
• Ocean Link
580m
• Oceanpine Capital
400m
• Orchid Asia Group
1.6bn
• Primavera Capital
4.1bn
• Principle Capital
180m
• Trustar Capital
1.3bn
• Trustbridge Partners
1.7bn
• Welkin Capital Management
160m
• YF Capital
2.5bn
Australia
• Adamantem Capital
A$795m
• Advent Partners
A$600m*
• Allegro Private Equity
A$900m*
• Anacacia Capital
A$280m
• Anchorage Capital Partners
A$505m
• Armitage Associates
A$300m
• BGH Capital
A$3.6bn
• Colinton Capital Partners
A$200m
• CPE Capital
A$750m
• Crescent Capital Partners
A$1.0bn
• Five V Capital
TBD
• Genesis Capital
A$350m
• Goldstone Private Equity 
A$250m*
• Nash Capital
A$100m
• Next Capital
A$400m*
• Pacific Equity Partners
A$3.2bn
• Pemba Capital Partners
A$625m
• Potentia Capital 
A$750m*
• Quadrant Private Equity
A$1.2bn
• Seidler Equity Partners
A$260m
• Tasman Capital Partners
A$400m*
• The Riverside Company
A$300m
• Whiteoak
A$200m*
Pan Asia / Regional
• ADV Partners
637m
• Advantage Partners (Asia)
600m*
• Affinity Equity Partners
6.0bn
• Bain Capital
9.0bn*
• Blackstone Group
10.0bn*
• BPEA EQT
12.5bn*
• Capital Square Partners
700m
• Carlyle Group
3.0bn
• CBC Group
1.5bn*
• CDIB Capital
TBD
• CVC Capital Partners
6.8bn
• Gateway Partners
541m
• Hillhouse Investment
8.0bn*
• KKR
15.0bn*
• L Catterton Asia
600m*
• LYFE Capital
1.0bn*
• MBK Partners
5.5bn
• Morgan Stanley Private Equity Asia
800m
• NewQuest Capital Partners
981m
• Olympus Capital Asia
330m
• OrbiMed Advisors
850m*
• PAG Asia Capital
4.0bn
• ShawKwei & Partners
812m
• TPG
5.3bn
• TR Capital Group
401m
• Warburg Pincus (China and SEA)
4.5bn
Japan
• Advantage Partners
¥250.0bn*
• Ant Capital Partners
¥50.0bn
• Aspirant Group
¥86.7bn
• Bain Capital
2.0bn*
• Basic Capital Management
¥40.0bn*
• Bluepass Capital 
¥20.0bn
• Carlyle (Japan)
¥430.0bn
• Corporate Support Research Institute
¥25.0bn
• D Capital
¥67.0bn
• Endeavour United
¥70.0bn*
• Growth Capital of Japan
¥20.1bn
• IA Partners
¥30.0bn
• Integral Corp
¥250.0bn
• iSigma Capital Corporation
¥50.0bn
• Japan Growth Investments Alliance
¥65.0bn
• Japan Industrial Partners
¥300.0bn
• J-Inc 
¥60.0bn
• J-STAR
¥76.8bn
• L Catterton Japan
¥43.0bn
• Longreach Group
¥78.0bn
• Marathon Capital Partners
¥35.0bn
• Marunouchi Capital
¥100.8bn
• Mercuria Investment
¥43.9bn
• New Horizon Capital 
¥25.0bn*
• Nippon Investment Company
¥63.0bn
• Nippon Mirai Capital
¥22.5bn
• NSSK 
¥200.0bn*
• Patience Capital Group
¥30.0bn*
• Polaris Capital Group
¥150.0bn*
• RBG Partners
¥15.5bn
• REVA Corporation
¥33.7bn
• Rising Japan Equity
¥50.0bn*
• Sunrise Capital
500m
• T Capital Partners
¥81.1bn
• Trustar Capital
¥50.0bn*
• Unison Capital
¥80.0bn*
• Yukon Capital Partners
¥11.2bn
India
• Amicus Capital Partners
214m
• Arpwood Partners
300m
• Avataar Ventures Partners
225m
• Baring Private Equity Partners (India)
INR4.0bn
• ChrysCapital
2.2bn
• Convergent Finance
150m*
• Creaegis
425m
• CX Partners
300m*
• EPIQ Capital
225m
• Everstone Group
800m*
• Faering Capital
346m
• Filter Capital India Advisors
98m*
• Gaja Capital Partners
250m
• ICICI Venture
400m
• InvAscent Capital Partners
304m
• Kedaara Capital
1.7bn
• Lighthouse Funds
475m
• Madison India Capital
TBD
• Motilal Oswal
800m*
• Multiples Alternate Asset Management
811m
• Paragon Partners
90m
• Phi Capital
250m*
• Samara Capital
400m*
• Sanaka India Advisors
200m
• SeaLink Capital Partners
250m
• Somerset Indus Capital Partners
275m*
• Tata Capital Private Equity
INR3.0bn*
• True North
800m*
• TVS Capital
INR35.4bn
Southeast Asia
• 10 Bridge Capital
250m*
• AIGF Advisors
126m
• Altair Capital
160m*
• pelago Capital Partners
150m
• Capsquare Asia Partners
250m*
• Creador
930m
• Dymon Asia Private Equity
650m
• Exacta Capital Partners 
320m
• Falcon House Partners
400m
• Growtheum Capital
567m
• Hildrics Capital
S$250m*
• Ikhlas Capital
250m
• KV Asia Capital
300m*
• Lakeshore Capital
250m*
• Lombard Asia
130m
• Mekong Capital
246m
• Morgan Stanley Private Equity Asia
442m
• Navegar 
250m*
• Navis Capital Partners
1.0bn*
• Northstar Group
590m
• Novo Tellus Capital Partners
510m
• PENM Partners
150m*
• PrimeMovers Equity
130m
• Quadria Capital
1.1bn
• Sierra Madre Private Equity
70m
• Southern Capital Group
300m
• Tower Capital Asia
500m*
• UOB Venture Management 
260m
• Vietnam Investments Group
150m*
Notes:
1
Not comprehensive
2
Fund sizes in millions
3
Amounts represent size of last closed fund / target size of current fundraise
4
Based on market intelligence and UBS estimates
Red
Fund in the market
Bold   Current UBS Mandate
"
UBS PFG - Global Funds Coming to Market_Q1 2026.pdf,111,"110
Japan VC
• Boost Capital
¥15.0bn*
• Catalys Pacific
225m
• Coral Capital
¥25.0bn
• DIMENSION
¥10.2bn
• Eight Roads Ventures Japan
¥28.0bn
• Global Brain Corporation
¥32.5bn
• Globis Capital Partners
¥73.0bn
• ICMG Group
100m*
• Incubate
¥25.0bn
• JAFCO (Japan)
¥97.8 bn
• MPower Partners
153m*
• One Capital
¥20.0bn*
• SBI Investment
¥100.0bn
• University of Tokyo Edge Capital Partners
¥30.4bn
• Z Venture Capital
¥30.0bn
Australia / New Zealand VC
• AirTree Ventures
A$650m
• Blackbird
TBD
• Brandon Capital Partners
A$439m
• Five V Capital
A$71m
• Square Peg Capital
350m*
South Korea VC
• Altos Ventures
500m*
• Atinum Investment
660m
• BonAngels
KRW1.2tn
• Forest Partners
100m*
• InterVest
KRW55.0bn
• LB Investment
KRW303.0bn
• Sazze Partners
135m
• SBVA 
KRW188.7bn
• SBVA (Early Stage)
130m*
• Strong Ventures
80m*
Southeast Asia VC
• 500 Global
100m
• AC Ventures
210m
• Alpha JWC Ventures
459m
• Altara Ventures
130m
• Asia Partners 
474m
• Cocoon Capital
50m*
• East Ventures
100m*
• Golden Gate Ventures
120m
• Insignia Ventures Partners
388m
• Integra Partners
90m
• Jungle Ventures
600m*
• Monk's Hill Ventures
200m
• Northstar Group
140m
• Openspace Ventures
163m
• Peak XV Partners
1.2bn*
• Provident Capital Partners
250m
• Qualgro
150m*
• Quest Ventures
50m
• Venturra Capital
50m
• Vertex Ventures
540m
• Vickers Venture Partners
256m
• Wavemaker Partners
150m*
Asia Market Map (cont’d)
India VC
• A91 Partners
665m
• Aavishkaar Capital
150m
• Accel
650m
• Arkam Ventures
180m*
• Ascent Capital
INR24.0bn*
• Athera Venture Partners
120m*
• Blume Ventures
282m
• Chiratae Ventures
250m*
• Elevation Capital
670m
• Fireside Ventures
250m*
• Fulcrum Venture India
100m
• HealthQuad
300m*
• India Quotient
129m*
• Iron Pillar
450m*
• Kalaari Capital
200m*
• Lightbox Ventures
250m*
• Lok Capital
160m
• Marathon Edge Partners
INR7.5bn*
• MegaDelta Capital
250m*
• Nexus Venture Partners
700m*
• Peak Venture Partners
INR7.5bn*
• Peak XV Partners
750m
• Saama Capital
100m
• SIDBI Venture Capital
INR5.0bn*
• Sixth Sense Ventures
300m*
• Sorin Investments
161m
• Stellaris Venture Partners
350m
• Unicorn India Ventures
INR10.0bn*
• WaterBridge Ventures
INR14.0bn*
• Z47 (fka Matrix Partners India)
550m
Greater China VC
• 6 Dimensions Capital
533m
• Aulis Capital 
300m*
• B Capital
235m
• Blue Lake Capital
300m
• Capital Today
500m*
• DCM Ventures
780m
• Decheng Capital
650m
• Enlight Growth Partners
135m
• Gaorong Partners
1.7bn
• GSR Ventures
450m
• H Capital
700m
• Hillhouse Investment
RMB1.0bn
• HongShan
9.0bn
• Hony Capital (Venture)
130m
• IDG Capital 
900m
• INCE Capital
200m*
• Joy Capital
391m
• K2VC
117m
• Legend Capital
500m
• Lightspeed Venture Partners
400m*
• Lilly Asia Ventures
700m
• Long Hill Capital
300m
• Matrix Partners China
1.4bn
• Monolith Management
289m
• MSA Capital
224m
• NIO Capital
380m
• NLVC
354m
• ORI Capital
261m
• Qiming Venture Partners
600m*
• Quan Capital
116m
• Shunwei Capital Partners
1.8bn*
• Sinovation Ventures
153m
• Sky 9 Capital
178m
• Softbank China Venture Capital
152m
• Source Code Capital
420m
• Vertex Ventures China
390m
• Vision Plus Capital
238m
• VitalBridge
275m
• XVC
250m
• YuanBio Venture
250m
• Yunqi Partners
250m
• ZhenFund
399m
Notes:
1
Not comprehensive
2
Fund sizes in millions
3
Amounts represent size of last closed fund / target size of current fundraise
4
Based on market intelligence and UBS estimates
Red
Fund in the market
Bold   Current UBS Mandate
"
UBS PFG - Global Funds Coming to Market_Q1 2026.pdf,112,"111
Disclaimer
By accepting these materials, the recipient agrees to be bound by the following obligations and limitations. 
Purpose.  These materials have been prepared by UBS Securities LLC (""UBS"") for the exclusive use of the party to whom UBS delivers these materials (together with its subsidiaries and affiliates, hereinafter the ""Recipient""). 
 Note: Insert correct UBS legal entity.
No independent verification.  The information in these materials have been obtained from the Recipient and/or other publicly available sources and has not been independently verified by UBS Group AG and/or its subsidiaries, branches or affiliates (together, the ""UBS 
Group"") or any of their respective directors, officers, employees, agents, representatives or advisors (the ""Representatives"") or any other person. 
No representation or warranty.  No representation, warranty, or undertaking, either express or implied, is or will be given by UBS Group or its Representatives as to or in relation to the accuracy, completeness, reliability, or sufficiency of the information contained in these 
materials or as to the reasonableness of any assumption contained in these materials. 
No liability.  By accepting receipt of these materials, the Recipient acknowledges and agrees that to the maximum extent permitted by law and except in the case of fraud, each of UBS Group and its Representatives expressly disclaims any and all liability that may arise from 
these materials, or any other written or oral information provided in connection with these materials, and any errors contained therein and/or omissions therefrom, or from relying on or any use of the contents of these materials or otherwise in connection with these 
materials.  
Forecasts.  The valuations, projections, estimates, forecasts, targets, prospects, returns and/or opinions (including, without limitation, projections of revenue, expense, net income and stock performance) contained herein involve elements of subjective judgment and analysis.  
Any opinions expressed in these materials are subject to change without notice and may differ from or be contrary to opinions expressed by other business areas or groups of UBS Group as a result of using different assumptions and criteria.  These materials may contain 
forward-looking statements. UBS Group gives no undertaking and is under no obligation to update these forward-looking statements for events or circumstances that occur subsequent to the date of these materials. Nothing contained herein is, or shall be relied upon as, a 
promise or representation as to the past or future, or that any of the estimates or projections contained herein will be achieved. 
No duty to update.  These materials speak as at the date hereof (unless an earlier date is otherwise indicated in these materials) and in furnishing these materials, no obligation is undertaken nor is any representation or undertaking given by UBS Group or its Representatives 
to provide the Recipient with additional information or to update, revise or reaffirm the information in these materials or to correct any inaccuracies therein which may become apparent.
Information only. These materials have been prepared solely for informational or educational purposes and do not suggest taking or refraining from any action. They do not constitute or contain an invitation, recommendation, solicitation, or an offer to buy or sell any 
securities or related financial instruments or any of the assets, business, or undertakings described herein, and they do not constitute, and should not be construed as, a proposal, a commitment or an offer to arrange, underwrite, syndicate or otherwise provide any financing 
or any other transaction. 
No advice given.  The Recipient should not construe the contents of these materials as legal, tax, accounting or investment advice or a recommendation. The Recipient should consult its own counsel, tax and financial advisors as to legal and related matters concerning any 
transaction described herein. These materials do not purport to be all-inclusive or to contain all of the information that the Recipient may require or request upon due diligence if it wishes to proceed further. By providing these materials, none of UBS or its Representatives has 
the responsibility or authority to provide or has provided investment advice to the Recipient in a fiduciary capacity or otherwise with regard to the matters contained herein. Options, derivative products and futures are not suitable for all investors, and trading in these 
instruments is considered risky. Past performance is not necessarily indicative of future results. Foreign currency rates of exchange may adversely affect the value, price or income of any security or related financial instrument mentioned in this presentation. These materials do 
not express an opinion as to whether any Recipient should enter into any swap or swap trading strategy that has been described herein by UBS.  UBS is not undertaking to act in the best interests of the Recipient or to act as the advisor to any Recipient that is a Special Entity 
as defined under Section 23.440(a) of the Commodity Exchange Act.  No investment, divestment or other financial decisions or actions should be based on the information in these materials.  These materials should not be viewed as an investment recommendation because it 
is provided as part of the general marketing and advertising activities of UBS.
No distribution.  These materials have been prepared on a confidential basis solely for your use and benefit; provided that you and any of your employees, representatives, or other agents may disclose to any and all persons, without limitation of any kind, the tax treatment 
and tax structure of the transaction and all materials of any kind (including opinions or other tax analyses) that are provided to you relating to such tax treatment and tax structure. Distribution of these materials to any person other than you and those persons retained to 
advise you, who agree to maintain the confidentiality of these materials and be bound by the limitations outlined herein, is unauthorized. UBS Group and suppliers (“Content Providers”) do not guarantee the accuracy, adequacy, completeness, timeliness, or availability of the 
content of these materials and are not responsible for any errors or omissions (negligent or otherwise), regardless of the cause, or for the results obtained from the use of such content in these materials.  In no event shall Content Providers be liable for any damages, costs, 
expenses, legal fees, or losses (including lost income or lost profit and opportunity costs) in connection with any use of the content of these materials.  A reference to a particular investment or security, a rating or any observation concerning an investment that is part of the 
content is not a recommendation to buy, sell or hold such investment or security, does not address the suitability of an investment or security and should not be relied on as investment advice.
Role of UBS.  By accepting these materials, the Recipient acknowledges and agrees that UBS is acting, and will at all times act, as an independent contractor on an arm’s length basis and is not acting, and will not act, in any other capacity, including in a fiduciary capacity, 
with respect to the Recipient.  UBS may only be regarded by the Recipient as acting on Recipient's behalf as financial adviser or otherwise following the execution of appropriate documentation between us on mutually satisfactory terms.
Conflicts of Interest.  UBS Group may from time to time, as principal or agent, be involved in a wide range of commercial banking and investment banking activities globally (including investment advisory, asset management, research, securities issuance, trading (customer 
and proprietary) and brokerage), have long or short positions in, or may trade or make a market in any securities, currencies, financial instruments or other assets underlying the transaction to which these materials relate.  UBS Group’s banking, trading and/or hedging 
activities may have an impact on the price of the underlying asset and may give rise to conflicting interests or duties.  UBS Group may provide services to any member of the same group as the Recipient or any other entity or person (a “Third Party”), engage in any transaction 
(on its own account or otherwise) with respect to the Recipient or a Third Party, or act in relation to any matter for itself or any Third Party, notwithstanding that such services, transactions or actions may be adverse to the Recipient or any member of its group, and UBS Group 
may retain for its own benefit any related remuneration or profit.
Research.  These materials may contain references to research produced by UBS Group.  Research is produced for the benefit of the firm’s investing clients.  The primary objectives of each analyst in the research department are:  to analyze the securities, companies, industries 
and countries they cover and forecast their financial and economic performance; as a result, to form opinions on the value and future behavior of securities issued by the companies they cover; and to convey that information to UBS Group’s investing clients.  Each issuer is 
covered by the Research Department at its sole discretion.  The Research Department produces research independently of other business areas and groups of UBS Group. 
UBS specifically prohibits the redistribution or reproduction of these materials in whole or in part without the prior written permission of UBS and UBS accepts no liability whatsoever for the actions of third parties in this respect.    
© UBS 2026.  The key symbol and UBS are among the registered and unregistered trademarks of UBS.  All rights reserved. 
"
UBS PFG - Global Funds Coming to Market_Q1 2026.pdf,113,"112
www.ubs.com
UBS Investment Bank is a business group of UBS AG
UBS Limited is a subsidiary of UBS AG
UBS Securities LLC is a subsidiary of UBS AG
Contact Information
UBS Private Funds Group
11 Madison Ave 
New York, NY 10010
Tel.: +1-212-821-3000
"
